athlete_id,date,time_s,heart_rate_bpm,speed_kmh
A001,2026-11-09,0,85.0,0.94
A001,2026-11-09,1,80.0,2.84
A001,2026-11-09,2,80.0,2.58
A001,2026-11-09,3,81.0,3.45
A001,2026-11-09,4,83.0,1.17
A001,2026-11-09,5,82.0,2.87
A001,2026-11-09,6,81.0,2.04
A001,2026-11-09,7,81.0,2.48
A001,2026-11-09,8,81.0,1.01
A001,2026-11-09,9,81.0,2.88
A001,2026-11-09,10,87.0,2.47
A001,2026-11-09,11,83.0,1.98
A001,2026-11-09,12,84.0,2.39
A001,2026-11-09,13,81.0,1.54
A001,2026-11-09,14,82.0,1.65
A001,2026-11-09,15,81.0,1.72
A001,2026-11-09,16,77.0,0.89
A001,2026-11-09,17,80.0,2.52
A001,2026-11-09,18,79.0,2.71
A001,2026-11-09,19,78.0,1.58
A001,2026-11-09,20,80.0,2.21
A001,2026-11-09,21,85.0,1.84
A001,2026-11-09,22,82.0,2.2
A001,2026-11-09,23,85.0,1.62
A001,2026-11-09,24,83.0,1.47
A001,2026-11-09,25,84.0,2.63
A001,2026-11-09,26,81.0,1.96
A001,2026-11-09,27,83.0,3.21
A001,2026-11-09,28,84.0,2.03
A001,2026-11-09,29,81.0,1.44
A001,2026-11-09,30,84.0,2.74
A001,2026-11-09,31,84.0,2.38
A001,2026-11-09,32,81.0,2.44
A001,2026-11-09,33,80.0,2.71
A001,2026-11-09,34,80.0,1.61
A001,2026-11-09,35,83.0,1.92
A001,2026-11-09,36,83.0,1.9
A001,2026-11-09,37,81.0,1.23
A001,2026-11-09,38,82.0,1.84
A001,2026-11-09,39,84.0,2.8
A001,2026-11-09,40,84.0,2.14
A001,2026-11-09,41,86.0,1.19
A001,2026-11-09,42,85.0,1.07
A001,2026-11-09,43,80.0,3.0
A001,2026-11-09,44,86.0,1.95
A001,2026-11-09,45,81.0,1.61
A001,2026-11-09,46,84.0,1.84
A001,2026-11-09,47,83.0,1.11
A001,2026-11-09,48,82.0,2.85
A001,2026-11-09,49,79.0,1.76
A001,2026-11-09,50,82.0,2.82
A001,2026-11-09,51,79.0,2.03
A001,2026-11-09,52,84.0,2.86
A001,2026-11-09,53,85.0,2.15
A001,2026-11-09,54,81.0,2.51
A001,2026-11-09,55,83.0,2.43
A001,2026-11-09,56,81.0,2.37
A001,2026-11-09,57,81.0,2.21
A001,2026-11-09,58,84.0,1.86
A001,2026-11-09,59,82.0,3.15
A001,2026-11-09,60,86.0,1.46
A001,2026-11-09,61,81.0,2.0
A001,2026-11-09,62,84.0,2.01
A001,2026-11-09,63,83.0,2.24
A001,2026-11-09,64,84.0,1.74
A001,2026-11-09,65,82.0,2.19
A001,2026-11-09,66,82.0,1.9
A001,2026-11-09,67,82.0,1.05
A001,2026-11-09,68,81.0,2.01
A001,2026-11-09,69,84.0,1.34
A001,2026-11-09,70,84.0,0.96
A001,2026-11-09,71,84.0,2.08
A001,2026-11-09,72,85.0,2.29
A001,2026-11-09,73,85.0,2.32
A001,2026-11-09,74,82.0,2.34
A001,2026-11-09,75,83.0,0.84
A001,2026-11-09,76,81.0,1.18
A001,2026-11-09,77,82.0,3.18
A001,2026-11-09,78,81.0,1.37
A001,2026-11-09,79,86.0,2.37
A001,2026-11-09,80,83.0,1.59
A001,2026-11-09,81,82.0,2.05
A001,2026-11-09,82,85.0,1.62
A001,2026-11-09,83,78.0,2.34
A001,2026-11-09,84,78.0,2.08
A001,2026-11-09,85,84.0,1.73
A001,2026-11-09,86,83.0,1.37
A001,2026-11-09,87,83.0,2.16
A001,2026-11-09,88,80.0,1.27
A001,2026-11-09,89,83.0,2.26
A001,2026-11-09,90,,3.58
A001,2026-11-09,91,86.0,2.81
A001,2026-11-09,92,85.0,2.43
A001,2026-11-09,93,84.0,1.95
A001,2026-11-09,94,84.0,0.84
A001,2026-11-09,95,81.0,1.21
A001,2026-11-09,96,86.0,2.77
A001,2026-11-09,97,87.0,1.53
A001,2026-11-09,98,83.0,1.58
A001,2026-11-09,99,85.0,1.9
A001,2026-11-09,100,84.0,1.36
A001,2026-11-09,101,85.0,1.26
A001,2026-11-09,102,87.0,1.97
A001,2026-11-09,103,83.0,1.47
A001,2026-11-09,104,89.0,1.56
A001,2026-11-09,105,89.0,1.53
A001,2026-11-09,106,88.0,2.31
A001,2026-11-09,107,84.0,1.86
A001,2026-11-09,108,87.0,1.89
A001,2026-11-09,109,92.0,2.36
A001,2026-11-09,110,84.0,1.91
A001,2026-11-09,111,89.0,1.83
A001,2026-11-09,112,88.0,2.28
A001,2026-11-09,113,92.0,2.4
A001,2026-11-09,114,89.0,1.91
A001,2026-11-09,115,92.0,2.05
A001,2026-11-09,116,92.0,1.53
A001,2026-11-09,117,95.0,1.48
A001,2026-11-09,118,91.0,2.46
A001,2026-11-09,119,93.0,2.27
A001,2026-11-09,120,89.0,2.27
A001,2026-11-09,121,95.0,2.17
A001,2026-11-09,122,91.0,2.03
A001,2026-11-09,123,92.0,2.42
A001,2026-11-09,124,93.0,2.56
A001,2026-11-09,125,91.0,2.55
A001,2026-11-09,126,94.0,1.94
A001,2026-11-09,127,96.0,2.83
A001,2026-11-09,128,95.0,2.14
A001,2026-11-09,129,92.0,2.38
A001,2026-11-09,130,95.0,2.17
A001,2026-11-09,131,97.0,2.15
A001,2026-11-09,132,92.0,1.56
A001,2026-11-09,133,94.0,2.42
A001,2026-11-09,134,98.0,3.71
A001,2026-11-09,135,97.0,1.78
A001,2026-11-09,136,97.0,2.04
A001,2026-11-09,137,101.0,1.73
A001,2026-11-09,138,98.0,1.71
A001,2026-11-09,139,99.0,2.93
A001,2026-11-09,140,103.0,1.6
A001,2026-11-09,141,98.0,1.72
A001,2026-11-09,142,97.0,1.05
A001,2026-11-09,143,99.0,1.55
A001,2026-11-09,144,100.0,0.97
A001,2026-11-09,145,98.0,2.38
A001,2026-11-09,146,97.0,3.68
A001,2026-11-09,147,104.0,1.78
A001,2026-11-09,148,100.0,1.0
A001,2026-11-09,149,98.0,2.54
A001,2026-11-09,150,102.0,1.56
A001,2026-11-09,151,100.0,2.78
A001,2026-11-09,152,100.0,1.83
A001,2026-11-09,153,102.0,1.62
A001,2026-11-09,154,99.0,1.89
A001,2026-11-09,155,102.0,2.45
A001,2026-11-09,156,105.0,1.86
A001,2026-11-09,157,103.0,1.7
A001,2026-11-09,158,101.0,1.88
A001,2026-11-09,159,101.0,1.24
A001,2026-11-09,160,102.0,2.24
A001,2026-11-09,161,102.0,0.93
A001,2026-11-09,162,102.0,1.73
A001,2026-11-09,163,105.0,2.46
A001,2026-11-09,164,100.0,2.18
A001,2026-11-09,165,105.0,2.35
A001,2026-11-09,166,103.0,1.96
A001,2026-11-09,167,105.0,2.7
A001,2026-11-09,168,102.0,2.55
A001,2026-11-09,169,107.0,2.27
A001,2026-11-09,170,107.0,2.56
A001,2026-11-09,171,107.0,2.45
A001,2026-11-09,172,102.0,1.74
A001,2026-11-09,173,107.0,1.19
A001,2026-11-09,174,106.0,2.25
A001,2026-11-09,175,102.0,2.33
A001,2026-11-09,176,106.0,2.65
A001,2026-11-09,177,107.0,1.44
A001,2026-11-09,178,107.0,1.46
A001,2026-11-09,179,107.0,2.28
A001,2026-11-09,180,107.0,1.96
A001,2026-11-09,181,109.0,0.87
A001,2026-11-09,182,109.0,2.23
A001,2026-11-09,183,101.0,0.89
A001,2026-11-09,184,106.0,1.43
A001,2026-11-09,185,107.0,2.81
A001,2026-11-09,186,104.0,3.09
A001,2026-11-09,187,108.0,1.27
A001,2026-11-09,188,110.0,1.8
A001,2026-11-09,189,106.0,2.03
A001,2026-11-09,190,109.0,3.07
A001,2026-11-09,191,106.0,1.7
A001,2026-11-09,192,107.0,1.71
A001,2026-11-09,193,111.0,2.93
A001,2026-11-09,194,107.0,1.78
A001,2026-11-09,195,110.0,2.43
A001,2026-11-09,196,105.0,1.11
A001,2026-11-09,197,113.0,1.9
A001,2026-11-09,198,110.0,1.0
A001,2026-11-09,199,109.0,1.37
A001,2026-11-09,200,111.0,2.5
A001,2026-11-09,201,107.0,1.97
A001,2026-11-09,202,112.0,1.81
A001,2026-11-09,203,109.0,1.55
A001,2026-11-09,204,109.0,1.87
A001,2026-11-09,205,109.0,2.18
A001,2026-11-09,206,109.0,2.59
A001,2026-11-09,207,112.0,0.42
A001,2026-11-09,208,111.0,1.5
A001,2026-11-09,209,112.0,2.1
A001,2026-11-09,210,111.0,1.94
A001,2026-11-09,211,112.0,2.24
A001,2026-11-09,212,110.0,2.16
A001,2026-11-09,213,115.0,1.82
A001,2026-11-09,214,108.0,1.68
A001,2026-11-09,215,114.0,1.85
A001,2026-11-09,216,114.0,2.69
A001,2026-11-09,217,110.0,1.56
A001,2026-11-09,218,116.0,1.96
A001,2026-11-09,219,114.0,2.11
A001,2026-11-09,220,114.0,2.94
A001,2026-11-09,221,112.0,1.82
A001,2026-11-09,222,111.0,2.58
A001,2026-11-09,223,112.0,2.74
A001,2026-11-09,224,113.0,1.96
A001,2026-11-09,225,115.0,1.87
A001,2026-11-09,226,113.0,1.8
A001,2026-11-09,227,111.0,1.85
A001,2026-11-09,228,114.0,2.51
A001,2026-11-09,229,114.0,2.14
A001,2026-11-09,230,114.0,2.14
A001,2026-11-09,231,114.0,1.32
A001,2026-11-09,232,112.0,1.42
A001,2026-11-09,233,111.0,3.29
A001,2026-11-09,234,111.0,1.89
A001,2026-11-09,235,110.0,1.54
A001,2026-11-09,236,114.0,2.86
A001,2026-11-09,237,113.0,2.17
A001,2026-11-09,238,113.0,2.35
A001,2026-11-09,239,108.0,1.92
A001,2026-11-09,240,111.0,1.81
A001,2026-11-09,241,116.0,1.9
A001,2026-11-09,242,113.0,1.17
A001,2026-11-09,243,115.0,1.95
A001,2026-11-09,244,111.0,2.18
A001,2026-11-09,245,117.0,3.11
A001,2026-11-09,246,114.0,2.05
A001,2026-11-09,247,115.0,0.6
A001,2026-11-09,248,119.0,1.94
A001,2026-11-09,249,118.0,3.64
A001,2026-11-09,250,114.0,2.52
A001,2026-11-09,251,114.0,1.51
A001,2026-11-09,252,115.0,2.35
A001,2026-11-09,253,116.0,1.55
A001,2026-11-09,254,115.0,1.19
A001,2026-11-09,255,115.0,1.79
A001,2026-11-09,256,119.0,2.05
A001,2026-11-09,257,116.0,0.88
A001,2026-11-09,258,121.0,1.31
A001,2026-11-09,259,116.0,2.01
A001,2026-11-09,260,120.0,1.76
A001,2026-11-09,261,117.0,2.24
A001,2026-11-09,262,118.0,1.29
A001,2026-11-09,263,115.0,2.46
A001,2026-11-09,264,115.0,1.35
A001,2026-11-09,265,118.0,3.06
A001,2026-11-09,266,119.0,1.07
A001,2026-11-09,267,117.0,1.47
A001,2026-11-09,268,115.0,2.4
A001,2026-11-09,269,115.0,3.17
A001,2026-11-09,270,115.0,2.38
A001,2026-11-09,271,114.0,2.56
A001,2026-11-09,272,118.0,2.26
A001,2026-11-09,273,120.0,1.65
A001,2026-11-09,274,118.0,2.0
A001,2026-11-09,275,114.0,1.59
A001,2026-11-09,276,118.0,1.58
A001,2026-11-09,277,119.0,2.62
A001,2026-11-09,278,123.0,1.73
A001,2026-11-09,279,116.0,2.62
A001,2026-11-09,280,119.0,1.68
A001,2026-11-09,281,123.0,2.67
A001,2026-11-09,282,121.0,2.23
A001,2026-11-09,283,121.0,3.39
A001,2026-11-09,284,121.0,2.77
A001,2026-11-09,285,121.0,3.35
A001,2026-11-09,286,122.0,2.19
A001,2026-11-09,287,119.0,2.71
A001,2026-11-09,288,123.0,2.12
A001,2026-11-09,289,119.0,2.49
A001,2026-11-09,290,122.0,2.62
A001,2026-11-09,291,122.0,2.37
A001,2026-11-09,292,121.0,2.11
A001,2026-11-09,293,122.0,2.03
A001,2026-11-09,294,121.0,1.51
A001,2026-11-09,295,121.0,2.32
A001,2026-11-09,296,122.0,3.36
A001,2026-11-09,297,121.0,2.07
A001,2026-11-09,298,124.0,2.24
A001,2026-11-09,299,122.0,4.18
A001,2026-11-09,300,126.0,2.76
A001,2026-11-09,301,122.0,3.37
A001,2026-11-09,302,124.0,3.61
A001,2026-11-09,303,124.0,3.66
A001,2026-11-09,304,128.0,2.39
A001,2026-11-09,305,126.0,3.21
A001,2026-11-09,306,,2.42
A001,2026-11-09,307,127.0,4.9
A001,2026-11-09,308,122.0,2.52
A001,2026-11-09,309,127.0,2.89
A001,2026-11-09,310,131.0,2.94
A001,2026-11-09,311,128.0,2.71
A001,2026-11-09,312,128.0,4.47
A001,2026-11-09,313,129.0,5.16
A001,2026-11-09,314,130.0,3.47
A001,2026-11-09,315,125.0,3.01
A001,2026-11-09,316,126.0,2.5
A001,2026-11-09,317,130.0,3.75
A001,2026-11-09,318,128.0,3.75
A001,2026-11-09,319,133.0,3.6
A001,2026-11-09,320,130.0,4.18
A001,2026-11-09,321,127.0,4.33
A001,2026-11-09,322,128.0,4.34
A001,2026-11-09,323,126.0,4.01
A001,2026-11-09,324,131.0,3.59
A001,2026-11-09,325,132.0,4.7
A001,2026-11-09,326,132.0,4.36
A001,2026-11-09,327,135.0,4.94
A001,2026-11-09,328,136.0,4.94
A001,2026-11-09,329,133.0,3.67
A001,2026-11-09,330,130.0,3.71
A001,2026-11-09,331,136.0,4.18
A001,2026-11-09,332,136.0,4.05
A001,2026-11-09,333,136.0,5.19
A001,2026-11-09,334,137.0,5.01
A001,2026-11-09,335,133.0,5.51
A001,2026-11-09,336,140.0,5.15
A001,2026-11-09,337,135.0,5.1
A001,2026-11-09,338,138.0,5.75
A001,2026-11-09,339,134.0,5.37
A001,2026-11-09,340,136.0,5.19
A001,2026-11-09,341,141.0,6.09
A001,2026-11-09,342,138.0,5.33
A001,2026-11-09,343,141.0,5.14
A001,2026-11-09,344,140.0,4.88
A001,2026-11-09,345,140.0,5.87
A001,2026-11-09,346,143.0,6.25
A001,2026-11-09,347,140.0,5.54
A001,2026-11-09,348,138.0,6.41
A001,2026-11-09,349,140.0,4.51
A001,2026-11-09,350,143.0,5.72
A001,2026-11-09,351,143.0,5.79
A001,2026-11-09,352,140.0,5.44
A001,2026-11-09,353,142.0,7.37
A001,2026-11-09,354,142.0,5.96
A001,2026-11-09,355,143.0,5.82
A001,2026-11-09,356,142.0,6.14
A001,2026-11-09,357,144.0,4.99
A001,2026-11-09,358,144.0,5.8
A001,2026-11-09,359,147.0,6.91
A001,2026-11-09,360,148.0,6.0
A001,2026-11-09,361,146.0,5.94
A001,2026-11-09,362,146.0,7.29
A001,2026-11-09,363,148.0,7.37
A001,2026-11-09,364,146.0,6.94
A001,2026-11-09,365,146.0,6.42
A001,2026-11-09,366,147.0,6.61
A001,2026-11-09,367,148.0,6.34
A001,2026-11-09,368,147.0,6.29
A001,2026-11-09,369,150.0,6.32
A001,2026-11-09,370,152.0,6.64
A001,2026-11-09,371,148.0,6.45
A001,2026-11-09,372,151.0,6.2
A001,2026-11-09,373,151.0,7.33
A001,2026-11-09,374,153.0,7.4
A001,2026-11-09,375,153.0,8.35
A001,2026-11-09,376,150.0,6.99
A001,2026-11-09,377,151.0,7.63
A001,2026-11-09,378,154.0,7.7
A001,2026-11-09,379,156.0,7.42
A001,2026-11-09,380,150.0,8.08
A001,2026-11-09,381,156.0,8.16
A001,2026-11-09,382,158.0,7.95
A001,2026-11-09,383,156.0,7.67
A001,2026-11-09,384,157.0,7.67
A001,2026-11-09,385,155.0,7.12
A001,2026-11-09,386,157.0,7.52
A001,2026-11-09,387,154.0,7.69
A001,2026-11-09,388,153.0,7.44
A001,2026-11-09,389,160.0,8.44
A001,2026-11-09,390,157.0,8.95
A001,2026-11-09,391,158.0,7.75
A001,2026-11-09,392,157.0,8.52
A001,2026-11-09,393,157.0,7.79
A001,2026-11-09,394,160.0,8.28
A001,2026-11-09,395,159.0,8.11
A001,2026-11-09,396,162.0,8.94
A001,2026-11-09,397,162.0,8.23
A001,2026-11-09,398,163.0,9.29
A001,2026-11-09,399,163.0,8.59
A001,2026-11-09,400,166.0,8.41
A001,2026-11-09,401,161.0,8.1
A001,2026-11-09,402,163.0,9.05
A001,2026-11-09,403,166.0,9.49
A001,2026-11-09,404,167.0,9.17
A001,2026-11-09,405,162.0,10.4
A001,2026-11-09,406,164.0,9.96
A001,2026-11-09,407,168.0,8.97
A001,2026-11-09,408,166.0,9.01
A001,2026-11-09,409,166.0,9.54
A001,2026-11-09,410,166.0,8.8
A001,2026-11-09,411,166.0,10.05
A001,2026-11-09,412,167.0,9.61
A001,2026-11-09,413,166.0,9.6
A001,2026-11-09,414,167.0,9.9
A001,2026-11-09,415,168.0,10.57
A001,2026-11-09,416,167.0,9.68
A001,2026-11-09,417,169.0,9.55
A001,2026-11-09,418,174.0,10.57
A001,2026-11-09,419,165.0,10.28
A001,2026-11-09,420,170.0,9.55
A001,2026-11-09,421,168.0,9.79
A001,2026-11-09,422,171.0,9.94
A001,2026-11-09,423,170.0,10.08
A001,2026-11-09,424,172.0,9.09
A001,2026-11-09,425,173.0,9.01
A001,2026-11-09,426,171.0,9.44
A001,2026-11-09,427,173.0,9.43
A001,2026-11-09,428,166.0,9.66
A001,2026-11-09,429,175.0,10.46
A001,2026-11-09,430,172.0,10.01
A001,2026-11-09,431,174.0,10.26
A001,2026-11-09,432,170.0,9.44
A001,2026-11-09,433,171.0,9.93
A001,2026-11-09,434,173.0,10.59
A001,2026-11-09,435,173.0,10.62
A001,2026-11-09,436,173.0,9.86
A001,2026-11-09,437,175.0,10.42
A001,2026-11-09,438,170.0,11.67
A001,2026-11-09,439,175.0,10.37
A001,2026-11-09,440,174.0,9.99
A001,2026-11-09,441,173.0,10.32
A001,2026-11-09,442,171.0,10.5
A001,2026-11-09,443,175.0,10.38
A001,2026-11-09,444,169.0,10.48
A001,2026-11-09,445,176.0,9.65
A001,2026-11-09,446,171.0,9.96
A001,2026-11-09,447,175.0,10.47
A001,2026-11-09,448,174.0,10.48
A001,2026-11-09,449,177.0,10.25
A001,2026-11-09,450,175.0,10.5
A001,2026-11-09,451,174.0,10.66
A001,2026-11-09,452,174.0,11.18
A001,2026-11-09,453,178.0,10.6
A001,2026-11-09,454,176.0,10.91
A001,2026-11-09,455,175.0,10.36
A001,2026-11-09,456,175.0,11.04
A001,2026-11-09,457,173.0,10.94
A001,2026-11-09,458,176.0,11.24
A001,2026-11-09,459,172.0,11.16
A001,2026-11-09,460,177.0,11.1
A001,2026-11-09,461,176.0,10.69
A001,2026-11-09,462,181.0,10.91
A001,2026-11-09,463,174.0,11.41
A001,2026-11-09,464,176.0,10.39
A001,2026-11-09,465,180.0,10.41
A001,2026-11-09,466,179.0,10.9
A001,2026-11-09,467,175.0,11.05
A001,2026-11-09,468,177.0,10.31
A001,2026-11-09,469,176.0,10.76
A001,2026-11-09,470,177.0,10.75
A001,2026-11-09,471,175.0,9.48
A001,2026-11-09,472,176.0,10.68
A001,2026-11-09,473,173.0,10.72
A001,2026-11-09,474,177.0,10.72
A001,2026-11-09,475,,11.67
A001,2026-11-09,476,176.0,10.09
A001,2026-11-09,477,173.0,10.32
A001,2026-11-09,478,178.0,9.25
A001,2026-11-09,479,177.0,10.53
A001,2026-11-09,480,175.0,10.58
A001,2026-11-09,481,176.0,10.47
A001,2026-11-09,482,173.0,11.41
A001,2026-11-09,483,174.0,11.22
A001,2026-11-09,484,174.0,10.71
A001,2026-11-09,485,178.0,10.41
A001,2026-11-09,486,174.0,11.21
A001,2026-11-09,487,176.0,10.54
A001,2026-11-09,488,173.0,10.02
A001,2026-11-09,489,175.0,9.45
A001,2026-11-09,490,173.0,10.17
A001,2026-11-09,491,175.0,10.85
A001,2026-11-09,492,172.0,11.72
A001,2026-11-09,493,170.0,10.36
A001,2026-11-09,494,170.0,9.82
A001,2026-11-09,495,171.0,9.53
A001,2026-11-09,496,170.0,10.53
A001,2026-11-09,497,173.0,9.11
A001,2026-11-09,498,171.0,10.46
A001,2026-11-09,499,176.0,10.58
A001,2026-11-09,500,168.0,10.31
A001,2026-11-09,501,171.0,9.88
A001,2026-11-09,502,168.0,10.31
A001,2026-11-09,503,169.0,10.04
A001,2026-11-09,504,170.0,9.43
A001,2026-11-09,505,165.0,10.97
A001,2026-11-09,506,170.0,9.61
A001,2026-11-09,507,173.0,10.25
A001,2026-11-09,508,168.0,8.29
A001,2026-11-09,509,169.0,10.47
A001,2026-11-09,510,171.0,10.55
A001,2026-11-09,511,168.0,9.65
A001,2026-11-09,512,167.0,9.93
A001,2026-11-09,513,163.0,9.9
A001,2026-11-09,514,169.0,9.14
A001,2026-11-09,515,167.0,9.82
A001,2026-11-09,516,165.0,8.97
A001,2026-11-09,517,167.0,9.06
A001,2026-11-09,518,165.0,10.06
A001,2026-11-09,519,165.0,9.94
A001,2026-11-09,520,167.0,8.9
A001,2026-11-09,521,163.0,8.85
A001,2026-11-09,522,168.0,8.87
A001,2026-11-09,523,163.0,9.66
A001,2026-11-09,524,164.0,8.59
A001,2026-11-09,525,169.0,9.38
A001,2026-11-09,526,167.0,9.58
A001,2026-11-09,527,165.0,9.05
A001,2026-11-09,528,163.0,9.68
A001,2026-11-09,529,163.0,8.86
A001,2026-11-09,530,164.0,8.89
A001,2026-11-09,531,164.0,8.4
A001,2026-11-09,532,164.0,9.57
A001,2026-11-09,533,164.0,8.48
A001,2026-11-09,534,163.0,9.12
A001,2026-11-09,535,160.0,8.84
A001,2026-11-09,536,162.0,8.23
A001,2026-11-09,537,165.0,8.47
A001,2026-11-09,538,160.0,9.65
A001,2026-11-09,539,162.0,8.92
A001,2026-11-09,540,161.0,8.17
A001,2026-11-09,541,163.0,8.94
A001,2026-11-09,542,161.0,8.65
A001,2026-11-09,543,165.0,10.79
A001,2026-11-09,544,163.0,8.87
A001,2026-11-09,545,159.0,8.45
A001,2026-11-09,546,163.0,9.51
A001,2026-11-09,547,160.0,7.54
A001,2026-11-09,548,160.0,8.69
A001,2026-11-09,549,162.0,9.81
A001,2026-11-09,550,160.0,8.53
A001,2026-11-09,551,163.0,7.55
A001,2026-11-09,552,160.0,8.34
A001,2026-11-09,553,160.0,9.44
A001,2026-11-09,554,160.0,8.78
A001,2026-11-09,555,160.0,8.04
A001,2026-11-09,556,163.0,8.13
A001,2026-11-09,557,162.0,8.2
A001,2026-11-09,558,164.0,8.74
A001,2026-11-09,559,165.0,9.32
A001,2026-11-09,560,159.0,9.14
A001,2026-11-09,561,161.0,8.78
A001,2026-11-09,562,158.0,7.71
A001,2026-11-09,563,159.0,7.71
A001,2026-11-09,564,159.0,8.82
A001,2026-11-09,565,158.0,7.69
A001,2026-11-09,566,158.0,8.36
A001,2026-11-09,567,160.0,8.68
A001,2026-11-09,568,158.0,7.82
A001,2026-11-09,569,162.0,7.89
A001,2026-11-09,570,159.0,8.45
A001,2026-11-09,571,166.0,8.82
A001,2026-11-09,572,160.0,9.16
A001,2026-11-09,573,161.0,8.89
A001,2026-11-09,574,158.0,8.58
A001,2026-11-09,575,164.0,8.09
A001,2026-11-09,576,163.0,7.9
A001,2026-11-09,577,162.0,8.25
A001,2026-11-09,578,158.0,8.81
A001,2026-11-09,579,162.0,8.78
A001,2026-11-09,580,159.0,7.33
A001,2026-11-09,581,164.0,8.13
A001,2026-11-09,582,163.0,9.34
A001,2026-11-09,583,162.0,8.68
A001,2026-11-09,584,157.0,7.8
A001,2026-11-09,585,160.0,10.08
A001,2026-11-09,586,163.0,8.66
A001,2026-11-09,587,164.0,8.93
A001,2026-11-09,588,164.0,8.95
A001,2026-11-09,589,159.0,8.51
A001,2026-11-09,590,163.0,8.32
A001,2026-11-09,591,164.0,10.05
A001,2026-11-09,592,159.0,9.4
A001,2026-11-09,593,163.0,9.31
A001,2026-11-09,594,163.0,9.19
A001,2026-11-09,595,162.0,8.26
A001,2026-11-09,596,160.0,9.65
A001,2026-11-09,597,163.0,8.41
A001,2026-11-09,598,163.0,9.11
A001,2026-11-09,599,163.0,7.98
A001,2026-11-09,600,163.0,7.77
A001,2026-11-09,601,163.0,9.21
A001,2026-11-09,602,164.0,8.56
A001,2026-11-09,603,165.0,7.88
A001,2026-11-09,604,164.0,9.43
A001,2026-11-09,605,164.0,10.4
A001,2026-11-09,606,165.0,10.0
A001,2026-11-09,607,161.0,9.04
A001,2026-11-09,608,166.0,9.23
A001,2026-11-09,609,166.0,9.79
A001,2026-11-09,610,166.0,9.96
A001,2026-11-09,611,168.0,9.12
A001,2026-11-09,612,163.0,9.38
A001,2026-11-09,613,163.0,9.57
A001,2026-11-09,614,167.0,9.75
A001,2026-11-09,615,167.0,9.38
A001,2026-11-09,616,168.0,9.42
A001,2026-11-09,617,167.0,10.35
A001,2026-11-09,618,169.0,10.29
A001,2026-11-09,619,170.0,9.88
A001,2026-11-09,620,169.0,10.67
A001,2026-11-09,621,168.0,9.44
A001,2026-11-09,622,165.0,10.68
A001,2026-11-09,623,171.0,10.07
A001,2026-11-09,624,172.0,11.74
A001,2026-11-09,625,171.0,9.1
A001,2026-11-09,626,168.0,9.44
A001,2026-11-09,627,171.0,10.15
A001,2026-11-09,628,172.0,10.17
A001,2026-11-09,629,174.0,11.14
A001,2026-11-09,630,169.0,9.61
A001,2026-11-09,631,171.0,10.59
A001,2026-11-09,632,173.0,10.79
A001,2026-11-09,633,172.0,10.55
A001,2026-11-09,634,170.0,9.59
A001,2026-11-09,635,173.0,11.05
A001,2026-11-09,636,174.0,10.98
A001,2026-11-09,637,173.0,10.64
A001,2026-11-09,638,173.0,10.44
A001,2026-11-09,639,173.0,10.5
A001,2026-11-09,640,176.0,10.35
A001,2026-11-09,641,172.0,10.82
A001,2026-11-09,642,173.0,10.49
A001,2026-11-09,643,174.0,10.01
A001,2026-11-09,644,176.0,9.92
A001,2026-11-09,645,172.0,10.14
A001,2026-11-09,646,172.0,10.76
A001,2026-11-09,647,171.0,10.65
A001,2026-11-09,648,176.0,10.83
A001,2026-11-09,649,174.0,11.04
A001,2026-11-09,650,175.0,10.4
A001,2026-11-09,651,178.0,11.7
A001,2026-11-09,652,175.0,10.69
A001,2026-11-09,653,177.0,10.63
A001,2026-11-09,654,176.0,11.21
A001,2026-11-09,655,179.0,9.86
A001,2026-11-09,656,179.0,10.52
A001,2026-11-09,657,176.0,11.62
A001,2026-11-09,658,178.0,10.02
A001,2026-11-09,659,180.0,11.77
A001,2026-11-09,660,179.0,12.04
A001,2026-11-09,661,176.0,10.95
A001,2026-11-09,662,180.0,11.38
A001,2026-11-09,663,177.0,11.9
A001,2026-11-09,664,182.0,10.98
A001,2026-11-09,665,182.0,11.82
A001,2026-11-09,666,180.0,10.92
A001,2026-11-09,667,180.0,11.07
A001,2026-11-09,668,180.0,10.91
A001,2026-11-09,669,182.0,11.62
A001,2026-11-09,670,180.0,12.14
A001,2026-11-09,671,181.0,11.36
A001,2026-11-09,672,183.0,10.74
A001,2026-11-09,673,180.0,10.88
A001,2026-11-09,674,180.0,11.79
A001,2026-11-09,675,179.0,12.69
A001,2026-11-09,676,180.0,11.84
A001,2026-11-09,677,178.0,11.4
A001,2026-11-09,678,183.0,12.11
A001,2026-11-09,679,186.0,11.53
A001,2026-11-09,680,185.0,11.47
A001,2026-11-09,681,179.0,11.14
A001,2026-11-09,682,184.0,12.58
A001,2026-11-09,683,186.0,10.24
A001,2026-11-09,684,182.0,12.26
A001,2026-11-09,685,183.0,11.52
A001,2026-11-09,686,179.0,11.57
A001,2026-11-09,687,184.0,12.85
A001,2026-11-09,688,181.0,11.42
A001,2026-11-09,689,184.0,11.46
A001,2026-11-09,690,180.0,11.8
A001,2026-11-09,691,185.0,12.14
A001,2026-11-09,692,186.0,11.64
A001,2026-11-09,693,182.0,10.97
A001,2026-11-09,694,182.0,11.41
A001,2026-11-09,695,180.0,12.71
A001,2026-11-09,696,184.0,11.99
A001,2026-11-09,697,183.0,12.23
A001,2026-11-09,698,181.0,11.81
A001,2026-11-09,699,185.0,11.58
A001,2026-11-09,700,183.0,12.99
A001,2026-11-09,701,182.0,11.87
A001,2026-11-09,702,183.0,11.72
A001,2026-11-09,703,186.0,12.65
A001,2026-11-09,704,186.0,11.56
A001,2026-11-09,705,184.0,11.64
A001,2026-11-09,706,186.0,12.01
A001,2026-11-09,707,182.0,12.0
A001,2026-11-09,708,184.0,12.16
A001,2026-11-09,709,185.0,13.25
A001,2026-11-09,710,183.0,12.2
A001,2026-11-09,711,185.0,10.57
A001,2026-11-09,712,183.0,12.18
A001,2026-11-09,713,185.0,12.01
A001,2026-11-09,714,185.0,12.0
A001,2026-11-09,715,178.0,12.12
A001,2026-11-09,716,187.0,11.95
A001,2026-11-09,717,178.0,11.92
A001,2026-11-09,718,183.0,12.31
A001,2026-11-09,719,186.0,11.61
A001,2026-11-09,720,183.0,11.36
A001,2026-11-09,721,181.0,13.73
A001,2026-11-09,722,182.0,11.47
A001,2026-11-09,723,186.0,11.95
A001,2026-11-09,724,180.0,10.98
A001,2026-11-09,725,186.0,11.93
A001,2026-11-09,726,183.0,11.28
A001,2026-11-09,727,181.0,11.56
A001,2026-11-09,728,182.0,12.44
A001,2026-11-09,729,181.0,12.08
A001,2026-11-09,730,185.0,12.11
A001,2026-11-09,731,184.0,10.69
A001,2026-11-09,732,179.0,12.84
A001,2026-11-09,733,182.0,11.0
A001,2026-11-09,734,181.0,12.61
A001,2026-11-09,735,185.0,12.28
A001,2026-11-09,736,179.0,11.99
A001,2026-11-09,737,185.0,11.11
A001,2026-11-09,738,182.0,11.69
A001,2026-11-09,739,179.0,11.29
A001,2026-11-09,740,180.0,11.56
A001,2026-11-09,741,180.0,11.37
A001,2026-11-09,742,178.0,10.27
A001,2026-11-09,743,181.0,12.14
A001,2026-11-09,744,178.0,11.39
A001,2026-11-09,745,176.0,11.12
A001,2026-11-09,746,179.0,11.04
A001,2026-11-09,747,176.0,11.56
A001,2026-11-09,748,178.0,10.78
A001,2026-11-09,749,178.0,9.93
A001,2026-11-09,750,178.0,11.5
A001,2026-11-09,751,183.0,11.53
A001,2026-11-09,752,179.0,11.07
A001,2026-11-09,753,179.0,10.47
A001,2026-11-09,754,175.0,11.18
A001,2026-11-09,755,177.0,10.21
A001,2026-11-09,756,178.0,10.44
A001,2026-11-09,757,176.0,10.57
A001,2026-11-09,758,179.0,11.49
A001,2026-11-09,759,175.0,10.73
A001,2026-11-09,760,176.0,10.65
A001,2026-11-09,761,176.0,12.05
A001,2026-11-09,762,177.0,11.05
A001,2026-11-09,763,175.0,11.01
A001,2026-11-09,764,175.0,10.55
A001,2026-11-09,765,175.0,10.37
A001,2026-11-09,766,174.0,9.38
A001,2026-11-09,767,176.0,11.24
A001,2026-11-09,768,175.0,10.89
A001,2026-11-09,769,175.0,10.47
A001,2026-11-09,770,174.0,10.46
A001,2026-11-09,771,176.0,10.95
A001,2026-11-09,772,173.0,9.53
A001,2026-11-09,773,173.0,10.07
A001,2026-11-09,774,174.0,9.71
A001,2026-11-09,775,177.0,11.41
A001,2026-11-09,776,170.0,10.84
A001,2026-11-09,777,174.0,8.95
A001,2026-11-09,778,169.0,9.32
A001,2026-11-09,779,173.0,10.11
A001,2026-11-09,780,175.0,9.87
A001,2026-11-09,781,173.0,9.32
A001,2026-11-09,782,172.0,11.24
A001,2026-11-09,783,170.0,10.23
A001,2026-11-09,784,171.0,10.28
A001,2026-11-09,785,170.0,9.55
A001,2026-11-09,786,169.0,10.36
A001,2026-11-09,787,169.0,9.66
A001,2026-11-09,788,170.0,9.68
A001,2026-11-09,789,168.0,10.18
A001,2026-11-09,790,168.0,8.79
A001,2026-11-09,791,166.0,10.69
A001,2026-11-09,792,170.0,9.81
A001,2026-11-09,793,170.0,10.43
A001,2026-11-09,794,169.0,8.98
A001,2026-11-09,795,170.0,9.03
A001,2026-11-09,796,168.0,8.86
A001,2026-11-09,797,168.0,9.67
A001,2026-11-09,798,168.0,9.52
A001,2026-11-09,799,167.0,9.17
A001,2026-11-09,800,166.0,8.8
A001,2026-11-09,801,171.0,8.62
A001,2026-11-09,802,165.0,9.32
A001,2026-11-09,803,165.0,9.03
A001,2026-11-09,804,167.0,8.87
A001,2026-11-09,805,166.0,10.18
A001,2026-11-09,806,163.0,9.17
A001,2026-11-09,807,168.0,9.95
A001,2026-11-09,808,165.0,8.83
A001,2026-11-09,809,163.0,9.27
A001,2026-11-09,810,167.0,9.06
A001,2026-11-09,811,166.0,8.05
A001,2026-11-09,812,162.0,9.89
A001,2026-11-09,813,168.0,8.93
A001,2026-11-09,814,165.0,9.43
A001,2026-11-09,815,164.0,8.5
A001,2026-11-09,816,167.0,8.83
A001,2026-11-09,817,164.0,8.38
A001,2026-11-09,818,163.0,9.62
A001,2026-11-09,819,162.0,9.04
A001,2026-11-09,820,164.0,9.05
A001,2026-11-09,821,164.0,9.63
A001,2026-11-09,822,163.0,9.48
A001,2026-11-09,823,161.0,9.23
A001,2026-11-09,824,163.0,7.89
A001,2026-11-09,825,162.0,8.31
A001,2026-11-09,826,159.0,8.11
A001,2026-11-09,827,159.0,9.13
A001,2026-11-09,828,163.0,8.78
A001,2026-11-09,829,156.0,7.82
A001,2026-11-09,830,162.0,8.53
A001,2026-11-09,831,161.0,7.73
A001,2026-11-09,832,164.0,8.58
A001,2026-11-09,833,160.0,7.61
A001,2026-11-09,834,163.0,8.9
A001,2026-11-09,835,160.0,8.8
A001,2026-11-09,836,161.0,9.71
A001,2026-11-09,837,162.0,9.06
A001,2026-11-09,838,160.0,8.29
A001,2026-11-09,839,163.0,9.03
A001,2026-11-09,840,159.0,7.69
A001,2026-11-09,841,161.0,7.95
A001,2026-11-09,842,163.0,8.72
A001,2026-11-09,843,162.0,7.22
A001,2026-11-09,844,164.0,8.49
A001,2026-11-09,845,159.0,7.89
A001,2026-11-09,846,158.0,8.56
A001,2026-11-09,847,159.0,7.85
A001,2026-11-09,848,162.0,8.75
A001,2026-11-09,849,162.0,8.51
A001,2026-11-09,850,161.0,9.34
A001,2026-11-09,851,158.0,8.51
A001,2026-11-09,852,162.0,8.04
A001,2026-11-09,853,158.0,8.36
A001,2026-11-09,854,163.0,7.71
A001,2026-11-09,855,166.0,8.76
A001,2026-11-09,856,162.0,8.88
A001,2026-11-09,857,162.0,10.01
A001,2026-11-09,858,160.0,8.17
A001,2026-11-09,859,157.0,8.39
A001,2026-11-09,860,160.0,8.21
A001,2026-11-09,861,159.0,8.7
A001,2026-11-09,862,158.0,8.81
A001,2026-11-09,863,165.0,8.56
A001,2026-11-09,864,162.0,9.26
A001,2026-11-09,865,162.0,8.25
A001,2026-11-09,866,161.0,9.23
A001,2026-11-09,867,161.0,8.97
A001,2026-11-09,868,164.0,8.66
A001,2026-11-09,869,162.0,8.49
A001,2026-11-09,870,163.0,10.16
A001,2026-11-09,871,162.0,8.23
A001,2026-11-09,872,162.0,8.92
A001,2026-11-09,873,160.0,8.31
A001,2026-11-09,874,159.0,9.85
A001,2026-11-09,875,162.0,9.33
A001,2026-11-09,876,163.0,8.42
A001,2026-11-09,877,160.0,9.15
A001,2026-11-09,878,163.0,9.02
A001,2026-11-09,879,163.0,8.58
A001,2026-11-09,880,159.0,9.37
A001,2026-11-09,881,162.0,9.18
A001,2026-11-09,882,165.0,9.1
A001,2026-11-09,883,165.0,8.97
A001,2026-11-09,884,162.0,9.28
A001,2026-11-09,885,165.0,9.19
A001,2026-11-09,886,167.0,9.12
A001,2026-11-09,887,166.0,8.73
A001,2026-11-09,888,165.0,10.16
A001,2026-11-09,889,164.0,8.54
A001,2026-11-09,890,164.0,9.46
A001,2026-11-09,891,167.0,9.04
A001,2026-11-09,892,166.0,10.32
A001,2026-11-09,893,167.0,8.75
A001,2026-11-09,894,167.0,8.89
A001,2026-11-09,895,168.0,8.78
A001,2026-11-09,896,167.0,9.59
A001,2026-11-09,897,169.0,8.61
A001,2026-11-09,898,169.0,9.18
A001,2026-11-09,899,166.0,8.21
A001,2026-11-09,900,164.0,9.68
A001,2026-11-09,901,171.0,9.27
A001,2026-11-09,902,169.0,8.71
A001,2026-11-09,903,165.0,10.3
A001,2026-11-09,904,167.0,8.9
A001,2026-11-09,905,170.0,10.2
A001,2026-11-09,906,169.0,9.33
A001,2026-11-09,907,168.0,10.75
A001,2026-11-09,908,172.0,10.28
A001,2026-11-09,909,168.0,9.26
A001,2026-11-09,910,169.0,9.36
A001,2026-11-09,911,171.0,10.31
A001,2026-11-09,912,171.0,9.82
A001,2026-11-09,913,172.0,9.92
A001,2026-11-09,914,173.0,10.82
A001,2026-11-09,915,172.0,9.65
A001,2026-11-09,916,173.0,10.19
A001,2026-11-09,917,171.0,10.75
A001,2026-11-09,918,172.0,10.7
A001,2026-11-09,919,173.0,10.16
A001,2026-11-09,920,173.0,10.12
A001,2026-11-09,921,175.0,9.29
A001,2026-11-09,922,174.0,9.74
A001,2026-11-09,923,174.0,10.6
A001,2026-11-09,924,172.0,10.36
A001,2026-11-09,925,174.0,10.53
A001,2026-11-09,926,174.0,11.15
A001,2026-11-09,927,175.0,9.85
A001,2026-11-09,928,179.0,10.46
A001,2026-11-09,929,174.0,10.75
A001,2026-11-09,930,176.0,10.25
A001,2026-11-09,931,178.0,11.57
A001,2026-11-09,932,176.0,11.3
A001,2026-11-09,933,181.0,10.96
A001,2026-11-09,934,176.0,11.9
A001,2026-11-09,935,177.0,9.96
A001,2026-11-09,936,175.0,10.89
A001,2026-11-09,937,176.0,11.15
A001,2026-11-09,938,178.0,10.42
A001,2026-11-09,939,179.0,11.19
A001,2026-11-09,940,179.0,10.38
A001,2026-11-09,941,181.0,11.49
A001,2026-11-09,942,178.0,11.74
A001,2026-11-09,943,178.0,11.31
A001,2026-11-09,944,184.0,10.06
A001,2026-11-09,945,180.0,10.63
A001,2026-11-09,946,178.0,11.58
A001,2026-11-09,947,178.0,11.29
A001,2026-11-09,948,178.0,9.69
A001,2026-11-09,949,182.0,12.08
A001,2026-11-09,950,179.0,11.45
A001,2026-11-09,951,181.0,10.9
A001,2026-11-09,952,180.0,12.02
A001,2026-11-09,953,182.0,11.05
A001,2026-11-09,954,179.0,11.07
A001,2026-11-09,955,179.0,11.72
A001,2026-11-09,956,182.0,12.6
A001,2026-11-09,957,183.0,12.53
A001,2026-11-09,958,182.0,11.8
A001,2026-11-09,959,180.0,11.89
A001,2026-11-09,960,183.0,12.11
A001,2026-11-09,961,181.0,10.9
A001,2026-11-09,962,181.0,12.07
A001,2026-11-09,963,180.0,11.26
A001,2026-11-09,964,185.0,11.92
A001,2026-11-09,965,184.0,11.61
A001,2026-11-09,966,184.0,12.07
A001,2026-11-09,967,185.0,11.85
A001,2026-11-09,968,189.0,9.96
A001,2026-11-09,969,180.0,11.93
A001,2026-11-09,970,182.0,12.22
A001,2026-11-09,971,182.0,12.12
A001,2026-11-09,972,182.0,11.81
A001,2026-11-09,973,181.0,12.87
A001,2026-11-09,974,183.0,12.08
A001,2026-11-09,975,181.0,12.17
A001,2026-11-09,976,185.0,12.55
A001,2026-11-09,977,184.0,12.15
A001,2026-11-09,978,185.0,11.4
A001,2026-11-09,979,185.0,10.49
A001,2026-11-09,980,185.0,11.67
A001,2026-11-09,981,183.0,12.42
A001,2026-11-09,982,188.0,11.76
A001,2026-11-09,983,185.0,12.46
A001,2026-11-09,984,181.0,12.08
A001,2026-11-09,985,182.0,12.76
A001,2026-11-09,986,181.0,11.82
A001,2026-11-09,987,184.0,12.28
A001,2026-11-09,988,184.0,12.3
A001,2026-11-09,989,183.0,12.9
A001,2026-11-09,990,188.0,10.98
A001,2026-11-09,991,185.0,11.72
A001,2026-11-09,992,186.0,12.51
A001,2026-11-09,993,183.0,12.92
A001,2026-11-09,994,182.0,12.14
A001,2026-11-09,995,184.0,11.81
A001,2026-11-09,996,185.0,12.44
A001,2026-11-09,997,181.0,12.5
A001,2026-11-09,998,184.0,11.75
A001,2026-11-09,999,184.0,12.16
A001,2026-11-09,1000,184.0,12.66
A001,2026-11-09,1001,182.0,13.08
A001,2026-11-09,1002,183.0,12.38
A001,2026-11-09,1003,184.0,11.95
A001,2026-11-09,1004,184.0,11.88
A001,2026-11-09,1005,185.0,12.23
A001,2026-11-09,1006,186.0,11.82
A001,2026-11-09,1007,183.0,11.98
A001,2026-11-09,1008,183.0,11.22
A001,2026-11-09,1009,184.0,12.62
A001,2026-11-09,1010,184.0,11.14
A001,2026-11-09,1011,182.0,11.55
A001,2026-11-09,1012,185.0,11.85
A001,2026-11-09,1013,185.0,12.96
A001,2026-11-09,1014,185.0,11.5
A001,2026-11-09,1015,186.0,11.33
A001,2026-11-09,1016,181.0,11.38
A001,2026-11-09,1017,182.0,12.68
A001,2026-11-09,1018,182.0,9.98
A001,2026-11-09,1019,182.0,11.04
A001,2026-11-09,1020,180.0,13.25
A001,2026-11-09,1021,179.0,11.95
A001,2026-11-09,1022,182.0,10.9
A001,2026-11-09,1023,180.0,11.51
A001,2026-11-09,1024,181.0,11.55
A001,2026-11-09,1025,179.0,11.99
A001,2026-11-09,1026,179.0,12.56
A001,2026-11-09,1027,181.0,11.66
A001,2026-11-09,1028,181.0,11.08
A001,2026-11-09,1029,181.0,11.84
A001,2026-11-09,1030,184.0,10.92
A001,2026-11-09,1031,180.0,10.69
A001,2026-11-09,1032,180.0,10.22
A001,2026-11-09,1033,177.0,10.31
A001,2026-11-09,1034,176.0,10.68
A001,2026-11-09,1035,182.0,10.48
A001,2026-11-09,1036,177.0,11.34
A001,2026-11-09,1037,176.0,10.4
A001,2026-11-09,1038,178.0,9.2
A001,2026-11-09,1039,178.0,10.42
A001,2026-11-09,1040,176.0,10.73
A001,2026-11-09,1041,177.0,10.61
A001,2026-11-09,1042,180.0,11.85
A001,2026-11-09,1043,175.0,10.54
A001,2026-11-09,1044,,11.4
A001,2026-11-09,1045,178.0,10.82
A001,2026-11-09,1046,177.0,10.77
A001,2026-11-09,1047,175.0,10.26
A001,2026-11-09,1048,173.0,10.69
A001,2026-11-09,1049,174.0,10.23
A001,2026-11-09,1050,175.0,10.75
A001,2026-11-09,1051,177.0,10.47
A001,2026-11-09,1052,173.0,10.0
A001,2026-11-09,1053,174.0,11.13
A001,2026-11-09,1054,176.0,10.75
A001,2026-11-09,1055,169.0,10.19
A001,2026-11-09,1056,176.0,10.5
A001,2026-11-09,1057,171.0,10.33
A001,2026-11-09,1058,174.0,9.82
A001,2026-11-09,1059,173.0,10.34
A001,2026-11-09,1060,175.0,9.89
A001,2026-11-09,1061,173.0,9.66
A001,2026-11-09,1062,167.0,9.21
A001,2026-11-09,1063,170.0,9.93
A001,2026-11-09,1064,172.0,10.45
A001,2026-11-09,1065,171.0,9.65
A001,2026-11-09,1066,172.0,11.54
A001,2026-11-09,1067,172.0,10.52
A001,2026-11-09,1068,172.0,10.73
A001,2026-11-09,1069,170.0,10.39
A001,2026-11-09,1070,166.0,10.99
A001,2026-11-09,1071,169.0,9.37
A001,2026-11-09,1072,170.0,8.26
A001,2026-11-09,1073,167.0,9.49
A001,2026-11-09,1074,170.0,10.06
A001,2026-11-09,1075,170.0,9.78
A001,2026-11-09,1076,169.0,9.82
A001,2026-11-09,1077,162.0,10.41
A001,2026-11-09,1078,165.0,9.81
A001,2026-11-09,1079,171.0,10.02
A001,2026-11-09,1080,166.0,8.94
A001,2026-11-09,1081,163.0,8.82
A001,2026-11-09,1082,169.0,10.41
A001,2026-11-09,1083,167.0,9.46
A001,2026-11-09,1084,169.0,9.0
A001,2026-11-09,1085,167.0,8.96
A001,2026-11-09,1086,167.0,8.91
A001,2026-11-09,1087,167.0,8.85
A001,2026-11-09,1088,167.0,8.47
A001,2026-11-09,1089,170.0,8.31
A001,2026-11-09,1090,167.0,9.06
A001,2026-11-09,1091,162.0,8.79
A001,2026-11-09,1092,166.0,9.78
A001,2026-11-09,1093,167.0,9.26
A001,2026-11-09,1094,167.0,9.22
A001,2026-11-09,1095,163.0,8.58
A001,2026-11-09,1096,166.0,8.93
A001,2026-11-09,1097,166.0,9.19
A001,2026-11-09,1098,169.0,9.38
A001,2026-11-09,1099,162.0,8.87
A001,2026-11-09,1100,162.0,9.55
A001,2026-11-09,1101,163.0,8.88
A001,2026-11-09,1102,162.0,9.33
A001,2026-11-09,1103,161.0,8.53
A001,2026-11-09,1104,157.0,7.72
A001,2026-11-09,1105,162.0,8.94
A001,2026-11-09,1106,163.0,9.2
A001,2026-11-09,1107,161.0,9.09
A001,2026-11-09,1108,166.0,8.98
A001,2026-11-09,1109,162.0,8.5
A001,2026-11-09,1110,164.0,8.2
A001,2026-11-09,1111,162.0,9.0
A001,2026-11-09,1112,163.0,8.91
A001,2026-11-09,1113,162.0,8.3
A001,2026-11-09,1114,164.0,9.29
A001,2026-11-09,1115,161.0,8.08
A001,2026-11-09,1116,162.0,8.25
A001,2026-11-09,1117,162.0,9.57
A001,2026-11-09,1118,161.0,9.09
A001,2026-11-09,1119,162.0,8.35
A001,2026-11-09,1120,165.0,8.72
A001,2026-11-09,1121,160.0,8.64
A001,2026-11-09,1122,162.0,6.89
A001,2026-11-09,1123,163.0,7.98
A001,2026-11-09,1124,163.0,8.49
A001,2026-11-09,1125,161.0,8.3
A001,2026-11-09,1126,156.0,8.66
A001,2026-11-09,1127,162.0,9.18
A001,2026-11-09,1128,156.0,8.31
A001,2026-11-09,1129,164.0,7.87
A001,2026-11-09,1130,161.0,8.7
A001,2026-11-09,1131,163.0,8.3
A001,2026-11-09,1132,159.0,8.41
A001,2026-11-09,1133,158.0,8.33
A001,2026-11-09,1134,161.0,9.85
A001,2026-11-09,1135,161.0,7.16
A001,2026-11-09,1136,160.0,8.28
A001,2026-11-09,1137,161.0,8.51
A001,2026-11-09,1138,166.0,8.05
A001,2026-11-09,1139,162.0,9.07
A001,2026-11-09,1140,163.0,9.02
A001,2026-11-09,1141,163.0,8.51
A001,2026-11-09,1142,164.0,8.39
A001,2026-11-09,1143,161.0,8.49
A001,2026-11-09,1144,157.0,8.51
A001,2026-11-09,1145,161.0,8.54
A001,2026-11-09,1146,163.0,8.48
A001,2026-11-09,1147,,8.76
A001,2026-11-09,1148,161.0,9.08
A001,2026-11-09,1149,160.0,7.9
A001,2026-11-09,1150,165.0,8.02
A001,2026-11-09,1151,163.0,7.62
A001,2026-11-09,1152,163.0,9.21
A001,2026-11-09,1153,163.0,8.86
A001,2026-11-09,1154,162.0,9.03
A001,2026-11-09,1155,163.0,7.89
A001,2026-11-09,1156,160.0,9.83
A001,2026-11-09,1157,158.0,8.42
A001,2026-11-09,1158,163.0,8.91
A001,2026-11-09,1159,163.0,9.34
A001,2026-11-09,1160,165.0,8.26
A001,2026-11-09,1161,166.0,8.55
A001,2026-11-09,1162,166.0,9.01
A001,2026-11-09,1163,161.0,10.64
A001,2026-11-09,1164,163.0,9.13
A001,2026-11-09,1165,165.0,9.94
A001,2026-11-09,1166,169.0,9.73
A001,2026-11-09,1167,167.0,9.25
A001,2026-11-09,1168,167.0,8.47
A001,2026-11-09,1169,164.0,9.72
A001,2026-11-09,1170,163.0,8.22
A001,2026-11-09,1171,167.0,10.11
A001,2026-11-09,1172,163.0,9.3
A001,2026-11-09,1173,165.0,7.62
A001,2026-11-09,1174,165.0,9.04
A001,2026-11-09,1175,169.0,9.67
A001,2026-11-09,1176,165.0,9.16
A001,2026-11-09,1177,161.0,9.77
A001,2026-11-09,1178,168.0,8.86
A001,2026-11-09,1179,165.0,8.62
A001,2026-11-09,1180,167.0,9.4
A001,2026-11-09,1181,167.0,9.49
A001,2026-11-09,1182,167.0,9.3
A001,2026-11-09,1183,169.0,10.28
A001,2026-11-09,1184,165.0,9.07
A001,2026-11-09,1185,167.0,9.8
A001,2026-11-09,1186,170.0,9.69
A001,2026-11-09,1187,167.0,8.76
A001,2026-11-09,1188,166.0,8.94
A001,2026-11-09,1189,171.0,9.77
A001,2026-11-09,1190,172.0,10.99
A001,2026-11-09,1191,170.0,10.19
A001,2026-11-09,1192,166.0,8.84
A001,2026-11-09,1193,172.0,8.05
A001,2026-11-09,1194,167.0,10.39
A001,2026-11-09,1195,171.0,9.93
A001,2026-11-09,1196,169.0,10.72
A001,2026-11-09,1197,169.0,9.54
A001,2026-11-09,1198,171.0,10.32
A001,2026-11-09,1199,171.0,10.65
A001,2026-11-09,1200,171.0,9.92
A001,2026-11-09,1201,174.0,9.97
A001,2026-11-09,1202,172.0,10.28
A001,2026-11-09,1203,175.0,10.63
A001,2026-11-09,1204,174.0,10.33
A001,2026-11-09,1205,172.0,10.96
A001,2026-11-09,1206,172.0,10.14
A001,2026-11-09,1207,171.0,9.66
A001,2026-11-09,1208,175.0,11.68
A001,2026-11-09,1209,174.0,10.17
A001,2026-11-09,1210,170.0,10.23
A001,2026-11-09,1211,174.0,10.57
A001,2026-11-09,1212,173.0,10.69
A001,2026-11-09,1213,179.0,10.45
A001,2026-11-09,1214,172.0,10.71
A001,2026-11-09,1215,173.0,10.74
A001,2026-11-09,1216,178.0,10.9
A001,2026-11-09,1217,179.0,9.42
A001,2026-11-09,1218,175.0,12.0
A001,2026-11-09,1219,176.0,10.82
A001,2026-11-09,1220,178.0,11.29
A001,2026-11-09,1221,173.0,10.15
A001,2026-11-09,1222,174.0,10.73
A001,2026-11-09,1223,177.0,10.65
A001,2026-11-09,1224,181.0,11.97
A001,2026-11-09,1225,178.0,10.77
A001,2026-11-09,1226,179.0,11.61
A001,2026-11-09,1227,181.0,10.79
A001,2026-11-09,1228,183.0,10.95
A001,2026-11-09,1229,178.0,11.1
A001,2026-11-09,1230,179.0,12.05
A001,2026-11-09,1231,183.0,10.18
A001,2026-11-09,1232,177.0,10.55
A001,2026-11-09,1233,182.0,10.2
A001,2026-11-09,1234,178.0,10.75
A001,2026-11-09,1235,181.0,10.94
A001,2026-11-09,1236,180.0,10.49
A001,2026-11-09,1237,179.0,11.05
A001,2026-11-09,1238,179.0,10.31
A001,2026-11-09,1239,182.0,10.93
A001,2026-11-09,1240,183.0,12.29
A001,2026-11-09,1241,181.0,11.83
A001,2026-11-09,1242,182.0,11.73
A001,2026-11-09,1243,183.0,11.04
A001,2026-11-09,1244,180.0,10.74
A001,2026-11-09,1245,184.0,11.0
A001,2026-11-09,1246,184.0,11.68
A001,2026-11-09,1247,188.0,12.25
A001,2026-11-09,1248,182.0,12.29
A001,2026-11-09,1249,182.0,12.15
A001,2026-11-09,1250,185.0,11.35
A001,2026-11-09,1251,185.0,11.82
A001,2026-11-09,1252,182.0,11.63
A001,2026-11-09,1253,183.0,11.72
A001,2026-11-09,1254,185.0,13.08
A001,2026-11-09,1255,182.0,10.81
A001,2026-11-09,1256,183.0,11.75
A001,2026-11-09,1257,184.0,12.63
A001,2026-11-09,1258,186.0,11.03
A001,2026-11-09,1259,183.0,11.54
A001,2026-11-09,1260,180.0,11.62
A001,2026-11-09,1261,180.0,11.81
A001,2026-11-09,1262,182.0,11.0
A001,2026-11-09,1263,182.0,12.32
A001,2026-11-09,1264,184.0,12.37
A001,2026-11-09,1265,182.0,12.28
A001,2026-11-09,1266,183.0,11.46
A001,2026-11-09,1267,183.0,12.04
A001,2026-11-09,1268,183.0,11.45
A001,2026-11-09,1269,187.0,11.8
A001,2026-11-09,1270,186.0,13.29
A001,2026-11-09,1271,184.0,12.06
A001,2026-11-09,1272,183.0,11.29
A001,2026-11-09,1273,184.0,12.11
A001,2026-11-09,1274,185.0,11.19
A001,2026-11-09,1275,186.0,11.28
A001,2026-11-09,1276,183.0,11.37
A001,2026-11-09,1277,184.0,11.72
A001,2026-11-09,1278,180.0,12.55
A001,2026-11-09,1279,185.0,12.33
A001,2026-11-09,1280,186.0,12.29
A001,2026-11-09,1281,184.0,11.31
A001,2026-11-09,1282,188.0,11.64
A001,2026-11-09,1283,182.0,12.11
A001,2026-11-09,1284,184.0,11.56
A001,2026-11-09,1285,184.0,11.76
A001,2026-11-09,1286,184.0,12.18
A001,2026-11-09,1287,184.0,11.7
A001,2026-11-09,1288,184.0,12.03
A001,2026-11-09,1289,185.0,12.84
A001,2026-11-09,1290,186.0,11.76
A001,2026-11-09,1291,183.0,12.56
A001,2026-11-09,1292,185.0,12.17
A001,2026-11-09,1293,182.0,10.94
A001,2026-11-09,1294,185.0,11.14
A001,2026-11-09,1295,181.0,11.28
A001,2026-11-09,1296,185.0,11.25
A001,2026-11-09,1297,187.0,11.69
A001,2026-11-09,1298,182.0,12.09
A001,2026-11-09,1299,178.0,12.45
A001,2026-11-09,1300,181.0,11.86
A001,2026-11-09,1301,185.0,11.39
A001,2026-11-09,1302,183.0,10.38
A001,2026-11-09,1303,182.0,11.65
A001,2026-11-09,1304,184.0,11.6
A001,2026-11-09,1305,182.0,11.67
A001,2026-11-09,1306,184.0,12.8
A001,2026-11-09,1307,183.0,12.25
A001,2026-11-09,1308,184.0,11.95
A001,2026-11-09,1309,181.0,10.87
A001,2026-11-09,1310,182.0,11.11
A001,2026-11-09,1311,180.0,11.34
A001,2026-11-09,1312,179.0,10.9
A001,2026-11-09,1313,183.0,11.63
A001,2026-11-09,1314,180.0,11.52
A001,2026-11-09,1315,181.0,10.62
A001,2026-11-09,1316,179.0,11.96
A001,2026-11-09,1317,178.0,11.27
A001,2026-11-09,1318,179.0,10.14
A001,2026-11-09,1319,181.0,11.11
A001,2026-11-09,1320,179.0,11.28
A001,2026-11-09,1321,175.0,11.66
A001,2026-11-09,1322,177.0,10.84
A001,2026-11-09,1323,181.0,11.5
A001,2026-11-09,1324,177.0,11.08
A001,2026-11-09,1325,174.0,10.14
A001,2026-11-09,1326,181.0,10.05
A001,2026-11-09,1327,178.0,11.53
A001,2026-11-09,1328,176.0,11.54
A001,2026-11-09,1329,175.0,10.98
A001,2026-11-09,1330,178.0,11.65
A001,2026-11-09,1331,175.0,11.35
A001,2026-11-09,1332,178.0,11.08
A001,2026-11-09,1333,176.0,10.09
A001,2026-11-09,1334,175.0,11.64
A001,2026-11-09,1335,175.0,10.88
A001,2026-11-09,1336,174.0,10.29
A001,2026-11-09,1337,176.0,10.08
A001,2026-11-09,1338,172.0,10.6
A001,2026-11-09,1339,170.0,9.4
A001,2026-11-09,1340,175.0,10.79
A001,2026-11-09,1341,174.0,9.76
A001,2026-11-09,1342,174.0,10.51
A001,2026-11-09,1343,173.0,9.94
A001,2026-11-09,1344,172.0,10.05
A001,2026-11-09,1345,174.0,9.72
A001,2026-11-09,1346,172.0,10.04
A001,2026-11-09,1347,170.0,11.23
A001,2026-11-09,1348,171.0,10.89
A001,2026-11-09,1349,175.0,10.23
A001,2026-11-09,1350,167.0,9.96
A001,2026-11-09,1351,171.0,10.45
A001,2026-11-09,1352,167.0,10.58
A001,2026-11-09,1353,170.0,9.37
A001,2026-11-09,1354,169.0,9.78
A001,2026-11-09,1355,165.0,8.7
A001,2026-11-09,1356,170.0,10.43
A001,2026-11-09,1357,168.0,10.95
A001,2026-11-09,1358,164.0,9.73
A001,2026-11-09,1359,170.0,8.37
A001,2026-11-09,1360,171.0,9.97
A001,2026-11-09,1361,171.0,9.03
A001,2026-11-09,1362,168.0,9.14
A001,2026-11-09,1363,167.0,9.87
A001,2026-11-09,1364,170.0,9.62
A001,2026-11-09,1365,170.0,9.14
A001,2026-11-09,1366,169.0,9.01
A001,2026-11-09,1367,165.0,9.44
A001,2026-11-09,1368,167.0,9.08
A001,2026-11-09,1369,167.0,8.63
A001,2026-11-09,1370,162.0,9.06
A001,2026-11-09,1371,167.0,9.43
A001,2026-11-09,1372,170.0,9.09
A001,2026-11-09,1373,166.0,8.32
A001,2026-11-09,1374,168.0,9.73
A001,2026-11-09,1375,165.0,7.47
A001,2026-11-09,1376,164.0,8.81
A001,2026-11-09,1377,165.0,8.68
A001,2026-11-09,1378,163.0,9.11
A001,2026-11-09,1379,162.0,9.33
A001,2026-11-09,1380,166.0,9.64
A001,2026-11-09,1381,166.0,8.52
A001,2026-11-09,1382,161.0,9.27
A001,2026-11-09,1383,165.0,9.01
A001,2026-11-09,1384,163.0,7.84
A001,2026-11-09,1385,164.0,9.98
A001,2026-11-09,1386,164.0,7.96
A001,2026-11-09,1387,165.0,9.05
A001,2026-11-09,1388,163.0,9.01
A001,2026-11-09,1389,165.0,8.92
A001,2026-11-09,1390,163.0,8.44
A001,2026-11-09,1391,163.0,9.21
A001,2026-11-09,1392,160.0,7.76
A001,2026-11-09,1393,166.0,8.64
A001,2026-11-09,1394,163.0,8.33
A001,2026-11-09,1395,163.0,8.24
A001,2026-11-09,1396,158.0,8.89
A001,2026-11-09,1397,160.0,9.27
A001,2026-11-09,1398,164.0,8.4
A001,2026-11-09,1399,162.0,9.06
A001,2026-11-09,1400,157.0,8.61
A001,2026-11-09,1401,163.0,8.03
A001,2026-11-09,1402,160.0,8.4
A001,2026-11-09,1403,164.0,8.37
A001,2026-11-09,1404,161.0,8.12
A001,2026-11-09,1405,161.0,8.79
A001,2026-11-09,1406,163.0,8.67
A001,2026-11-09,1407,159.0,7.57
A001,2026-11-09,1408,159.0,7.52
A001,2026-11-09,1409,160.0,8.76
A001,2026-11-09,1410,162.0,8.02
A001,2026-11-09,1411,158.0,8.68
A001,2026-11-09,1412,157.0,8.97
A001,2026-11-09,1413,162.0,7.74
A001,2026-11-09,1414,159.0,7.65
A001,2026-11-09,1415,160.0,9.51
A001,2026-11-09,1416,157.0,8.71
A001,2026-11-09,1417,159.0,8.25
A001,2026-11-09,1418,161.0,7.95
A001,2026-11-09,1419,163.0,8.21
A001,2026-11-09,1420,159.0,7.8
A001,2026-11-09,1421,164.0,9.05
A001,2026-11-09,1422,159.0,8.06
A001,2026-11-09,1423,159.0,9.19
A001,2026-11-09,1424,164.0,8.31
A001,2026-11-09,1425,161.0,7.93
A001,2026-11-09,1426,160.0,8.31
A001,2026-11-09,1427,161.0,7.0
A001,2026-11-09,1428,164.0,8.51
A001,2026-11-09,1429,164.0,8.5
A001,2026-11-09,1430,160.0,9.11
A001,2026-11-09,1431,161.0,7.5
A001,2026-11-09,1432,162.0,9.34
A001,2026-11-09,1433,160.0,9.15
A001,2026-11-09,1434,162.0,9.43
A001,2026-11-09,1435,162.0,8.66
A001,2026-11-09,1436,164.0,9.32
A001,2026-11-09,1437,165.0,7.85
A001,2026-11-09,1438,162.0,9.18
A001,2026-11-09,1439,162.0,8.31
A001,2026-11-09,1440,164.0,7.8
A001,2026-11-09,1441,162.0,8.14
A001,2026-11-09,1442,164.0,8.84
A001,2026-11-09,1443,163.0,8.36
A001,2026-11-09,1444,161.0,9.11
A001,2026-11-09,1445,161.0,7.82
A001,2026-11-09,1446,166.0,7.66
A001,2026-11-09,1447,163.0,9.78
A001,2026-11-09,1448,167.0,9.53
A001,2026-11-09,1449,163.0,8.38
A001,2026-11-09,1450,165.0,9.04
A001,2026-11-09,1451,169.0,9.68
A001,2026-11-09,1452,163.0,9.35
A001,2026-11-09,1453,161.0,9.21
A001,2026-11-09,1454,168.0,9.81
A001,2026-11-09,1455,164.0,8.75
A001,2026-11-09,1456,165.0,9.24
A001,2026-11-09,1457,165.0,9.24
A001,2026-11-09,1458,166.0,9.12
A001,2026-11-09,1459,164.0,9.08
A001,2026-11-09,1460,166.0,9.39
A001,2026-11-09,1461,167.0,9.4
A001,2026-11-09,1462,165.0,8.79
A001,2026-11-09,1463,166.0,9.93
A001,2026-11-09,1464,,8.9
A001,2026-11-09,1465,165.0,9.39
A001,2026-11-09,1466,167.0,9.38
A001,2026-11-09,1467,168.0,9.8
A001,2026-11-09,1468,167.0,8.35
A001,2026-11-09,1469,168.0,10.2
A001,2026-11-09,1470,169.0,9.29
A001,2026-11-09,1471,168.0,10.47
A001,2026-11-09,1472,171.0,9.49
A001,2026-11-09,1473,172.0,9.78
A001,2026-11-09,1474,169.0,11.0
A001,2026-11-09,1475,171.0,9.72
A001,2026-11-09,1476,170.0,10.67
A001,2026-11-09,1477,171.0,9.99
A001,2026-11-09,1478,174.0,10.25
A001,2026-11-09,1479,172.0,10.08
A001,2026-11-09,1480,168.0,10.59
A001,2026-11-09,1481,173.0,9.71
A001,2026-11-09,1482,174.0,9.57
A001,2026-11-09,1483,172.0,9.81
A001,2026-11-09,1484,174.0,10.29
A001,2026-11-09,1485,171.0,10.14
A001,2026-11-09,1486,170.0,10.74
A001,2026-11-09,1487,173.0,11.13
A001,2026-11-09,1488,170.0,9.8
A001,2026-11-09,1489,173.0,9.99
A001,2026-11-09,1490,177.0,9.61
A001,2026-11-09,1491,170.0,11.72
A001,2026-11-09,1492,172.0,10.73
A001,2026-11-09,1493,173.0,10.87
A001,2026-11-09,1494,175.0,9.82
A001,2026-11-09,1495,175.0,10.66
A001,2026-11-09,1496,178.0,11.0
A001,2026-11-09,1497,178.0,10.58
A001,2026-11-09,1498,177.0,11.42
A001,2026-11-09,1499,177.0,12.19
A001,2026-11-09,1500,177.0,10.28
A001,2026-11-09,1501,175.0,10.27
A001,2026-11-09,1502,179.0,10.39
A001,2026-11-09,1503,175.0,11.92
A001,2026-11-09,1504,179.0,11.61
A001,2026-11-09,1505,180.0,10.94
A001,2026-11-09,1506,178.0,11.08
A001,2026-11-09,1507,178.0,10.6
A001,2026-11-09,1508,179.0,11.66
A001,2026-11-09,1509,173.0,10.93
A001,2026-11-09,1510,180.0,11.04
A001,2026-11-09,1511,179.0,11.59
A001,2026-11-09,1512,179.0,11.14
A001,2026-11-09,1513,181.0,11.15
A001,2026-11-09,1514,180.0,11.33
A001,2026-11-09,1515,178.0,11.83
A001,2026-11-09,1516,180.0,12.37
A001,2026-11-09,1517,181.0,11.76
A001,2026-11-09,1518,181.0,11.92
A001,2026-11-09,1519,181.0,11.35
A001,2026-11-09,1520,183.0,11.07
A001,2026-11-09,1521,179.0,11.91
A001,2026-11-09,1522,182.0,11.65
A001,2026-11-09,1523,184.0,10.72
A001,2026-11-09,1524,178.0,11.4
A001,2026-11-09,1525,182.0,11.57
A001,2026-11-09,1526,181.0,11.34
A001,2026-11-09,1527,181.0,12.56
A001,2026-11-09,1528,180.0,11.98
A001,2026-11-09,1529,182.0,12.54
A001,2026-11-09,1530,186.0,11.89
A001,2026-11-09,1531,180.0,11.8
A001,2026-11-09,1532,181.0,11.21
A001,2026-11-09,1533,180.0,11.8
A001,2026-11-09,1534,187.0,11.82
A001,2026-11-09,1535,182.0,11.01
A001,2026-11-09,1536,183.0,11.52
A001,2026-11-09,1537,183.0,11.67
A001,2026-11-09,1538,182.0,12.12
A001,2026-11-09,1539,183.0,12.17
A001,2026-11-09,1540,189.0,11.55
A001,2026-11-09,1541,187.0,12.2
A001,2026-11-09,1542,182.0,11.82
A001,2026-11-09,1543,185.0,10.22
A001,2026-11-09,1544,182.0,11.66
A001,2026-11-09,1545,181.0,12.6
A001,2026-11-09,1546,186.0,10.96
A001,2026-11-09,1547,187.0,12.04
A001,2026-11-09,1548,186.0,12.93
A001,2026-11-09,1549,183.0,11.53
A001,2026-11-09,1550,184.0,11.99
A001,2026-11-09,1551,186.0,11.21
A001,2026-11-09,1552,185.0,12.97
A001,2026-11-09,1553,184.0,11.95
A001,2026-11-09,1554,181.0,12.03
A001,2026-11-09,1555,185.0,12.81
A001,2026-11-09,1556,187.0,12.4
A001,2026-11-09,1557,182.0,11.47
A001,2026-11-09,1558,186.0,11.61
A001,2026-11-09,1559,185.0,12.29
A001,2026-11-09,1560,186.0,11.62
A001,2026-11-09,1561,186.0,10.71
A001,2026-11-09,1562,183.0,11.95
A001,2026-11-09,1563,181.0,11.08
A001,2026-11-09,1564,183.0,12.94
A001,2026-11-09,1565,186.0,12.06
A001,2026-11-09,1566,183.0,11.41
A001,2026-11-09,1567,183.0,11.52
A001,2026-11-09,1568,180.0,10.79
A001,2026-11-09,1569,187.0,11.26
A001,2026-11-09,1570,185.0,12.51
A001,2026-11-09,1571,185.0,13.23
A001,2026-11-09,1572,186.0,12.31
A001,2026-11-09,1573,185.0,11.81
A001,2026-11-09,1574,183.0,11.59
A001,2026-11-09,1575,183.0,11.26
A001,2026-11-09,1576,182.0,13.05
A001,2026-11-09,1577,188.0,11.68
A001,2026-11-09,1578,184.0,13.05
A001,2026-11-09,1579,182.0,12.59
A001,2026-11-09,1580,184.0,10.69
A001,2026-11-09,1581,180.0,11.32
A001,2026-11-09,1582,185.0,11.29
A001,2026-11-09,1583,181.0,11.63
A001,2026-11-09,1584,183.0,11.61
A001,2026-11-09,1585,184.0,13.43
A001,2026-11-09,1586,182.0,10.96
A001,2026-11-09,1587,182.0,11.72
A001,2026-11-09,1588,181.0,11.92
A001,2026-11-09,1589,181.0,11.53
A001,2026-11-09,1590,180.0,11.57
A001,2026-11-09,1591,180.0,10.84
A001,2026-11-09,1592,184.0,11.51
A001,2026-11-09,1593,180.0,11.72
A001,2026-11-09,1594,179.0,11.58
A001,2026-11-09,1595,179.0,11.7
A001,2026-11-09,1596,182.0,12.17
A001,2026-11-09,1597,181.0,11.86
A001,2026-11-09,1598,181.0,11.31
A001,2026-11-09,1599,179.0,10.53
A001,2026-11-09,1600,180.0,10.84
A001,2026-11-09,1601,177.0,11.03
A001,2026-11-09,1602,178.0,11.28
A001,2026-11-09,1603,180.0,10.81
A001,2026-11-09,1604,180.0,10.5
A001,2026-11-09,1605,176.0,10.32
A001,2026-11-09,1606,176.0,10.0
A001,2026-11-09,1607,178.0,10.82
A001,2026-11-09,1608,181.0,10.04
A001,2026-11-09,1609,173.0,10.29
A001,2026-11-09,1610,177.0,10.61
A001,2026-11-09,1611,174.0,10.01
A001,2026-11-09,1612,175.0,11.01
A001,2026-11-09,1613,175.0,11.18
A001,2026-11-09,1614,175.0,10.37
A001,2026-11-09,1615,174.0,10.4
A001,2026-11-09,1616,175.0,10.95
A001,2026-11-09,1617,174.0,10.16
A001,2026-11-09,1618,172.0,10.08
A001,2026-11-09,1619,176.0,11.23
A001,2026-11-09,1620,176.0,11.0
A001,2026-11-09,1621,175.0,10.8
A001,2026-11-09,1622,170.0,10.95
A001,2026-11-09,1623,174.0,9.17
A001,2026-11-09,1624,174.0,11.13
A001,2026-11-09,1625,171.0,10.52
A001,2026-11-09,1626,172.0,10.85
A001,2026-11-09,1627,172.0,10.43
A001,2026-11-09,1628,176.0,10.19
A001,2026-11-09,1629,175.0,9.96
A001,2026-11-09,1630,168.0,10.31
A001,2026-11-09,1631,176.0,9.86
A001,2026-11-09,1632,169.0,10.53
A001,2026-11-09,1633,173.0,9.02
A001,2026-11-09,1634,172.0,9.61
A001,2026-11-09,1635,168.0,11.12
A001,2026-11-09,1636,171.0,9.48
A001,2026-11-09,1637,169.0,9.67
A001,2026-11-09,1638,170.0,9.25
A001,2026-11-09,1639,170.0,9.94
A001,2026-11-09,1640,171.0,9.26
A001,2026-11-09,1641,169.0,9.56
A001,2026-11-09,1642,168.0,10.14
A001,2026-11-09,1643,170.0,9.18
A001,2026-11-09,1644,169.0,10.03
A001,2026-11-09,1645,169.0,10.02
A001,2026-11-09,1646,166.0,10.12
A001,2026-11-09,1647,165.0,9.54
A001,2026-11-09,1648,166.0,11.37
A001,2026-11-09,1649,165.0,10.02
A001,2026-11-09,1650,168.0,9.55
A001,2026-11-09,1651,168.0,8.79
A001,2026-11-09,1652,166.0,9.23
A001,2026-11-09,1653,169.0,10.11
A001,2026-11-09,1654,168.0,10.25
A001,2026-11-09,1655,166.0,10.08
A001,2026-11-09,1656,163.0,9.63
A001,2026-11-09,1657,168.0,8.38
A001,2026-11-09,1658,165.0,9.39
A001,2026-11-09,1659,165.0,8.33
A001,2026-11-09,1660,164.0,8.15
A001,2026-11-09,1661,162.0,9.16
A001,2026-11-09,1662,161.0,9.3
A001,2026-11-09,1663,165.0,9.5
A001,2026-11-09,1664,162.0,9.23
A001,2026-11-09,1665,170.0,9.23
A001,2026-11-09,1666,161.0,8.3
A001,2026-11-09,1667,161.0,8.8
A001,2026-11-09,1668,164.0,7.93
A001,2026-11-09,1669,166.0,7.61
A001,2026-11-09,1670,163.0,9.24
A001,2026-11-09,1671,164.0,8.32
A001,2026-11-09,1672,159.0,9.28
A001,2026-11-09,1673,161.0,9.4
A001,2026-11-09,1674,160.0,8.34
A001,2026-11-09,1675,158.0,9.05
A001,2026-11-09,1676,162.0,8.28
A001,2026-11-09,1677,157.0,7.55
A001,2026-11-09,1678,159.0,8.72
A001,2026-11-09,1679,160.0,8.35
A001,2026-11-09,1680,160.0,8.35
A001,2026-11-09,1681,162.0,9.79
A001,2026-11-09,1682,162.0,7.67
A001,2026-11-09,1683,163.0,8.81
A001,2026-11-09,1684,163.0,7.97
A001,2026-11-09,1685,163.0,9.1
A001,2026-11-09,1686,161.0,8.73
A001,2026-11-09,1687,161.0,8.77
A001,2026-11-09,1688,162.0,7.96
A001,2026-11-09,1689,161.0,8.06
A001,2026-11-09,1690,160.0,9.07
A001,2026-11-09,1691,160.0,9.58
A001,2026-11-09,1692,159.0,8.8
A001,2026-11-09,1693,161.0,7.97
A001,2026-11-09,1694,160.0,8.71
A001,2026-11-09,1695,159.0,9.96
A001,2026-11-09,1696,159.0,8.56
A001,2026-11-09,1697,158.0,9.38
A001,2026-11-09,1698,163.0,8.06
A001,2026-11-09,1699,161.0,8.48
A001,2026-11-09,1700,159.0,8.88
A001,2026-11-09,1701,162.0,8.75
A001,2026-11-09,1702,160.0,8.05
A001,2026-11-09,1703,158.0,8.03
A001,2026-11-09,1704,163.0,9.12
A001,2026-11-09,1705,160.0,9.25
A001,2026-11-09,1706,160.0,9.45
A001,2026-11-09,1707,161.0,9.63
A001,2026-11-09,1708,163.0,8.64
A001,2026-11-09,1709,161.0,8.38
A001,2026-11-09,1710,159.0,9.39
A001,2026-11-09,1711,162.0,9.02
A001,2026-11-09,1712,160.0,8.01
A001,2026-11-09,1713,165.0,8.0
A001,2026-11-09,1714,161.0,8.93
A001,2026-11-09,1715,157.0,8.54
A001,2026-11-09,1716,162.0,8.65
A001,2026-11-09,1717,166.0,9.32
A001,2026-11-09,1718,165.0,9.15
A001,2026-11-09,1719,166.0,9.51
A001,2026-11-09,1720,160.0,7.58
A001,2026-11-09,1721,164.0,8.91
A001,2026-11-09,1722,161.0,9.19
A001,2026-11-09,1723,163.0,7.88
A001,2026-11-09,1724,160.0,8.42
A001,2026-11-09,1725,162.0,8.34
A001,2026-11-09,1726,162.0,8.88
A001,2026-11-09,1727,165.0,9.86
A001,2026-11-09,1728,165.0,10.13
A001,2026-11-09,1729,164.0,8.45
A001,2026-11-09,1730,161.0,9.28
A001,2026-11-09,1731,163.0,9.33
A001,2026-11-09,1732,163.0,9.25
A001,2026-11-09,1733,166.0,9.29
A001,2026-11-09,1734,167.0,9.26
A001,2026-11-09,1735,167.0,10.12
A001,2026-11-09,1736,163.0,9.79
A001,2026-11-09,1737,160.0,8.53
A001,2026-11-09,1738,162.0,9.67
A001,2026-11-09,1739,168.0,9.76
A001,2026-11-09,1740,165.0,9.45
A001,2026-11-09,1741,164.0,9.97
A001,2026-11-09,1742,169.0,9.44
A001,2026-11-09,1743,169.0,9.48
A001,2026-11-09,1744,167.0,9.46
A001,2026-11-09,1745,166.0,8.21
A001,2026-11-09,1746,167.0,9.41
A001,2026-11-09,1747,168.0,9.09
A001,2026-11-09,1748,171.0,8.82
A001,2026-11-09,1749,169.0,10.42
A001,2026-11-09,1750,170.0,9.9
A001,2026-11-09,1751,171.0,9.62
A001,2026-11-09,1752,166.0,9.33
A001,2026-11-09,1753,170.0,9.89
A001,2026-11-09,1754,168.0,10.34
A001,2026-11-09,1755,164.0,9.29
A001,2026-11-09,1756,165.0,9.82
A001,2026-11-09,1757,168.0,10.38
A001,2026-11-09,1758,171.0,8.74
A001,2026-11-09,1759,171.0,9.9
A001,2026-11-09,1760,171.0,9.72
A001,2026-11-09,1761,175.0,9.93
A001,2026-11-09,1762,169.0,9.75
A001,2026-11-09,1763,171.0,10.17
A001,2026-11-09,1764,172.0,11.28
A001,2026-11-09,1765,170.0,9.97
A001,2026-11-09,1766,172.0,10.38
A001,2026-11-09,1767,169.0,11.44
A001,2026-11-09,1768,176.0,9.95
A001,2026-11-09,1769,172.0,11.41
A001,2026-11-09,1770,177.0,10.36
A001,2026-11-09,1771,173.0,11.47
A001,2026-11-09,1772,176.0,10.89
A001,2026-11-09,1773,174.0,10.66
A001,2026-11-09,1774,174.0,10.48
A001,2026-11-09,1775,173.0,10.18
A001,2026-11-09,1776,175.0,10.64
A001,2026-11-09,1777,176.0,11.17
A001,2026-11-09,1778,174.0,10.66
A001,2026-11-09,1779,175.0,10.52
A001,2026-11-09,1780,175.0,10.59
A001,2026-11-09,1781,181.0,11.38
A001,2026-11-09,1782,176.0,11.55
A001,2026-11-09,1783,180.0,10.45
A001,2026-11-09,1784,176.0,10.49
A001,2026-11-09,1785,178.0,11.15
A001,2026-11-09,1786,175.0,11.88
A001,2026-11-09,1787,177.0,11.68
A001,2026-11-09,1788,178.0,10.28
A001,2026-11-09,1789,181.0,10.91
A001,2026-11-09,1790,179.0,10.54
A001,2026-11-09,1791,181.0,10.97
A001,2026-11-09,1792,180.0,12.13
A001,2026-11-09,1793,182.0,10.35
A001,2026-11-09,1794,179.0,10.26
A001,2026-11-09,1795,184.0,10.77
A001,2026-11-09,1796,179.0,11.47
A001,2026-11-09,1797,178.0,11.7
A001,2026-11-09,1798,178.0,11.62
A001,2026-11-09,1799,185.0,12.09
A001,2026-11-09,1800,182.0,10.36
A001,2026-11-09,1801,180.0,12.16
A001,2026-11-09,1802,183.0,11.29
A001,2026-11-09,1803,182.0,11.94
A001,2026-11-09,1804,185.0,10.73
A001,2026-11-09,1805,178.0,11.56
A001,2026-11-09,1806,181.0,11.72
A001,2026-11-09,1807,181.0,12.3
A001,2026-11-09,1808,178.0,10.68
A001,2026-11-09,1809,184.0,11.67
A001,2026-11-09,1810,182.0,11.02
A001,2026-11-09,1811,184.0,12.0
A001,2026-11-09,1812,187.0,12.19
A001,2026-11-09,1813,182.0,12.51
A001,2026-11-09,1814,182.0,11.44
A001,2026-11-09,1815,183.0,12.34
A001,2026-11-09,1816,185.0,12.61
A001,2026-11-09,1817,182.0,10.83
A001,2026-11-09,1818,182.0,12.2
A001,2026-11-09,1819,185.0,12.42
A001,2026-11-09,1820,184.0,11.71
A001,2026-11-09,1821,179.0,11.15
A001,2026-11-09,1822,181.0,12.46
A001,2026-11-09,1823,187.0,11.19
A001,2026-11-09,1824,185.0,11.81
A001,2026-11-09,1825,182.0,11.91
A001,2026-11-09,1826,184.0,12.37
A001,2026-11-09,1827,184.0,11.57
A001,2026-11-09,1828,186.0,11.55
A001,2026-11-09,1829,181.0,12.03
A001,2026-11-09,1830,183.0,12.58
A001,2026-11-09,1831,185.0,13.35
A001,2026-11-09,1832,184.0,11.08
A001,2026-11-09,1833,185.0,12.18
A001,2026-11-09,1834,182.0,11.34
A001,2026-11-09,1835,185.0,12.61
A001,2026-11-09,1836,187.0,11.44
A001,2026-11-09,1837,185.0,11.59
A001,2026-11-09,1838,185.0,11.65
A001,2026-11-09,1839,184.0,11.95
A001,2026-11-09,1840,183.0,12.19
A001,2026-11-09,1841,184.0,12.29
A001,2026-11-09,1842,187.0,11.99
A001,2026-11-09,1843,184.0,11.19
A001,2026-11-09,1844,183.0,12.42
A001,2026-11-09,1845,183.0,11.95
A001,2026-11-09,1846,185.0,12.67
A001,2026-11-09,1847,183.0,11.54
A001,2026-11-09,1848,185.0,10.99
A001,2026-11-09,1849,185.0,11.93
A001,2026-11-09,1850,186.0,12.71
A001,2026-11-09,1851,187.0,12.02
A001,2026-11-09,1852,186.0,11.79
A001,2026-11-09,1853,182.0,11.38
A001,2026-11-09,1854,182.0,12.94
A001,2026-11-09,1855,183.0,11.26
A001,2026-11-09,1856,183.0,11.42
A001,2026-11-09,1857,181.0,12.19
A001,2026-11-09,1858,182.0,10.71
A001,2026-11-09,1859,182.0,12.57
A001,2026-11-09,1860,182.0,12.17
A001,2026-11-09,1861,182.0,12.31
A001,2026-11-09,1862,185.0,12.09
A001,2026-11-09,1863,183.0,11.64
A001,2026-11-09,1864,187.0,11.07
A001,2026-11-09,1865,183.0,11.61
A001,2026-11-09,1866,182.0,11.08
A001,2026-11-09,1867,182.0,11.94
A001,2026-11-09,1868,182.0,12.11
A001,2026-11-09,1869,183.0,12.48
A001,2026-11-09,1870,186.0,11.79
A001,2026-11-09,1871,180.0,12.1
A001,2026-11-09,1872,183.0,11.34
A001,2026-11-09,1873,181.0,11.21
A001,2026-11-09,1874,178.0,11.75
A001,2026-11-09,1875,182.0,11.2
A001,2026-11-09,1876,183.0,11.57
A001,2026-11-09,1877,178.0,10.74
A001,2026-11-09,1878,180.0,10.82
A001,2026-11-09,1879,176.0,11.7
A001,2026-11-09,1880,177.0,11.82
A001,2026-11-09,1881,181.0,10.66
A001,2026-11-09,1882,178.0,11.62
A001,2026-11-09,1883,177.0,10.87
A001,2026-11-09,1884,179.0,11.17
A001,2026-11-09,1885,177.0,11.97
A001,2026-11-09,1886,177.0,11.57
A001,2026-11-09,1887,179.0,11.53
A001,2026-11-09,1888,175.0,12.17
A001,2026-11-09,1889,176.0,10.56
A001,2026-11-09,1890,178.0,10.36
A001,2026-11-09,1891,179.0,10.48
A001,2026-11-09,1892,179.0,10.73
A001,2026-11-09,1893,175.0,9.43
A001,2026-11-09,1894,178.0,10.68
A001,2026-11-09,1895,174.0,10.44
A001,2026-11-09,1896,179.0,11.2
A001,2026-11-09,1897,173.0,10.9
A001,2026-11-09,1898,178.0,10.29
A001,2026-11-09,1899,174.0,10.97
A001,2026-11-09,1900,179.0,11.01
A001,2026-11-09,1901,176.0,10.08
A001,2026-11-09,1902,172.0,10.21
A001,2026-11-09,1903,173.0,9.13
A001,2026-11-09,1904,175.0,9.77
A001,2026-11-09,1905,176.0,9.94
A001,2026-11-09,1906,173.0,10.39
A001,2026-11-09,1907,173.0,9.74
A001,2026-11-09,1908,174.0,9.96
A001,2026-11-09,1909,173.0,9.5
A001,2026-11-09,1910,170.0,10.3
A001,2026-11-09,1911,170.0,10.41
A001,2026-11-09,1912,172.0,10.36
A001,2026-11-09,1913,174.0,10.08
A001,2026-11-09,1914,174.0,9.11
A001,2026-11-09,1915,172.0,9.63
A001,2026-11-09,1916,171.0,9.72
A001,2026-11-09,1917,172.0,9.68
A001,2026-11-09,1918,169.0,9.93
A001,2026-11-09,1919,169.0,10.7
A001,2026-11-09,1920,168.0,10.3
A001,2026-11-09,1921,167.0,9.18
A001,2026-11-09,1922,170.0,10.14
A001,2026-11-09,1923,169.0,10.08
A001,2026-11-09,1924,170.0,9.18
A001,2026-11-09,1925,169.0,10.13
A001,2026-11-09,1926,168.0,9.49
A001,2026-11-09,1927,169.0,8.71
A001,2026-11-09,1928,167.0,9.79
A001,2026-11-09,1929,168.0,9.61
A001,2026-11-09,1930,166.0,9.31
A001,2026-11-09,1931,168.0,9.39
A001,2026-11-09,1932,168.0,8.95
A001,2026-11-09,1933,165.0,9.71
A001,2026-11-09,1934,166.0,9.29
A001,2026-11-09,1935,165.0,9.38
A001,2026-11-09,1936,165.0,9.46
A001,2026-11-09,1937,163.0,8.52
A001,2026-11-09,1938,168.0,8.65
A001,2026-11-09,1939,167.0,7.83
A001,2026-11-09,1940,166.0,9.46
A001,2026-11-09,1941,169.0,8.37
A001,2026-11-09,1942,164.0,9.14
A001,2026-11-09,1943,170.0,9.26
A001,2026-11-09,1944,164.0,9.37
A001,2026-11-09,1945,164.0,8.26
A001,2026-11-09,1946,163.0,8.92
A001,2026-11-09,1947,164.0,9.93
A001,2026-11-09,1948,165.0,9.93
A001,2026-11-09,1949,163.0,9.47
A001,2026-11-09,1950,167.0,9.06
A001,2026-11-09,1951,163.0,8.23
A001,2026-11-09,1952,163.0,9.24
A001,2026-11-09,1953,161.0,8.69
A001,2026-11-09,1954,163.0,9.1
A001,2026-11-09,1955,162.0,8.37
A001,2026-11-09,1956,161.0,8.62
A001,2026-11-09,1957,160.0,8.81
A001,2026-11-09,1958,167.0,8.84
A001,2026-11-09,1959,161.0,8.97
A001,2026-11-09,1960,159.0,8.31
A001,2026-11-09,1961,160.0,7.84
A001,2026-11-09,1962,161.0,9.6
A001,2026-11-09,1963,162.0,10.11
A001,2026-11-09,1964,162.0,8.87
A001,2026-11-09,1965,163.0,7.79
A001,2026-11-09,1966,160.0,8.11
A001,2026-11-09,1967,162.0,8.87
A001,2026-11-09,1968,159.0,9.36
A001,2026-11-09,1969,160.0,7.82
A001,2026-11-09,1970,159.0,8.46
A001,2026-11-09,1971,158.0,8.65
A001,2026-11-09,1972,163.0,9.04
A001,2026-11-09,1973,162.0,8.31
A001,2026-11-09,1974,163.0,7.57
A001,2026-11-09,1975,161.0,8.88
A001,2026-11-09,1976,162.0,9.18
A001,2026-11-09,1977,157.0,8.45
A001,2026-11-09,1978,162.0,8.74
A001,2026-11-09,1979,161.0,8.22
A001,2026-11-09,1980,162.0,7.99
A001,2026-11-09,1981,161.0,9.12
A001,2026-11-09,1982,159.0,8.74
A001,2026-11-09,1983,158.0,8.8
A001,2026-11-09,1984,159.0,9.41
A001,2026-11-09,1985,162.0,7.88
A001,2026-11-09,1986,162.0,8.19
A001,2026-11-09,1987,158.0,8.62
A001,2026-11-09,1988,159.0,8.19
A001,2026-11-09,1989,159.0,9.01
A001,2026-11-09,1990,160.0,8.44
A001,2026-11-09,1991,158.0,7.96
A001,2026-11-09,1992,158.0,8.61
A001,2026-11-09,1993,160.0,8.68
A001,2026-11-09,1994,161.0,9.15
A001,2026-11-09,1995,159.0,8.84
A001,2026-11-09,1996,161.0,8.9
A001,2026-11-09,1997,164.0,8.83
A001,2026-11-09,1998,159.0,8.54
A001,2026-11-09,1999,161.0,8.24
A001,2026-11-09,2000,164.0,8.86
A001,2026-11-09,2001,161.0,8.5
A001,2026-11-09,2002,161.0,9.73
A001,2026-11-09,2003,165.0,9.54
A001,2026-11-09,2004,162.0,9.14
A001,2026-11-09,2005,165.0,9.01
A001,2026-11-09,2006,164.0,8.75
A001,2026-11-09,2007,162.0,8.07
A001,2026-11-09,2008,164.0,8.72
A001,2026-11-09,2009,164.0,8.93
A001,2026-11-09,2010,165.0,9.03
A001,2026-11-09,2011,162.0,9.2
A001,2026-11-09,2012,164.0,9.5
A001,2026-11-09,2013,164.0,8.56
A001,2026-11-09,2014,165.0,8.59
A001,2026-11-09,2015,162.0,9.9
A001,2026-11-09,2016,166.0,9.52
A001,2026-11-09,2017,165.0,8.85
A001,2026-11-09,2018,162.0,9.05
A001,2026-11-09,2019,167.0,9.08
A001,2026-11-09,2020,170.0,9.19
A001,2026-11-09,2021,167.0,9.49
A001,2026-11-09,2022,168.0,10.75
A001,2026-11-09,2023,166.0,9.38
A001,2026-11-09,2024,163.0,9.7
A001,2026-11-09,2025,163.0,8.32
A001,2026-11-09,2026,167.0,9.07
A001,2026-11-09,2027,166.0,10.14
A001,2026-11-09,2028,165.0,9.67
A001,2026-11-09,2029,167.0,6.83
A001,2026-11-09,2030,169.0,9.91
A001,2026-11-09,2031,165.0,10.69
A001,2026-11-09,2032,167.0,8.37
A001,2026-11-09,2033,171.0,10.52
A001,2026-11-09,2034,166.0,7.98
A001,2026-11-09,2035,170.0,10.24
A001,2026-11-09,2036,168.0,9.71
A001,2026-11-09,2037,170.0,8.35
A001,2026-11-09,2038,172.0,10.06
A001,2026-11-09,2039,171.0,10.52
A001,2026-11-09,2040,172.0,10.09
A001,2026-11-09,2041,168.0,10.21
A001,2026-11-09,2042,172.0,9.61
A001,2026-11-09,2043,168.0,8.73
A001,2026-11-09,2044,170.0,10.26
A001,2026-11-09,2045,170.0,10.89
A001,2026-11-09,2046,171.0,10.51
A001,2026-11-09,2047,170.0,8.63
A001,2026-11-09,2048,168.0,8.91
A001,2026-11-09,2049,167.0,9.3
A001,2026-11-09,2050,171.0,8.85
A001,2026-11-09,2051,170.0,9.82
A001,2026-11-09,2052,172.0,10.02
A001,2026-11-09,2053,169.0,8.92
A001,2026-11-09,2054,166.0,10.24
A001,2026-11-09,2055,171.0,10.12
A001,2026-11-09,2056,168.0,9.43
A001,2026-11-09,2057,170.0,9.64
A001,2026-11-09,2058,168.0,8.57
A001,2026-11-09,2059,172.0,9.53
A001,2026-11-09,2060,167.0,9.72
A001,2026-11-09,2061,168.0,9.81
A001,2026-11-09,2062,169.0,9.92
A001,2026-11-09,2063,166.0,9.83
A001,2026-11-09,2064,169.0,9.51
A001,2026-11-09,2065,172.0,9.83
A001,2026-11-09,2066,167.0,10.25
A001,2026-11-09,2067,169.0,9.57
A001,2026-11-09,2068,163.0,9.81
A001,2026-11-09,2069,168.0,9.49
A001,2026-11-09,2070,167.0,9.2
A001,2026-11-09,2071,166.0,9.89
A001,2026-11-09,2072,170.0,9.22
A001,2026-11-09,2073,167.0,9.77
A001,2026-11-09,2074,167.0,9.54
A001,2026-11-09,2075,167.0,9.32
A001,2026-11-09,2076,163.0,9.29
A001,2026-11-09,2077,165.0,9.16
A001,2026-11-09,2078,169.0,8.46
A001,2026-11-09,2079,163.0,9.66
A001,2026-11-09,2080,165.0,9.55
A001,2026-11-09,2081,166.0,9.9
A001,2026-11-09,2082,170.0,9.05
A001,2026-11-09,2083,168.0,10.48
A001,2026-11-09,2084,165.0,9.09
A001,2026-11-09,2085,169.0,8.77
A001,2026-11-09,2086,164.0,8.67
A001,2026-11-09,2087,168.0,8.21
A001,2026-11-09,2088,163.0,10.14
A001,2026-11-09,2089,167.0,10.02
A001,2026-11-09,2090,164.0,9.53
A001,2026-11-09,2091,163.0,8.6
A001,2026-11-09,2092,164.0,10.19
A001,2026-11-09,2093,165.0,8.87
A001,2026-11-09,2094,163.0,8.89
A001,2026-11-09,2095,165.0,9.88
A001,2026-11-09,2096,163.0,9.38
A001,2026-11-09,2097,165.0,10.27
A001,2026-11-09,2098,164.0,9.07
A001,2026-11-09,2099,163.0,8.65
A001,2026-11-09,2100,162.0,8.48
A001,2026-11-09,2101,163.0,7.71
A001,2026-11-09,2102,164.0,8.61
A001,2026-11-09,2103,166.0,9.43
A001,2026-11-09,2104,164.0,9.06
A001,2026-11-09,2105,164.0,8.68
A001,2026-11-09,2106,168.0,8.03
A001,2026-11-09,2107,162.0,8.72
A001,2026-11-09,2108,162.0,9.15
A001,2026-11-09,2109,162.0,8.76
A001,2026-11-09,2110,158.0,8.56
A001,2026-11-09,2111,159.0,7.94
A001,2026-11-09,2112,159.0,8.89
A001,2026-11-09,2113,161.0,6.45
A001,2026-11-09,2114,159.0,8.51
A001,2026-11-09,2115,159.0,9.78
A001,2026-11-09,2116,161.0,7.29
A001,2026-11-09,2117,160.0,8.0
A001,2026-11-09,2118,158.0,8.09
A001,2026-11-09,2119,156.0,7.77
A001,2026-11-09,2120,159.0,8.62
A001,2026-11-09,2121,158.0,8.23
A001,2026-11-09,2122,153.0,7.99
A001,2026-11-09,2123,156.0,8.33
A001,2026-11-09,2124,156.0,7.81
A001,2026-11-09,2125,157.0,9.65
A001,2026-11-09,2126,157.0,7.78
A001,2026-11-09,2127,155.0,7.75
A001,2026-11-09,2128,156.0,6.56
A001,2026-11-09,2129,154.0,7.2
A001,2026-11-09,2130,152.0,8.16
A001,2026-11-09,2131,153.0,6.61
A001,2026-11-09,2132,153.0,6.06
A001,2026-11-09,2133,152.0,7.32
A001,2026-11-09,2134,148.0,8.07
A001,2026-11-09,2135,151.0,7.21
A001,2026-11-09,2136,151.0,6.92
A001,2026-11-09,2137,150.0,5.95
A001,2026-11-09,2138,150.0,7.28
A001,2026-11-09,2139,151.0,7.34
A001,2026-11-09,2140,147.0,5.82
A001,2026-11-09,2141,146.0,7.5
A001,2026-11-09,2142,148.0,7.22
A001,2026-11-09,2143,150.0,7.38
A001,2026-11-09,2144,151.0,6.99
A001,2026-11-09,2145,149.0,6.96
A001,2026-11-09,2146,144.0,6.82
A001,2026-11-09,2147,146.0,6.97
A001,2026-11-09,2148,147.0,5.29
A001,2026-11-09,2149,146.0,5.41
A001,2026-11-09,2150,146.0,5.81
A001,2026-11-09,2151,143.0,6.11
A001,2026-11-09,2152,145.0,6.35
A001,2026-11-09,2153,145.0,6.25
A001,2026-11-09,2154,145.0,6.66
A001,2026-11-09,2155,141.0,6.61
A001,2026-11-09,2156,142.0,5.33
A001,2026-11-09,2157,137.0,5.93
A001,2026-11-09,2158,140.0,5.21
A001,2026-11-09,2159,140.0,5.54
A001,2026-11-09,2160,139.0,5.77
A001,2026-11-09,2161,141.0,3.47
A001,2026-11-09,2162,140.0,6.89
A001,2026-11-09,2163,135.0,5.71
A001,2026-11-09,2164,139.0,4.95
A001,2026-11-09,2165,137.0,6.39
A001,2026-11-09,2166,139.0,4.96
A001,2026-11-09,2167,135.0,5.18
A001,2026-11-09,2168,137.0,4.74
A001,2026-11-09,2169,136.0,5.95
A001,2026-11-09,2170,137.0,4.83
A001,2026-11-09,2171,136.0,4.91
A001,2026-11-09,2172,135.0,5.47
A001,2026-11-09,2173,132.0,5.03
A001,2026-11-09,2174,131.0,4.58
A001,2026-11-09,2175,133.0,5.21
A001,2026-11-09,2176,133.0,6.0
A001,2026-11-09,2177,132.0,4.59
A001,2026-11-09,2178,134.0,4.4
A001,2026-11-09,2179,131.0,4.37
A001,2026-11-09,2180,129.0,4.98
A001,2026-11-09,2181,130.0,3.77
A001,2026-11-09,2182,131.0,3.89
A001,2026-11-09,2183,131.0,3.07
A001,2026-11-09,2184,133.0,3.21
A001,2026-11-09,2185,128.0,3.54
A001,2026-11-09,2186,128.0,3.75
A001,2026-11-09,2187,129.0,4.77
A001,2026-11-09,2188,128.0,3.97
A001,2026-11-09,2189,126.0,3.03
A001,2026-11-09,2190,124.0,3.07
A001,2026-11-09,2191,125.0,4.26
A001,2026-11-09,2192,124.0,4.05
A001,2026-11-09,2193,122.0,3.32
A001,2026-11-09,2194,123.0,2.97
A001,2026-11-09,2195,122.0,3.85
A001,2026-11-09,2196,125.0,2.51
A001,2026-11-09,2197,125.0,3.27
A001,2026-11-09,2198,121.0,4.34
A001,2026-11-09,2199,122.0,3.03
A001,2026-11-09,2200,118.0,2.37
A001,2026-11-09,2201,121.0,3.02
A001,2026-11-09,2202,122.0,2.43
A001,2026-11-09,2203,122.0,1.81
A001,2026-11-09,2204,119.0,3.0
A001,2026-11-09,2205,122.0,3.19
A001,2026-11-09,2206,116.0,2.27
A001,2026-11-09,2207,117.0,2.16
A001,2026-11-09,2208,120.0,1.75
A001,2026-11-09,2209,122.0,2.17
A001,2026-11-09,2210,119.0,1.87
A001,2026-11-09,2211,117.0,1.53
A001,2026-11-09,2212,113.0,3.21
A001,2026-11-09,2213,112.0,2.3
A001,2026-11-09,2214,116.0,2.34
A001,2026-11-09,2215,115.0,2.53
A001,2026-11-09,2216,113.0,2.46
A001,2026-11-09,2217,115.0,1.75
A001,2026-11-09,2218,115.0,2.16
A001,2026-11-09,2219,116.0,1.84
A001,2026-11-09,2220,114.0,2.26
A001,2026-11-09,2221,116.0,2.21
A001,2026-11-09,2222,113.0,1.77
A001,2026-11-09,2223,112.0,1.2
A001,2026-11-09,2224,114.0,2.09
A001,2026-11-09,2225,110.0,1.88
A001,2026-11-09,2226,117.0,0.87
A001,2026-11-09,2227,112.0,2.3
A001,2026-11-09,2228,111.0,2.58
A001,2026-11-09,2229,111.0,3.52
A001,2026-11-09,2230,114.0,1.77
A001,2026-11-09,2231,111.0,1.68
A001,2026-11-09,2232,106.0,1.33
A001,2026-11-09,2233,112.0,2.13
A001,2026-11-09,2234,108.0,2.12
A001,2026-11-09,2235,108.0,1.51
A001,2026-11-09,2236,105.0,1.9
A001,2026-11-09,2237,109.0,0.81
A001,2026-11-09,2238,106.0,2.56
A001,2026-11-09,2239,107.0,1.54
A001,2026-11-09,2240,106.0,1.98
A001,2026-11-09,2241,110.0,1.14
A001,2026-11-09,2242,110.0,1.65
A001,2026-11-09,2243,106.0,1.83
A001,2026-11-09,2244,105.0,1.99
A001,2026-11-09,2245,104.0,2.29
A001,2026-11-09,2246,107.0,2.86
A001,2026-11-09,2247,104.0,2.44
A001,2026-11-09,2248,103.0,2.58
A001,2026-11-09,2249,106.0,2.87
A001,2026-11-09,2250,102.0,2.34
A001,2026-11-09,2251,103.0,1.98
A001,2026-11-09,2252,99.0,2.61
A001,2026-11-09,2253,104.0,2.64
A001,2026-11-09,2254,106.0,2.39
A001,2026-11-09,2255,103.0,1.13
A001,2026-11-09,2256,104.0,1.5
A001,2026-11-09,2257,100.0,1.84
A001,2026-11-09,2258,101.0,2.47
A001,2026-11-09,2259,99.0,1.99
A001,2026-11-09,2260,100.0,2.68
A001,2026-11-09,2261,102.0,2.79
A001,2026-11-09,2262,100.0,2.72
A001,2026-11-09,2263,97.0,2.72
A001,2026-11-09,2264,97.0,1.38
A001,2026-11-09,2265,96.0,2.29
A001,2026-11-09,2266,100.0,1.64
A001,2026-11-09,2267,103.0,1.01
A001,2026-11-09,2268,101.0,1.83
A001,2026-11-09,2269,94.0,2.79
A001,2026-11-09,2270,101.0,2.28
A001,2026-11-09,2271,99.0,3.21
A001,2026-11-09,2272,94.0,2.11
A001,2026-11-09,2273,96.0,3.47
A001,2026-11-09,2274,99.0,2.11
A001,2026-11-09,2275,98.0,2.01
A001,2026-11-09,2276,94.0,1.23
A001,2026-11-09,2277,97.0,2.67
A001,2026-11-09,2278,91.0,1.7
A001,2026-11-09,2279,95.0,1.61
A001,2026-11-09,2280,97.0,2.77
A001,2026-11-09,2281,95.0,2.69
A001,2026-11-09,2282,94.0,2.68
A001,2026-11-09,2283,96.0,1.78
A001,2026-11-09,2284,96.0,1.97
A001,2026-11-09,2285,97.0,1.96
A001,2026-11-09,2286,95.0,2.47
A001,2026-11-09,2287,96.0,2.93
A001,2026-11-09,2288,95.0,2.22
A001,2026-11-09,2289,94.0,3.18
A001,2026-11-09,2290,93.0,2.54
A001,2026-11-09,2291,92.0,1.86
A001,2026-11-09,2292,90.0,2.5
A001,2026-11-09,2293,90.0,3.02
A001,2026-11-09,2294,91.0,3.2
A001,2026-11-09,2295,92.0,2.71
A001,2026-11-09,2296,94.0,2.02
A001,2026-11-09,2297,91.0,1.87
A001,2026-11-09,2298,93.0,2.35
A001,2026-11-09,2299,93.0,3.0
A001,2026-11-09,2300,90.0,2.26
A001,2026-11-09,2301,91.0,2.27
A001,2026-11-09,2302,90.0,2.03
A001,2026-11-09,2303,92.0,1.8
A001,2026-11-09,2304,91.0,1.9
A001,2026-11-09,2305,87.0,2.08
A001,2026-11-09,2306,89.0,3.03
A001,2026-11-09,2307,92.0,1.86
A001,2026-11-09,2308,88.0,2.03
A001,2026-11-09,2309,89.0,1.48
A001,2026-11-09,2310,89.0,2.43
A001,2026-11-09,2311,86.0,2.82
A001,2026-11-09,2312,89.0,2.97
A001,2026-11-09,2313,85.0,2.12
A001,2026-11-09,2314,86.0,2.34
A001,2026-11-09,2315,89.0,1.91
A001,2026-11-09,2316,87.0,2.32
A001,2026-11-09,2317,86.0,2.19
A001,2026-11-09,2318,87.0,2.03
A001,2026-11-09,2319,86.0,2.08
A001,2026-11-09,2320,86.0,2.27
A001,2026-11-09,2321,87.0,1.82
A001,2026-11-09,2322,84.0,1.85
A001,2026-11-09,2323,85.0,3.02
A001,2026-11-09,2324,84.0,3.63
A001,2026-11-09,2325,81.0,1.28
A001,2026-11-09,2326,83.0,1.24
A001,2026-11-09,2327,87.0,1.43
A001,2026-11-09,2328,85.0,1.94
A001,2026-11-09,2329,81.0,2.54
A001,2026-11-09,2330,80.0,2.35
A001,2026-11-09,2331,83.0,2.1
A001,2026-11-09,2332,86.0,2.32
A001,2026-11-09,2333,82.0,1.58
A001,2026-11-09,2334,85.0,1.85
A001,2026-11-09,2335,83.0,1.99
A001,2026-11-09,2336,83.0,1.05
A001,2026-11-09,2337,80.0,1.3
A001,2026-11-09,2338,84.0,1.33
A001,2026-11-09,2339,82.0,2.46
A001,2026-11-09,2340,84.0,2.15
A001,2026-11-09,2341,81.0,2.37
A001,2026-11-09,2342,83.0,0.9
A001,2026-11-09,2343,83.0,1.11
A001,2026-11-09,2344,82.0,2.4
A001,2026-11-09,2345,83.0,0.33
A001,2026-11-09,2346,82.0,2.73
A001,2026-11-09,2347,81.0,0.91
A001,2026-11-09,2348,86.0,2.51
A001,2026-11-09,2349,84.0,1.47
A001,2026-11-09,2350,81.0,2.63
A001,2026-11-09,2351,84.0,3.92
A001,2026-11-09,2352,81.0,0.64
A001,2026-11-09,2353,80.0,2.42
A001,2026-11-09,2354,84.0,0.92
A001,2026-11-09,2355,79.0,2.26
A001,2026-11-09,2356,84.0,1.88
A001,2026-11-09,2357,82.0,2.08
A001,2026-11-09,2358,82.0,1.45
A001,2026-11-09,2359,83.0,2.47
A001,2026-11-09,2360,84.0,1.13
A001,2026-11-09,2361,81.0,2.74
A001,2026-11-09,2362,84.0,1.75
A001,2026-11-09,2363,83.0,1.16
A001,2026-11-09,2364,80.0,2.96
A001,2026-11-09,2365,82.0,1.96
A001,2026-11-09,2366,85.0,3.14
A001,2026-11-09,2367,86.0,2.73
A001,2026-11-09,2368,84.0,1.52
A001,2026-11-09,2369,80.0,1.95
A001,2026-11-09,2370,83.0,2.07
A001,2026-11-09,2371,84.0,2.92
A001,2026-11-09,2372,84.0,2.26
A001,2026-11-09,2373,84.0,2.11
A001,2026-11-09,2374,83.0,1.88
A001,2026-11-09,2375,82.0,1.97
A001,2026-11-09,2376,81.0,2.78
A001,2026-11-09,2377,79.0,2.0
A001,2026-11-09,2378,83.0,1.76
A001,2026-11-09,2379,83.0,1.66
A001,2026-11-09,2380,84.0,1.67
A001,2026-11-09,2381,80.0,1.16
A001,2026-11-09,2382,84.0,1.55
A001,2026-11-09,2383,87.0,2.9
A001,2026-11-09,2384,83.0,1.88
A001,2026-11-09,2385,82.0,2.42
A001,2026-11-09,2386,83.0,0.51
A001,2026-11-09,2387,86.0,2.34
A001,2026-11-09,2388,80.0,1.9
A001,2026-11-09,2389,83.0,1.71
A001,2026-11-09,2390,81.0,2.11
A001,2026-11-09,2391,81.0,1.7
A001,2026-11-09,2392,82.0,0.73
A001,2026-11-09,2393,85.0,2.55
A001,2026-11-09,2394,86.0,2.15
A001,2026-11-09,2395,83.0,1.81
A001,2026-11-09,2396,82.0,1.42
A001,2026-11-09,2397,87.0,1.12
A001,2026-11-09,2398,82.0,2.13
A001,2026-11-09,2399,81.0,2.97
A002,2026-11-09,0,87.0,2.46
A002,2026-11-09,1,90.0,1.71
A002,2026-11-09,2,89.0,2.7
A002,2026-11-09,3,91.0,1.76
A002,2026-11-09,4,91.0,2.38
A002,2026-11-09,5,83.0,2.11
A002,2026-11-09,6,90.0,2.45
A002,2026-11-09,7,87.0,2.07
A002,2026-11-09,8,87.0,1.0
A002,2026-11-09,9,89.0,2.61
A002,2026-11-09,10,90.0,1.95
A002,2026-11-09,11,86.0,2.47
A002,2026-11-09,12,91.0,2.41
A002,2026-11-09,13,91.0,1.54
A002,2026-11-09,14,89.0,1.45
A002,2026-11-09,15,88.0,2.39
A002,2026-11-09,16,87.0,1.82
A002,2026-11-09,17,91.0,2.56
A002,2026-11-09,18,86.0,1.89
A002,2026-11-09,19,91.0,2.61
A002,2026-11-09,20,89.0,2.25
A002,2026-11-09,21,89.0,2.17
A002,2026-11-09,22,86.0,1.78
A002,2026-11-09,23,89.0,2.14
A002,2026-11-09,24,91.0,2.72
A002,2026-11-09,25,87.0,1.97
A002,2026-11-09,26,90.0,2.32
A002,2026-11-09,27,90.0,2.03
A002,2026-11-09,28,88.0,2.07
A002,2026-11-09,29,91.0,3.03
A002,2026-11-09,30,85.0,2.72
A002,2026-11-09,31,90.0,2.05
A002,2026-11-09,32,93.0,2.13
A002,2026-11-09,33,92.0,1.58
A002,2026-11-09,34,90.0,1.9
A002,2026-11-09,35,89.0,2.19
A002,2026-11-09,36,88.0,2.51
A002,2026-11-09,37,89.0,2.45
A002,2026-11-09,38,90.0,1.33
A002,2026-11-09,39,88.0,2.59
A002,2026-11-09,40,91.0,1.95
A002,2026-11-09,41,94.0,1.41
A002,2026-11-09,42,89.0,2.8
A002,2026-11-09,43,87.0,2.88
A002,2026-11-09,44,87.0,2.16
A002,2026-11-09,45,91.0,2.43
A002,2026-11-09,46,89.0,2.46
A002,2026-11-09,47,91.0,2.84
A002,2026-11-09,48,88.0,2.44
A002,2026-11-09,49,91.0,1.2
A002,2026-11-09,50,89.0,3.21
A002,2026-11-09,51,88.0,2.64
A002,2026-11-09,52,89.0,1.69
A002,2026-11-09,53,87.0,1.38
A002,2026-11-09,54,93.0,2.3
A002,2026-11-09,55,89.0,1.83
A002,2026-11-09,56,91.0,2.2
A002,2026-11-09,57,88.0,2.45
A002,2026-11-09,58,87.0,1.66
A002,2026-11-09,59,89.0,1.33
A002,2026-11-09,60,92.0,2.23
A002,2026-11-09,61,88.0,1.68
A002,2026-11-09,62,88.0,2.09
A002,2026-11-09,63,90.0,1.19
A002,2026-11-09,64,90.0,1.85
A002,2026-11-09,65,93.0,2.43
A002,2026-11-09,66,90.0,2.36
A002,2026-11-09,67,91.0,1.53
A002,2026-11-09,68,91.0,1.3
A002,2026-11-09,69,87.0,2.01
A002,2026-11-09,70,87.0,2.34
A002,2026-11-09,71,87.0,2.24
A002,2026-11-09,72,87.0,1.69
A002,2026-11-09,73,91.0,2.18
A002,2026-11-09,74,90.0,2.9
A002,2026-11-09,75,90.0,2.12
A002,2026-11-09,76,84.0,1.02
A002,2026-11-09,77,93.0,2.12
A002,2026-11-09,78,88.0,3.23
A002,2026-11-09,79,93.0,1.23
A002,2026-11-09,80,86.0,2.02
A002,2026-11-09,81,88.0,1.86
A002,2026-11-09,82,85.0,2.06
A002,2026-11-09,83,90.0,2.12
A002,2026-11-09,84,87.0,2.68
A002,2026-11-09,85,87.0,2.05
A002,2026-11-09,86,87.0,2.77
A002,2026-11-09,87,91.0,1.93
A002,2026-11-09,88,91.0,1.79
A002,2026-11-09,89,94.0,1.6
A002,2026-11-09,90,89.0,0.91
A002,2026-11-09,91,91.0,2.17
A002,2026-11-09,92,88.0,3.23
A002,2026-11-09,93,91.0,2.27
A002,2026-11-09,94,91.0,2.41
A002,2026-11-09,95,93.0,1.75
A002,2026-11-09,96,94.0,1.85
A002,2026-11-09,97,94.0,2.59
A002,2026-11-09,98,91.0,3.21
A002,2026-11-09,99,95.0,2.89
A002,2026-11-09,100,93.0,2.48
A002,2026-11-09,101,93.0,2.02
A002,2026-11-09,102,92.0,2.13
A002,2026-11-09,103,93.0,1.55
A002,2026-11-09,104,98.0,1.13
A002,2026-11-09,105,95.0,1.32
A002,2026-11-09,106,95.0,2.03
A002,2026-11-09,107,95.0,1.82
A002,2026-11-09,108,100.0,1.12
A002,2026-11-09,109,98.0,1.98
A002,2026-11-09,110,95.0,1.81
A002,2026-11-09,111,96.0,1.3
A002,2026-11-09,112,96.0,1.78
A002,2026-11-09,113,97.0,1.81
A002,2026-11-09,114,96.0,1.63
A002,2026-11-09,115,98.0,2.56
A002,2026-11-09,116,101.0,0.86
A002,2026-11-09,117,95.0,0.81
A002,2026-11-09,118,96.0,2.0
A002,2026-11-09,119,97.0,2.06
A002,2026-11-09,120,98.0,2.24
A002,2026-11-09,121,103.0,1.68
A002,2026-11-09,122,101.0,1.45
A002,2026-11-09,123,101.0,2.0
A002,2026-11-09,124,99.0,1.74
A002,2026-11-09,125,99.0,2.93
A002,2026-11-09,126,97.0,1.81
A002,2026-11-09,127,102.0,1.97
A002,2026-11-09,128,102.0,3.49
A002,2026-11-09,129,104.0,1.88
A002,2026-11-09,130,101.0,2.33
A002,2026-11-09,131,101.0,2.39
A002,2026-11-09,132,102.0,2.44
A002,2026-11-09,133,104.0,2.17
A002,2026-11-09,134,99.0,2.12
A002,2026-11-09,135,104.0,2.06
A002,2026-11-09,136,103.0,1.65
A002,2026-11-09,137,101.0,2.2
A002,2026-11-09,138,99.0,3.22
A002,2026-11-09,139,103.0,2.73
A002,2026-11-09,140,107.0,2.18
A002,2026-11-09,141,107.0,2.51
A002,2026-11-09,142,105.0,1.48
A002,2026-11-09,143,109.0,1.84
A002,2026-11-09,144,105.0,2.57
A002,2026-11-09,145,107.0,2.89
A002,2026-11-09,146,104.0,1.54
A002,2026-11-09,147,104.0,1.71
A002,2026-11-09,148,104.0,3.31
A002,2026-11-09,149,102.0,2.06
A002,2026-11-09,150,109.0,3.09
A002,2026-11-09,151,105.0,2.12
A002,2026-11-09,152,105.0,2.15
A002,2026-11-09,153,105.0,1.82
A002,2026-11-09,154,107.0,2.57
A002,2026-11-09,155,111.0,2.81
A002,2026-11-09,156,112.0,1.38
A002,2026-11-09,157,104.0,1.79
A002,2026-11-09,158,107.0,2.55
A002,2026-11-09,159,106.0,1.92
A002,2026-11-09,160,110.0,1.7
A002,2026-11-09,161,109.0,2.61
A002,2026-11-09,162,108.0,2.66
A002,2026-11-09,163,109.0,1.73
A002,2026-11-09,164,108.0,2.13
A002,2026-11-09,165,113.0,1.27
A002,2026-11-09,166,111.0,1.46
A002,2026-11-09,167,111.0,2.07
A002,2026-11-09,168,105.0,2.02
A002,2026-11-09,169,110.0,1.42
A002,2026-11-09,170,115.0,1.57
A002,2026-11-09,171,113.0,1.36
A002,2026-11-09,172,107.0,2.27
A002,2026-11-09,173,110.0,0.82
A002,2026-11-09,174,109.0,1.39
A002,2026-11-09,175,115.0,0.88
A002,2026-11-09,176,112.0,2.25
A002,2026-11-09,177,110.0,0.92
A002,2026-11-09,178,112.0,2.02
A002,2026-11-09,179,107.0,2.98
A002,2026-11-09,180,110.0,3.0
A002,2026-11-09,181,112.0,0.92
A002,2026-11-09,182,114.0,2.18
A002,2026-11-09,183,109.0,1.41
A002,2026-11-09,184,112.0,1.28
A002,2026-11-09,185,115.0,1.93
A002,2026-11-09,186,110.0,2.74
A002,2026-11-09,187,114.0,2.36
A002,2026-11-09,188,113.0,1.57
A002,2026-11-09,189,117.0,2.42
A002,2026-11-09,190,113.0,0.65
A002,2026-11-09,191,113.0,1.55
A002,2026-11-09,192,116.0,1.51
A002,2026-11-09,193,111.0,2.05
A002,2026-11-09,194,114.0,1.88
A002,2026-11-09,195,113.0,1.92
A002,2026-11-09,196,114.0,1.9
A002,2026-11-09,197,116.0,2.01
A002,2026-11-09,198,116.0,2.32
A002,2026-11-09,199,113.0,2.09
A002,2026-11-09,200,115.0,1.83
A002,2026-11-09,201,118.0,2.24
A002,2026-11-09,202,113.0,2.5
A002,2026-11-09,203,116.0,1.67
A002,2026-11-09,204,115.0,1.96
A002,2026-11-09,205,115.0,2.7
A002,2026-11-09,206,112.0,1.34
A002,2026-11-09,207,119.0,3.08
A002,2026-11-09,208,114.0,1.2
A002,2026-11-09,209,118.0,1.79
A002,2026-11-09,210,115.0,1.43
A002,2026-11-09,211,115.0,3.31
A002,2026-11-09,212,119.0,1.7
A002,2026-11-09,213,118.0,1.7
A002,2026-11-09,214,117.0,1.78
A002,2026-11-09,215,118.0,2.06
A002,2026-11-09,216,116.0,1.8
A002,2026-11-09,217,117.0,1.92
A002,2026-11-09,218,116.0,0.0
A002,2026-11-09,219,119.0,2.03
A002,2026-11-09,220,116.0,2.01
A002,2026-11-09,221,120.0,2.62
A002,2026-11-09,222,117.0,2.79
A002,2026-11-09,223,117.0,1.89
A002,2026-11-09,224,119.0,2.49
A002,2026-11-09,225,118.0,1.34
A002,2026-11-09,226,117.0,2.46
A002,2026-11-09,227,118.0,1.66
A002,2026-11-09,228,120.0,1.29
A002,2026-11-09,229,117.0,1.89
A002,2026-11-09,230,118.0,2.84
A002,2026-11-09,231,118.0,2.11
A002,2026-11-09,232,120.0,2.9
A002,2026-11-09,233,118.0,1.55
A002,2026-11-09,234,122.0,2.63
A002,2026-11-09,235,118.0,1.61
A002,2026-11-09,236,118.0,2.14
A002,2026-11-09,237,118.0,2.13
A002,2026-11-09,238,116.0,2.4
A002,2026-11-09,239,117.0,2.15
A002,2026-11-09,240,118.0,1.56
A002,2026-11-09,241,121.0,2.53
A002,2026-11-09,242,119.0,3.04
A002,2026-11-09,243,118.0,1.65
A002,2026-11-09,244,122.0,0.9
A002,2026-11-09,245,123.0,2.3
A002,2026-11-09,246,122.0,1.8
A002,2026-11-09,247,118.0,1.92
A002,2026-11-09,248,119.0,2.33
A002,2026-11-09,249,124.0,1.73
A002,2026-11-09,250,121.0,1.84
A002,2026-11-09,251,120.0,1.94
A002,2026-11-09,252,122.0,2.88
A002,2026-11-09,253,123.0,2.02
A002,2026-11-09,254,120.0,1.26
A002,2026-11-09,255,121.0,1.28
A002,2026-11-09,256,123.0,2.08
A002,2026-11-09,257,119.0,1.32
A002,2026-11-09,258,121.0,1.06
A002,2026-11-09,259,119.0,2.38
A002,2026-11-09,260,119.0,2.41
A002,2026-11-09,261,120.0,1.78
A002,2026-11-09,262,123.0,2.19
A002,2026-11-09,263,121.0,2.15
A002,2026-11-09,264,121.0,2.42
A002,2026-11-09,265,122.0,2.44
A002,2026-11-09,266,120.0,0.54
A002,2026-11-09,267,123.0,1.98
A002,2026-11-09,268,125.0,2.46
A002,2026-11-09,269,123.0,1.93
A002,2026-11-09,270,122.0,2.22
A002,2026-11-09,271,124.0,2.67
A002,2026-11-09,272,119.0,2.29
A002,2026-11-09,273,124.0,3.17
A002,2026-11-09,274,130.0,2.97
A002,2026-11-09,275,123.0,2.25
A002,2026-11-09,276,124.0,2.23
A002,2026-11-09,277,126.0,0.67
A002,2026-11-09,278,127.0,2.21
A002,2026-11-09,279,126.0,1.62
A002,2026-11-09,280,120.0,2.59
A002,2026-11-09,281,126.0,2.58
A002,2026-11-09,282,130.0,2.94
A002,2026-11-09,283,126.0,3.39
A002,2026-11-09,284,123.0,2.56
A002,2026-11-09,285,126.0,3.98
A002,2026-11-09,286,123.0,2.78
A002,2026-11-09,287,128.0,1.89
A002,2026-11-09,288,124.0,2.37
A002,2026-11-09,289,127.0,2.52
A002,2026-11-09,290,125.0,3.13
A002,2026-11-09,291,126.0,2.24
A002,2026-11-09,292,130.0,2.66
A002,2026-11-09,293,127.0,2.78
A002,2026-11-09,294,126.0,2.65
A002,2026-11-09,295,125.0,3.44
A002,2026-11-09,296,124.0,3.37
A002,2026-11-09,297,126.0,3.73
A002,2026-11-09,298,129.0,2.87
A002,2026-11-09,299,131.0,3.82
A002,2026-11-09,300,128.0,2.32
A002,2026-11-09,301,132.0,2.35
A002,2026-11-09,302,128.0,2.49
A002,2026-11-09,303,129.0,3.27
A002,2026-11-09,304,128.0,4.03
A002,2026-11-09,305,132.0,2.99
A002,2026-11-09,306,135.0,3.1
A002,2026-11-09,307,127.0,3.3
A002,2026-11-09,308,130.0,3.82
A002,2026-11-09,309,134.0,3.23
A002,2026-11-09,310,129.0,3.25
A002,2026-11-09,311,133.0,2.8
A002,2026-11-09,312,135.0,3.31
A002,2026-11-09,313,133.0,4.41
A002,2026-11-09,314,134.0,3.81
A002,2026-11-09,315,137.0,3.35
A002,2026-11-09,316,137.0,4.59
A002,2026-11-09,317,134.0,3.54
A002,2026-11-09,318,133.0,4.8
A002,2026-11-09,319,133.0,4.84
A002,2026-11-09,320,137.0,4.08
A002,2026-11-09,321,132.0,3.2
A002,2026-11-09,322,135.0,5.52
A002,2026-11-09,323,136.0,4.43
A002,2026-11-09,324,135.0,4.06
A002,2026-11-09,325,137.0,4.88
A002,2026-11-09,326,142.0,4.78
A002,2026-11-09,327,137.0,5.2
A002,2026-11-09,328,137.0,4.07
A002,2026-11-09,329,140.0,4.71
A002,2026-11-09,330,139.0,3.86
A002,2026-11-09,331,141.0,5.03
A002,2026-11-09,332,139.0,4.67
A002,2026-11-09,333,139.0,4.91
A002,2026-11-09,334,136.0,4.71
A002,2026-11-09,335,137.0,4.7
A002,2026-11-09,336,,4.39
A002,2026-11-09,337,142.0,5.44
A002,2026-11-09,338,138.0,5.92
A002,2026-11-09,339,144.0,4.75
A002,2026-11-09,340,142.0,5.48
A002,2026-11-09,341,142.0,5.46
A002,2026-11-09,342,141.0,5.27
A002,2026-11-09,343,144.0,4.41
A002,2026-11-09,344,142.0,4.6
A002,2026-11-09,345,142.0,4.98
A002,2026-11-09,346,147.0,4.22
A002,2026-11-09,347,145.0,6.41
A002,2026-11-09,348,145.0,5.85
A002,2026-11-09,349,147.0,5.67
A002,2026-11-09,350,146.0,4.44
A002,2026-11-09,351,147.0,4.72
A002,2026-11-09,352,145.0,5.87
A002,2026-11-09,353,151.0,7.12
A002,2026-11-09,354,146.0,5.58
A002,2026-11-09,355,151.0,6.58
A002,2026-11-09,356,148.0,5.84
A002,2026-11-09,357,150.0,6.22
A002,2026-11-09,358,150.0,6.98
A002,2026-11-09,359,152.0,6.11
A002,2026-11-09,360,148.0,5.96
A002,2026-11-09,361,152.0,7.29
A002,2026-11-09,362,154.0,6.53
A002,2026-11-09,363,151.0,7.22
A002,2026-11-09,364,152.0,6.22
A002,2026-11-09,365,151.0,7.54
A002,2026-11-09,366,152.0,6.92
A002,2026-11-09,367,156.0,7.08
A002,2026-11-09,368,151.0,6.96
A002,2026-11-09,369,152.0,6.65
A002,2026-11-09,370,157.0,7.01
A002,2026-11-09,371,156.0,6.81
A002,2026-11-09,372,159.0,7.71
A002,2026-11-09,373,154.0,7.08
A002,2026-11-09,374,156.0,6.37
A002,2026-11-09,375,155.0,6.32
A002,2026-11-09,376,157.0,6.35
A002,2026-11-09,377,153.0,7.82
A002,2026-11-09,378,159.0,6.82
A002,2026-11-09,379,158.0,7.75
A002,2026-11-09,380,158.0,7.72
A002,2026-11-09,381,158.0,7.66
A002,2026-11-09,382,157.0,8.02
A002,2026-11-09,383,161.0,7.91
A002,2026-11-09,384,157.0,6.25
A002,2026-11-09,385,161.0,7.75
A002,2026-11-09,386,164.0,8.25
A002,2026-11-09,387,164.0,9.04
A002,2026-11-09,388,158.0,9.13
A002,2026-11-09,389,160.0,7.36
A002,2026-11-09,390,163.0,8.03
A002,2026-11-09,391,162.0,7.35
A002,2026-11-09,392,160.0,9.26
A002,2026-11-09,393,164.0,9.02
A002,2026-11-09,394,163.0,8.68
A002,2026-11-09,395,167.0,8.62
A002,2026-11-09,396,164.0,9.41
A002,2026-11-09,397,167.0,9.36
A002,2026-11-09,398,162.0,9.38
A002,2026-11-09,399,163.0,9.02
A002,2026-11-09,400,167.0,8.59
A002,2026-11-09,401,168.0,9.31
A002,2026-11-09,402,164.0,9.39
A002,2026-11-09,403,166.0,8.84
A002,2026-11-09,404,164.0,8.79
A002,2026-11-09,405,167.0,9.74
A002,2026-11-09,406,169.0,10.11
A002,2026-11-09,407,167.0,8.71
A002,2026-11-09,408,168.0,9.05
A002,2026-11-09,409,166.0,9.46
A002,2026-11-09,410,167.0,9.59
A002,2026-11-09,411,173.0,9.04
A002,2026-11-09,412,169.0,10.53
A002,2026-11-09,413,168.0,9.7
A002,2026-11-09,414,169.0,9.81
A002,2026-11-09,415,167.0,10.59
A002,2026-11-09,416,168.0,9.31
A002,2026-11-09,417,173.0,9.57
A002,2026-11-09,418,171.0,8.91
A002,2026-11-09,419,175.0,9.6
A002,2026-11-09,420,171.0,8.85
A002,2026-11-09,421,172.0,10.23
A002,2026-11-09,422,173.0,10.08
A002,2026-11-09,423,167.0,9.7
A002,2026-11-09,424,173.0,9.84
A002,2026-11-09,425,173.0,10.39
A002,2026-11-09,426,176.0,9.29
A002,2026-11-09,427,175.0,10.13
A002,2026-11-09,428,171.0,10.46
A002,2026-11-09,429,176.0,9.01
A002,2026-11-09,430,173.0,10.52
A002,2026-11-09,431,172.0,9.14
A002,2026-11-09,432,175.0,10.11
A002,2026-11-09,433,174.0,9.51
A002,2026-11-09,434,178.0,11.1
A002,2026-11-09,435,176.0,9.57
A002,2026-11-09,436,176.0,9.3
A002,2026-11-09,437,177.0,10.4
A002,2026-11-09,438,178.0,10.1
A002,2026-11-09,439,177.0,9.47
A002,2026-11-09,440,179.0,10.72
A002,2026-11-09,441,177.0,9.23
A002,2026-11-09,442,176.0,9.83
A002,2026-11-09,443,179.0,10.13
A002,2026-11-09,444,176.0,10.98
A002,2026-11-09,445,177.0,11.29
A002,2026-11-09,446,180.0,11.2
A002,2026-11-09,447,180.0,10.46
A002,2026-11-09,448,177.0,9.12
A002,2026-11-09,449,176.0,10.83
A002,2026-11-09,450,180.0,11.49
A002,2026-11-09,451,179.0,11.37
A002,2026-11-09,452,178.0,10.92
A002,2026-11-09,453,177.0,9.95
A002,2026-11-09,454,178.0,10.36
A002,2026-11-09,455,178.0,11.85
A002,2026-11-09,456,176.0,9.85
A002,2026-11-09,457,178.0,10.02
A002,2026-11-09,458,178.0,11.29
A002,2026-11-09,459,177.0,10.48
A002,2026-11-09,460,180.0,10.04
A002,2026-11-09,461,181.0,11.67
A002,2026-11-09,462,180.0,11.04
A002,2026-11-09,463,178.0,10.54
A002,2026-11-09,464,180.0,10.09
A002,2026-11-09,465,178.0,12.01
A002,2026-11-09,466,176.0,10.78
A002,2026-11-09,467,180.0,11.63
A002,2026-11-09,468,179.0,11.34
A002,2026-11-09,469,184.0,10.49
A002,2026-11-09,470,181.0,10.5
A002,2026-11-09,471,180.0,11.68
A002,2026-11-09,472,179.0,11.69
A002,2026-11-09,473,179.0,9.69
A002,2026-11-09,474,176.0,11.15
A002,2026-11-09,475,175.0,10.75
A002,2026-11-09,476,177.0,10.2
A002,2026-11-09,477,178.0,10.98
A002,2026-11-09,478,174.0,10.01
A002,2026-11-09,479,177.0,10.54
A002,2026-11-09,480,178.0,10.34
A002,2026-11-09,481,178.0,10.48
A002,2026-11-09,482,177.0,10.7
A002,2026-11-09,483,177.0,10.09
A002,2026-11-09,484,181.0,11.61
A002,2026-11-09,485,179.0,10.92
A002,2026-11-09,486,176.0,11.67
A002,2026-11-09,487,177.0,10.46
A002,2026-11-09,488,176.0,10.18
A002,2026-11-09,489,175.0,11.53
A002,2026-11-09,490,174.0,10.09
A002,2026-11-09,491,178.0,10.29
A002,2026-11-09,492,175.0,10.79
A002,2026-11-09,493,173.0,9.58
A002,2026-11-09,494,175.0,10.71
A002,2026-11-09,495,175.0,10.59
A002,2026-11-09,496,171.0,10.96
A002,2026-11-09,497,174.0,10.7
A002,2026-11-09,498,176.0,10.91
A002,2026-11-09,499,175.0,10.02
A002,2026-11-09,500,178.0,9.53
A002,2026-11-09,501,176.0,11.28
A002,2026-11-09,502,176.0,9.06
A002,2026-11-09,503,178.0,9.08
A002,2026-11-09,504,174.0,10.23
A002,2026-11-09,505,173.0,10.83
A002,2026-11-09,506,174.0,9.93
A002,2026-11-09,507,171.0,10.38
A002,2026-11-09,508,172.0,8.55
A002,2026-11-09,509,170.0,9.41
A002,2026-11-09,510,172.0,8.55
A002,2026-11-09,511,170.0,10.1
A002,2026-11-09,512,169.0,8.67
A002,2026-11-09,513,171.0,8.79
A002,2026-11-09,514,170.0,9.83
A002,2026-11-09,515,166.0,10.13
A002,2026-11-09,516,167.0,9.36
A002,2026-11-09,517,167.0,9.76
A002,2026-11-09,518,167.0,9.71
A002,2026-11-09,519,170.0,9.22
A002,2026-11-09,520,169.0,8.66
A002,2026-11-09,521,171.0,9.63
A002,2026-11-09,522,170.0,9.62
A002,2026-11-09,523,170.0,9.76
A002,2026-11-09,524,169.0,9.38
A002,2026-11-09,525,168.0,8.46
A002,2026-11-09,526,170.0,9.55
A002,2026-11-09,527,169.0,9.1
A002,2026-11-09,528,168.0,8.78
A002,2026-11-09,529,170.0,8.87
A002,2026-11-09,530,162.0,8.6
A002,2026-11-09,531,166.0,9.52
A002,2026-11-09,532,166.0,8.11
A002,2026-11-09,533,169.0,8.34
A002,2026-11-09,534,169.0,8.71
A002,2026-11-09,535,163.0,9.85
A002,2026-11-09,536,169.0,9.5
A002,2026-11-09,537,163.0,7.85
A002,2026-11-09,538,163.0,9.63
A002,2026-11-09,539,165.0,9.6
A002,2026-11-09,540,165.0,8.07
A002,2026-11-09,541,162.0,7.24
A002,2026-11-09,542,166.0,8.69
A002,2026-11-09,543,166.0,9.39
A002,2026-11-09,544,167.0,9.65
A002,2026-11-09,545,164.0,8.16
A002,2026-11-09,546,164.0,9.71
A002,2026-11-09,547,164.0,7.31
A002,2026-11-09,548,168.0,8.41
A002,2026-11-09,549,159.0,8.37
A002,2026-11-09,550,162.0,9.29
A002,2026-11-09,551,164.0,9.37
A002,2026-11-09,552,162.0,9.15
A002,2026-11-09,553,163.0,7.76
A002,2026-11-09,554,164.0,9.07
A002,2026-11-09,555,163.0,8.85
A002,2026-11-09,556,164.0,7.54
A002,2026-11-09,557,165.0,7.29
A002,2026-11-09,558,163.0,9.15
A002,2026-11-09,559,163.0,8.41
A002,2026-11-09,560,163.0,7.74
A002,2026-11-09,561,164.0,8.38
A002,2026-11-09,562,160.0,8.72
A002,2026-11-09,563,164.0,8.45
A002,2026-11-09,564,163.0,7.57
A002,2026-11-09,565,166.0,9.63
A002,2026-11-09,566,165.0,9.1
A002,2026-11-09,567,166.0,8.3
A002,2026-11-09,568,162.0,8.33
A002,2026-11-09,569,163.0,8.72
A002,2026-11-09,570,161.0,7.83
A002,2026-11-09,571,162.0,8.71
A002,2026-11-09,572,166.0,7.72
A002,2026-11-09,573,167.0,8.48
A002,2026-11-09,574,161.0,7.83
A002,2026-11-09,575,163.0,7.87
A002,2026-11-09,576,164.0,9.53
A002,2026-11-09,577,165.0,8.59
A002,2026-11-09,578,160.0,8.69
A002,2026-11-09,579,161.0,7.37
A002,2026-11-09,580,165.0,8.23
A002,2026-11-09,581,160.0,8.88
A002,2026-11-09,582,163.0,8.73
A002,2026-11-09,583,165.0,7.34
A002,2026-11-09,584,165.0,8.77
A002,2026-11-09,585,164.0,8.88
A002,2026-11-09,586,164.0,9.45
A002,2026-11-09,587,166.0,8.3
A002,2026-11-09,588,165.0,7.37
A002,2026-11-09,589,164.0,8.14
A002,2026-11-09,590,165.0,8.1
A002,2026-11-09,591,166.0,9.22
A002,2026-11-09,592,169.0,7.17
A002,2026-11-09,593,167.0,8.55
A002,2026-11-09,594,168.0,9.7
A002,2026-11-09,595,165.0,8.87
A002,2026-11-09,596,165.0,9.42
A002,2026-11-09,597,166.0,7.93
A002,2026-11-09,598,166.0,7.98
A002,2026-11-09,599,164.0,9.83
A002,2026-11-09,600,169.0,9.05
A002,2026-11-09,601,169.0,9.08
A002,2026-11-09,602,166.0,8.37
A002,2026-11-09,603,169.0,9.13
A002,2026-11-09,604,168.0,8.42
A002,2026-11-09,605,169.0,9.84
A002,2026-11-09,606,165.0,10.8
A002,2026-11-09,607,168.0,9.48
A002,2026-11-09,608,168.0,8.84
A002,2026-11-09,609,170.0,7.74
A002,2026-11-09,610,167.0,8.28
A002,2026-11-09,611,164.0,10.25
A002,2026-11-09,612,167.0,8.74
A002,2026-11-09,613,169.0,9.17
A002,2026-11-09,614,170.0,9.82
A002,2026-11-09,615,173.0,10.35
A002,2026-11-09,616,171.0,9.37
A002,2026-11-09,617,170.0,9.28
A002,2026-11-09,618,170.0,9.61
A002,2026-11-09,619,173.0,9.22
A002,2026-11-09,620,170.0,9.29
A002,2026-11-09,621,171.0,9.92
A002,2026-11-09,622,169.0,9.82
A002,2026-11-09,623,174.0,11.02
A002,2026-11-09,624,173.0,10.05
A002,2026-11-09,625,171.0,10.51
A002,2026-11-09,626,172.0,9.21
A002,2026-11-09,627,174.0,10.21
A002,2026-11-09,628,172.0,9.5
A002,2026-11-09,629,172.0,10.21
A002,2026-11-09,630,172.0,10.42
A002,2026-11-09,631,174.0,10.08
A002,2026-11-09,632,173.0,11.53
A002,2026-11-09,633,173.0,10.98
A002,2026-11-09,634,172.0,10.87
A002,2026-11-09,635,175.0,10.66
A002,2026-11-09,636,174.0,11.3
A002,2026-11-09,637,174.0,9.42
A002,2026-11-09,638,176.0,11.14
A002,2026-11-09,639,177.0,9.77
A002,2026-11-09,640,177.0,10.06
A002,2026-11-09,641,177.0,10.77
A002,2026-11-09,642,176.0,11.22
A002,2026-11-09,643,175.0,9.82
A002,2026-11-09,644,175.0,10.25
A002,2026-11-09,645,176.0,10.65
A002,2026-11-09,646,177.0,10.52
A002,2026-11-09,647,176.0,11.18
A002,2026-11-09,648,178.0,12.77
A002,2026-11-09,649,176.0,10.99
A002,2026-11-09,650,175.0,10.34
A002,2026-11-09,651,180.0,10.04
A002,2026-11-09,652,178.0,10.66
A002,2026-11-09,653,177.0,10.33
A002,2026-11-09,654,177.0,11.21
A002,2026-11-09,655,180.0,11.23
A002,2026-11-09,656,182.0,10.72
A002,2026-11-09,657,179.0,12.22
A002,2026-11-09,658,180.0,10.62
A002,2026-11-09,659,182.0,11.03
A002,2026-11-09,660,177.0,11.52
A002,2026-11-09,661,185.0,11.7
A002,2026-11-09,662,186.0,11.97
A002,2026-11-09,663,176.0,11.49
A002,2026-11-09,664,181.0,11.9
A002,2026-11-09,665,180.0,10.9
A002,2026-11-09,666,181.0,11.88
A002,2026-11-09,667,181.0,11.9
A002,2026-11-09,668,184.0,12.29
A002,2026-11-09,669,182.0,10.42
A002,2026-11-09,670,181.0,10.9
A002,2026-11-09,671,182.0,11.97
A002,2026-11-09,672,184.0,9.91
A002,2026-11-09,673,181.0,11.82
A002,2026-11-09,674,180.0,12.19
A002,2026-11-09,675,187.0,11.23
A002,2026-11-09,676,182.0,11.35
A002,2026-11-09,677,183.0,10.98
A002,2026-11-09,678,183.0,11.34
A002,2026-11-09,679,185.0,11.38
A002,2026-11-09,680,188.0,11.29
A002,2026-11-09,681,185.0,11.28
A002,2026-11-09,682,181.0,11.58
A002,2026-11-09,683,182.0,11.59
A002,2026-11-09,684,184.0,12.9
A002,2026-11-09,685,184.0,11.56
A002,2026-11-09,686,181.0,12.02
A002,2026-11-09,687,187.0,11.49
A002,2026-11-09,688,183.0,11.49
A002,2026-11-09,689,188.0,10.84
A002,2026-11-09,690,189.0,10.94
A002,2026-11-09,691,185.0,11.17
A002,2026-11-09,692,186.0,12.02
A002,2026-11-09,693,183.0,12.56
A002,2026-11-09,694,187.0,10.86
A002,2026-11-09,695,185.0,11.61
A002,2026-11-09,696,184.0,11.13
A002,2026-11-09,697,185.0,11.8
A002,2026-11-09,698,185.0,12.61
A002,2026-11-09,699,185.0,11.71
A002,2026-11-09,700,188.0,11.95
A002,2026-11-09,701,184.0,12.86
A002,2026-11-09,702,190.0,12.26
A002,2026-11-09,703,183.0,11.54
A002,2026-11-09,704,189.0,12.09
A002,2026-11-09,705,184.0,11.5
A002,2026-11-09,706,186.0,12.25
A002,2026-11-09,707,185.0,12.31
A002,2026-11-09,708,185.0,11.18
A002,2026-11-09,709,188.0,12.1
A002,2026-11-09,710,189.0,11.93
A002,2026-11-09,711,188.0,12.32
A002,2026-11-09,712,185.0,12.49
A002,2026-11-09,713,186.0,12.27
A002,2026-11-09,714,184.0,11.8
A002,2026-11-09,715,184.0,12.53
A002,2026-11-09,716,184.0,11.44
A002,2026-11-09,717,185.0,11.16
A002,2026-11-09,718,186.0,10.03
A002,2026-11-09,719,182.0,11.89
A002,2026-11-09,720,186.0,11.43
A002,2026-11-09,721,189.0,12.15
A002,2026-11-09,722,188.0,10.72
A002,2026-11-09,723,184.0,11.5
A002,2026-11-09,724,182.0,12.16
A002,2026-11-09,725,186.0,11.24
A002,2026-11-09,726,180.0,12.09
A002,2026-11-09,727,187.0,11.49
A002,2026-11-09,728,184.0,11.79
A002,2026-11-09,729,188.0,12.15
A002,2026-11-09,730,181.0,12.35
A002,2026-11-09,731,186.0,11.81
A002,2026-11-09,732,184.0,11.25
A002,2026-11-09,733,184.0,11.44
A002,2026-11-09,734,181.0,12.07
A002,2026-11-09,735,185.0,11.06
A002,2026-11-09,736,185.0,11.54
A002,2026-11-09,737,187.0,11.39
A002,2026-11-09,738,186.0,11.54
A002,2026-11-09,739,182.0,10.97
A002,2026-11-09,740,181.0,10.44
A002,2026-11-09,741,180.0,11.83
A002,2026-11-09,742,186.0,12.07
A002,2026-11-09,743,181.0,10.39
A002,2026-11-09,744,185.0,11.66
A002,2026-11-09,745,183.0,12.06
A002,2026-11-09,746,183.0,11.74
A002,2026-11-09,747,181.0,11.1
A002,2026-11-09,748,183.0,10.75
A002,2026-11-09,749,181.0,11.34
A002,2026-11-09,750,181.0,11.4
A002,2026-11-09,751,182.0,11.28
A002,2026-11-09,752,181.0,11.08
A002,2026-11-09,753,179.0,10.51
A002,2026-11-09,754,182.0,11.38
A002,2026-11-09,755,180.0,11.37
A002,2026-11-09,756,181.0,11.18
A002,2026-11-09,757,179.0,11.09
A002,2026-11-09,758,177.0,11.99
A002,2026-11-09,759,183.0,10.58
A002,2026-11-09,760,182.0,11.68
A002,2026-11-09,761,181.0,10.44
A002,2026-11-09,762,178.0,11.51
A002,2026-11-09,763,178.0,11.55
A002,2026-11-09,764,181.0,10.59
A002,2026-11-09,765,177.0,11.73
A002,2026-11-09,766,176.0,10.98
A002,2026-11-09,767,181.0,10.13
A002,2026-11-09,768,177.0,10.39
A002,2026-11-09,769,180.0,11.26
A002,2026-11-09,770,174.0,11.1
A002,2026-11-09,771,177.0,9.87
A002,2026-11-09,772,180.0,10.38
A002,2026-11-09,773,176.0,10.55
A002,2026-11-09,774,175.0,10.08
A002,2026-11-09,775,173.0,11.76
A002,2026-11-09,776,177.0,10.45
A002,2026-11-09,777,173.0,10.23
A002,2026-11-09,778,175.0,10.95
A002,2026-11-09,779,172.0,9.97
A002,2026-11-09,780,177.0,10.76
A002,2026-11-09,781,176.0,9.12
A002,2026-11-09,782,174.0,9.8
A002,2026-11-09,783,171.0,10.67
A002,2026-11-09,784,176.0,10.94
A002,2026-11-09,785,172.0,9.5
A002,2026-11-09,786,170.0,9.39
A002,2026-11-09,787,169.0,10.23
A002,2026-11-09,788,171.0,9.47
A002,2026-11-09,789,169.0,9.65
A002,2026-11-09,790,170.0,10.3
A002,2026-11-09,791,173.0,9.41
A002,2026-11-09,792,170.0,8.52
A002,2026-11-09,793,172.0,8.88
A002,2026-11-09,794,169.0,9.63
A002,2026-11-09,795,171.0,8.47
A002,2026-11-09,796,174.0,9.37
A002,2026-11-09,797,169.0,8.68
A002,2026-11-09,798,171.0,10.47
A002,2026-11-09,799,167.0,10.75
A002,2026-11-09,800,172.0,8.78
A002,2026-11-09,801,168.0,9.53
A002,2026-11-09,802,171.0,8.77
A002,2026-11-09,803,169.0,9.13
A002,2026-11-09,804,170.0,10.36
A002,2026-11-09,805,170.0,8.97
A002,2026-11-09,806,167.0,9.04
A002,2026-11-09,807,170.0,8.62
A002,2026-11-09,808,166.0,9.84
A002,2026-11-09,809,169.0,7.17
A002,2026-11-09,810,167.0,8.83
A002,2026-11-09,811,168.0,9.04
A002,2026-11-09,812,166.0,8.64
A002,2026-11-09,813,167.0,9.53
A002,2026-11-09,814,164.0,9.7
A002,2026-11-09,815,167.0,8.11
A002,2026-11-09,816,166.0,10.19
A002,2026-11-09,817,165.0,8.05
A002,2026-11-09,818,166.0,9.65
A002,2026-11-09,819,166.0,8.95
A002,2026-11-09,820,164.0,8.53
A002,2026-11-09,821,165.0,8.57
A002,2026-11-09,822,163.0,8.77
A002,2026-11-09,823,170.0,8.89
A002,2026-11-09,824,167.0,8.2
A002,2026-11-09,825,166.0,8.59
A002,2026-11-09,826,167.0,8.25
A002,2026-11-09,827,161.0,7.96
A002,2026-11-09,828,160.0,8.18
A002,2026-11-09,829,164.0,7.97
A002,2026-11-09,830,162.0,8.39
A002,2026-11-09,831,164.0,8.89
A002,2026-11-09,832,165.0,8.69
A002,2026-11-09,833,166.0,9.78
A002,2026-11-09,834,162.0,7.26
A002,2026-11-09,835,165.0,8.86
A002,2026-11-09,836,164.0,8.57
A002,2026-11-09,837,165.0,9.04
A002,2026-11-09,838,163.0,8.97
A002,2026-11-09,839,167.0,8.44
A002,2026-11-09,840,164.0,8.63
A002,2026-11-09,841,167.0,8.08
A002,2026-11-09,842,162.0,8.88
A002,2026-11-09,843,165.0,7.38
A002,2026-11-09,844,163.0,8.97
A002,2026-11-09,845,163.0,8.49
A002,2026-11-09,846,165.0,8.21
A002,2026-11-09,847,163.0,8.36
A002,2026-11-09,848,158.0,8.4
A002,2026-11-09,849,157.0,9.28
A002,2026-11-09,850,166.0,10.44
A002,2026-11-09,851,166.0,9.24
A002,2026-11-09,852,167.0,8.17
A002,2026-11-09,853,164.0,8.89
A002,2026-11-09,854,161.0,8.92
A002,2026-11-09,855,163.0,7.96
A002,2026-11-09,856,164.0,7.77
A002,2026-11-09,857,162.0,8.5
A002,2026-11-09,858,167.0,9.03
A002,2026-11-09,859,168.0,7.58
A002,2026-11-09,860,165.0,8.13
A002,2026-11-09,861,164.0,8.91
A002,2026-11-09,862,161.0,8.61
A002,2026-11-09,863,167.0,9.44
A002,2026-11-09,864,164.0,7.76
A002,2026-11-09,865,164.0,10.03
A002,2026-11-09,866,165.0,7.71
A002,2026-11-09,867,163.0,7.43
A002,2026-11-09,868,165.0,8.63
A002,2026-11-09,869,162.0,8.0
A002,2026-11-09,870,167.0,8.68
A002,2026-11-09,871,165.0,8.68
A002,2026-11-09,872,167.0,8.62
A002,2026-11-09,873,165.0,8.25
A002,2026-11-09,874,165.0,9.04
A002,2026-11-09,875,163.0,8.61
A002,2026-11-09,876,167.0,9.48
A002,2026-11-09,877,164.0,8.74
A002,2026-11-09,878,165.0,8.29
A002,2026-11-09,879,166.0,7.88
A002,2026-11-09,880,166.0,8.82
A002,2026-11-09,881,163.0,8.18
A002,2026-11-09,882,166.0,8.16
A002,2026-11-09,883,168.0,9.31
A002,2026-11-09,884,166.0,7.96
A002,2026-11-09,885,167.0,9.9
A002,2026-11-09,886,168.0,9.18
A002,2026-11-09,887,167.0,9.08
A002,2026-11-09,888,166.0,8.52
A002,2026-11-09,889,168.0,9.63
A002,2026-11-09,890,170.0,9.2
A002,2026-11-09,891,166.0,8.82
A002,2026-11-09,892,168.0,9.38
A002,2026-11-09,893,166.0,8.29
A002,2026-11-09,894,171.0,8.35
A002,2026-11-09,895,169.0,8.69
A002,2026-11-09,896,168.0,9.61
A002,2026-11-09,897,170.0,9.43
A002,2026-11-09,898,167.0,10.09
A002,2026-11-09,899,168.0,8.95
A002,2026-11-09,900,167.0,9.88
A002,2026-11-09,901,168.0,9.5
A002,2026-11-09,902,173.0,9.04
A002,2026-11-09,903,169.0,9.88
A002,2026-11-09,904,172.0,9.64
A002,2026-11-09,905,170.0,9.34
A002,2026-11-09,906,173.0,9.78
A002,2026-11-09,907,170.0,9.71
A002,2026-11-09,908,172.0,9.74
A002,2026-11-09,909,172.0,9.62
A002,2026-11-09,910,177.0,9.12
A002,2026-11-09,911,174.0,9.99
A002,2026-11-09,912,172.0,9.5
A002,2026-11-09,913,175.0,9.41
A002,2026-11-09,914,178.0,9.91
A002,2026-11-09,915,171.0,10.54
A002,2026-11-09,916,172.0,10.25
A002,2026-11-09,917,174.0,9.86
A002,2026-11-09,918,174.0,9.87
A002,2026-11-09,919,174.0,10.63
A002,2026-11-09,920,172.0,8.85
A002,2026-11-09,921,178.0,10.81
A002,2026-11-09,922,173.0,9.25
A002,2026-11-09,923,175.0,9.56
A002,2026-11-09,924,178.0,10.14
A002,2026-11-09,925,176.0,11.79
A002,2026-11-09,926,175.0,11.53
A002,2026-11-09,927,174.0,10.99
A002,2026-11-09,928,177.0,10.81
A002,2026-11-09,929,176.0,9.52
A002,2026-11-09,930,178.0,10.77
A002,2026-11-09,931,175.0,10.38
A002,2026-11-09,932,180.0,10.26
A002,2026-11-09,933,179.0,10.88
A002,2026-11-09,934,179.0,10.54
A002,2026-11-09,935,182.0,11.38
A002,2026-11-09,936,178.0,9.74
A002,2026-11-09,937,178.0,10.98
A002,2026-11-09,938,178.0,10.44
A002,2026-11-09,939,179.0,10.76
A002,2026-11-09,940,180.0,11.22
A002,2026-11-09,941,178.0,10.4
A002,2026-11-09,942,176.0,11.21
A002,2026-11-09,943,179.0,11.02
A002,2026-11-09,944,182.0,10.78
A002,2026-11-09,945,181.0,10.93
A002,2026-11-09,946,184.0,11.15
A002,2026-11-09,947,185.0,10.81
A002,2026-11-09,948,183.0,11.31
A002,2026-11-09,949,185.0,11.17
A002,2026-11-09,950,184.0,11.0
A002,2026-11-09,951,186.0,12.35
A002,2026-11-09,952,186.0,11.67
A002,2026-11-09,953,184.0,11.22
A002,2026-11-09,954,184.0,11.57
A002,2026-11-09,955,183.0,10.89
A002,2026-11-09,956,183.0,11.27
A002,2026-11-09,957,183.0,11.37
A002,2026-11-09,958,185.0,10.84
A002,2026-11-09,959,182.0,11.84
A002,2026-11-09,960,183.0,11.33
A002,2026-11-09,961,179.0,11.44
A002,2026-11-09,962,187.0,11.34
A002,2026-11-09,963,184.0,13.48
A002,2026-11-09,964,185.0,11.33
A002,2026-11-09,965,187.0,10.5
A002,2026-11-09,966,185.0,10.8
A002,2026-11-09,967,188.0,12.24
A002,2026-11-09,968,182.0,12.6
A002,2026-11-09,969,190.0,11.41
A002,2026-11-09,970,187.0,12.6
A002,2026-11-09,971,186.0,12.3
A002,2026-11-09,972,188.0,11.75
A002,2026-11-09,973,183.0,11.73
A002,2026-11-09,974,185.0,12.0
A002,2026-11-09,975,188.0,12.44
A002,2026-11-09,976,182.0,12.16
A002,2026-11-09,977,187.0,11.53
A002,2026-11-09,978,187.0,11.84
A002,2026-11-09,979,190.0,13.14
A002,2026-11-09,980,183.0,12.11
A002,2026-11-09,981,189.0,12.49
A002,2026-11-09,982,185.0,12.3
A002,2026-11-09,983,185.0,12.15
A002,2026-11-09,984,184.0,12.05
A002,2026-11-09,985,184.0,12.53
A002,2026-11-09,986,187.0,12.43
A002,2026-11-09,987,184.0,12.16
A002,2026-11-09,988,188.0,11.58
A002,2026-11-09,989,185.0,12.23
A002,2026-11-09,990,184.0,11.96
A002,2026-11-09,991,185.0,11.81
A002,2026-11-09,992,187.0,13.6
A002,2026-11-09,993,186.0,11.07
A002,2026-11-09,994,186.0,12.57
A002,2026-11-09,995,187.0,11.47
A002,2026-11-09,996,188.0,12.06
A002,2026-11-09,997,185.0,13.52
A002,2026-11-09,998,184.0,11.39
A002,2026-11-09,999,186.0,11.53
A002,2026-11-09,1000,187.0,11.94
A002,2026-11-09,1001,183.0,11.44
A002,2026-11-09,1002,184.0,12.46
A002,2026-11-09,1003,184.0,11.6
A002,2026-11-09,1004,185.0,12.3
A002,2026-11-09,1005,184.0,11.1
A002,2026-11-09,1006,187.0,10.8
A002,2026-11-09,1007,182.0,11.73
A002,2026-11-09,1008,182.0,10.91
A002,2026-11-09,1009,184.0,12.75
A002,2026-11-09,1010,185.0,10.91
A002,2026-11-09,1011,182.0,11.18
A002,2026-11-09,1012,184.0,12.04
A002,2026-11-09,1013,184.0,11.42
A002,2026-11-09,1014,184.0,10.84
A002,2026-11-09,1015,185.0,12.95
A002,2026-11-09,1016,183.0,11.11
A002,2026-11-09,1017,187.0,11.57
A002,2026-11-09,1018,185.0,11.54
A002,2026-11-09,1019,182.0,12.07
A002,2026-11-09,1020,184.0,11.89
A002,2026-11-09,1021,184.0,11.09
A002,2026-11-09,1022,186.0,11.37
A002,2026-11-09,1023,182.0,11.4
A002,2026-11-09,1024,184.0,11.96
A002,2026-11-09,1025,183.0,10.78
A002,2026-11-09,1026,186.0,12.67
A002,2026-11-09,1027,185.0,10.97
A002,2026-11-09,1028,183.0,11.4
A002,2026-11-09,1029,182.0,10.68
A002,2026-11-09,1030,183.0,10.56
A002,2026-11-09,1031,181.0,10.79
A002,2026-11-09,1032,185.0,10.7
A002,2026-11-09,1033,181.0,11.0
A002,2026-11-09,1034,180.0,10.63
A002,2026-11-09,1035,180.0,11.6
A002,2026-11-09,1036,178.0,10.68
A002,2026-11-09,1037,182.0,10.58
A002,2026-11-09,1038,179.0,10.85
A002,2026-11-09,1039,182.0,11.64
A002,2026-11-09,1040,177.0,11.14
A002,2026-11-09,1041,180.0,10.92
A002,2026-11-09,1042,182.0,10.08
A002,2026-11-09,1043,175.0,10.22
A002,2026-11-09,1044,183.0,10.1
A002,2026-11-09,1045,178.0,11.62
A002,2026-11-09,1046,179.0,11.11
A002,2026-11-09,1047,179.0,10.24
A002,2026-11-09,1048,179.0,10.38
A002,2026-11-09,1049,178.0,10.19
A002,2026-11-09,1050,179.0,10.12
A002,2026-11-09,1051,178.0,10.88
A002,2026-11-09,1052,180.0,10.4
A002,2026-11-09,1053,178.0,11.78
A002,2026-11-09,1054,180.0,11.24
A002,2026-11-09,1055,178.0,11.24
A002,2026-11-09,1056,172.0,10.82
A002,2026-11-09,1057,181.0,10.12
A002,2026-11-09,1058,174.0,10.7
A002,2026-11-09,1059,178.0,10.09
A002,2026-11-09,1060,175.0,11.24
A002,2026-11-09,1061,177.0,10.46
A002,2026-11-09,1062,173.0,10.34
A002,2026-11-09,1063,175.0,10.22
A002,2026-11-09,1064,173.0,11.15
A002,2026-11-09,1065,177.0,9.21
A002,2026-11-09,1066,174.0,11.13
A002,2026-11-09,1067,175.0,9.88
A002,2026-11-09,1068,169.0,9.11
A002,2026-11-09,1069,172.0,9.46
A002,2026-11-09,1070,173.0,8.88
A002,2026-11-09,1071,173.0,10.23
A002,2026-11-09,1072,174.0,9.18
A002,2026-11-09,1073,171.0,9.86
A002,2026-11-09,1074,172.0,10.41
A002,2026-11-09,1075,174.0,9.28
A002,2026-11-09,1076,166.0,9.49
A002,2026-11-09,1077,172.0,8.83
A002,2026-11-09,1078,170.0,9.35
A002,2026-11-09,1079,168.0,11.09
A002,2026-11-09,1080,171.0,9.97
A002,2026-11-09,1081,172.0,9.31
A002,2026-11-09,1082,172.0,9.07
A002,2026-11-09,1083,169.0,9.38
A002,2026-11-09,1084,171.0,9.45
A002,2026-11-09,1085,171.0,9.09
A002,2026-11-09,1086,169.0,9.62
A002,2026-11-09,1087,167.0,8.7
A002,2026-11-09,1088,167.0,8.66
A002,2026-11-09,1089,170.0,9.43
A002,2026-11-09,1090,168.0,8.48
A002,2026-11-09,1091,166.0,9.58
A002,2026-11-09,1092,164.0,9.11
A002,2026-11-09,1093,169.0,7.99
A002,2026-11-09,1094,166.0,9.12
A002,2026-11-09,1095,168.0,8.02
A002,2026-11-09,1096,169.0,9.42
A002,2026-11-09,1097,164.0,8.83
A002,2026-11-09,1098,166.0,10.06
A002,2026-11-09,1099,166.0,9.57
A002,2026-11-09,1100,167.0,8.26
A002,2026-11-09,1101,168.0,7.66
A002,2026-11-09,1102,163.0,8.4
A002,2026-11-09,1103,167.0,8.09
A002,2026-11-09,1104,168.0,9.9
A002,2026-11-09,1105,165.0,8.78
A002,2026-11-09,1106,165.0,9.32
A002,2026-11-09,1107,166.0,8.57
A002,2026-11-09,1108,166.0,8.62
A002,2026-11-09,1109,166.0,8.68
A002,2026-11-09,1110,166.0,9.35
A002,2026-11-09,1111,163.0,8.86
A002,2026-11-09,1112,166.0,8.02
A002,2026-11-09,1113,167.0,9.61
A002,2026-11-09,1114,165.0,8.45
A002,2026-11-09,1115,161.0,8.34
A002,2026-11-09,1116,164.0,6.9
A002,2026-11-09,1117,164.0,8.96
A002,2026-11-09,1118,162.0,8.63
A002,2026-11-09,1119,163.0,8.62
A002,2026-11-09,1120,161.0,8.31
A002,2026-11-09,1121,165.0,8.2
A002,2026-11-09,1122,164.0,8.31
A002,2026-11-09,1123,160.0,8.81
A002,2026-11-09,1124,164.0,8.9
A002,2026-11-09,1125,164.0,8.38
A002,2026-11-09,1126,165.0,9.08
A002,2026-11-09,1127,163.0,8.46
A002,2026-11-09,1128,162.0,8.2
A002,2026-11-09,1129,162.0,8.62
A002,2026-11-09,1130,162.0,7.68
A002,2026-11-09,1131,164.0,8.64
A002,2026-11-09,1132,164.0,7.58
A002,2026-11-09,1133,163.0,7.89
A002,2026-11-09,1134,163.0,7.29
A002,2026-11-09,1135,163.0,8.4
A002,2026-11-09,1136,169.0,9.48
A002,2026-11-09,1137,162.0,8.45
A002,2026-11-09,1138,163.0,8.91
A002,2026-11-09,1139,170.0,9.94
A002,2026-11-09,1140,165.0,8.78
A002,2026-11-09,1141,161.0,8.08
A002,2026-11-09,1142,166.0,8.18
A002,2026-11-09,1143,162.0,8.56
A002,2026-11-09,1144,166.0,8.19
A002,2026-11-09,1145,164.0,8.25
A002,2026-11-09,1146,163.0,9.19
A002,2026-11-09,1147,167.0,9.23
A002,2026-11-09,1148,165.0,7.64
A002,2026-11-09,1149,166.0,8.15
A002,2026-11-09,1150,165.0,8.38
A002,2026-11-09,1151,164.0,9.03
A002,2026-11-09,1152,166.0,9.37
A002,2026-11-09,1153,167.0,10.33
A002,2026-11-09,1154,165.0,8.44
A002,2026-11-09,1155,169.0,8.49
A002,2026-11-09,1156,167.0,9.12
A002,2026-11-09,1157,166.0,8.38
A002,2026-11-09,1158,166.0,8.72
A002,2026-11-09,1159,166.0,8.58
A002,2026-11-09,1160,163.0,7.28
A002,2026-11-09,1161,166.0,8.95
A002,2026-11-09,1162,167.0,8.79
A002,2026-11-09,1163,165.0,9.69
A002,2026-11-09,1164,167.0,8.95
A002,2026-11-09,1165,167.0,8.22
A002,2026-11-09,1166,168.0,8.85
A002,2026-11-09,1167,168.0,7.78
A002,2026-11-09,1168,167.0,8.33
A002,2026-11-09,1169,165.0,9.47
A002,2026-11-09,1170,171.0,8.97
A002,2026-11-09,1171,167.0,9.7
A002,2026-11-09,1172,168.0,8.0
A002,2026-11-09,1173,167.0,9.06
A002,2026-11-09,1174,167.0,8.96
A002,2026-11-09,1175,172.0,9.85
A002,2026-11-09,1176,171.0,9.71
A002,2026-11-09,1177,170.0,9.72
A002,2026-11-09,1178,169.0,10.3
A002,2026-11-09,1179,171.0,9.18
A002,2026-11-09,1180,170.0,10.24
A002,2026-11-09,1181,169.0,8.85
A002,2026-11-09,1182,171.0,8.86
A002,2026-11-09,1183,169.0,10.0
A002,2026-11-09,1184,171.0,8.68
A002,2026-11-09,1185,171.0,9.96
A002,2026-11-09,1186,172.0,9.71
A002,2026-11-09,1187,170.0,10.33
A002,2026-11-09,1188,173.0,9.69
A002,2026-11-09,1189,170.0,9.8
A002,2026-11-09,1190,171.0,10.11
A002,2026-11-09,1191,171.0,9.44
A002,2026-11-09,1192,170.0,9.45
A002,2026-11-09,1193,175.0,10.2
A002,2026-11-09,1194,171.0,9.94
A002,2026-11-09,1195,172.0,9.75
A002,2026-11-09,1196,176.0,9.98
A002,2026-11-09,1197,173.0,11.03
A002,2026-11-09,1198,174.0,9.84
A002,2026-11-09,1199,172.0,9.86
A002,2026-11-09,1200,176.0,9.16
A002,2026-11-09,1201,176.0,10.2
A002,2026-11-09,1202,176.0,10.66
A002,2026-11-09,1203,176.0,10.8
A002,2026-11-09,1204,176.0,10.41
A002,2026-11-09,1205,175.0,10.95
A002,2026-11-09,1206,174.0,10.86
A002,2026-11-09,1207,179.0,11.12
A002,2026-11-09,1208,178.0,11.09
A002,2026-11-09,1209,175.0,11.48
A002,2026-11-09,1210,177.0,10.47
A002,2026-11-09,1211,177.0,9.81
A002,2026-11-09,1212,175.0,11.05
A002,2026-11-09,1213,178.0,11.15
A002,2026-11-09,1214,177.0,11.67
A002,2026-11-09,1215,176.0,11.53
A002,2026-11-09,1216,175.0,11.97
A002,2026-11-09,1217,175.0,11.21
A002,2026-11-09,1218,178.0,11.01
A002,2026-11-09,1219,179.0,10.08
A002,2026-11-09,1220,178.0,11.13
A002,2026-11-09,1221,181.0,10.65
A002,2026-11-09,1222,180.0,11.14
A002,2026-11-09,1223,181.0,11.08
A002,2026-11-09,1224,180.0,11.37
A002,2026-11-09,1225,179.0,11.06
A002,2026-11-09,1226,181.0,11.71
A002,2026-11-09,1227,178.0,9.55
A002,2026-11-09,1228,182.0,11.33
A002,2026-11-09,1229,179.0,11.97
A002,2026-11-09,1230,183.0,12.4
A002,2026-11-09,1231,181.0,11.75
A002,2026-11-09,1232,184.0,12.35
A002,2026-11-09,1233,180.0,11.47
A002,2026-11-09,1234,181.0,11.4
A002,2026-11-09,1235,183.0,11.75
A002,2026-11-09,1236,185.0,11.46
A002,2026-11-09,1237,186.0,11.02
A002,2026-11-09,1238,183.0,11.21
A002,2026-11-09,1239,187.0,10.87
A002,2026-11-09,1240,183.0,11.88
A002,2026-11-09,1241,186.0,11.6
A002,2026-11-09,1242,182.0,11.4
A002,2026-11-09,1243,185.0,11.3
A002,2026-11-09,1244,179.0,11.97
A002,2026-11-09,1245,182.0,12.15
A002,2026-11-09,1246,185.0,11.03
A002,2026-11-09,1247,182.0,10.96
A002,2026-11-09,1248,185.0,12.32
A002,2026-11-09,1249,186.0,10.94
A002,2026-11-09,1250,184.0,12.12
A002,2026-11-09,1251,183.0,12.78
A002,2026-11-09,1252,184.0,12.8
A002,2026-11-09,1253,183.0,12.28
A002,2026-11-09,1254,185.0,12.28
A002,2026-11-09,1255,185.0,13.22
A002,2026-11-09,1256,185.0,10.49
A002,2026-11-09,1257,189.0,11.62
A002,2026-11-09,1258,184.0,12.42
A002,2026-11-09,1259,188.0,11.72
A002,2026-11-09,1260,184.0,12.68
A002,2026-11-09,1261,186.0,11.92
A002,2026-11-09,1262,188.0,12.03
A002,2026-11-09,1263,188.0,11.8
A002,2026-11-09,1264,185.0,11.66
A002,2026-11-09,1265,187.0,11.65
A002,2026-11-09,1266,187.0,12.15
A002,2026-11-09,1267,185.0,11.52
A002,2026-11-09,1268,187.0,12.56
A002,2026-11-09,1269,190.0,12.39
A002,2026-11-09,1270,187.0,12.66
A002,2026-11-09,1271,187.0,11.32
A002,2026-11-09,1272,187.0,10.98
A002,2026-11-09,1273,183.0,12.0
A002,2026-11-09,1274,187.0,13.74
A002,2026-11-09,1275,184.0,12.76
A002,2026-11-09,1276,185.0,11.66
A002,2026-11-09,1277,190.0,12.25
A002,2026-11-09,1278,186.0,12.42
A002,2026-11-09,1279,184.0,11.16
A002,2026-11-09,1280,188.0,12.8
A002,2026-11-09,1281,184.0,11.87
A002,2026-11-09,1282,185.0,11.91
A002,2026-11-09,1283,188.0,11.97
A002,2026-11-09,1284,186.0,12.63
A002,2026-11-09,1285,183.0,11.48
A002,2026-11-09,1286,187.0,10.9
A002,2026-11-09,1287,185.0,12.1
A002,2026-11-09,1288,189.0,10.67
A002,2026-11-09,1289,184.0,11.7
A002,2026-11-09,1290,187.0,12.58
A002,2026-11-09,1291,189.0,12.2
A002,2026-11-09,1292,183.0,12.46
A002,2026-11-09,1293,185.0,12.19
A002,2026-11-09,1294,186.0,13.25
A002,2026-11-09,1295,183.0,11.43
A002,2026-11-09,1296,185.0,12.0
A002,2026-11-09,1297,184.0,11.48
A002,2026-11-09,1298,184.0,12.3
A002,2026-11-09,1299,184.0,11.66
A002,2026-11-09,1300,184.0,12.71
A002,2026-11-09,1301,184.0,11.34
A002,2026-11-09,1302,183.0,12.48
A002,2026-11-09,1303,182.0,11.97
A002,2026-11-09,1304,183.0,11.57
A002,2026-11-09,1305,183.0,11.88
A002,2026-11-09,1306,182.0,11.69
A002,2026-11-09,1307,184.0,11.72
A002,2026-11-09,1308,179.0,11.35
A002,2026-11-09,1309,181.0,11.03
A002,2026-11-09,1310,182.0,11.22
A002,2026-11-09,1311,180.0,10.38
A002,2026-11-09,1312,185.0,11.87
A002,2026-11-09,1313,182.0,10.59
A002,2026-11-09,1314,182.0,11.17
A002,2026-11-09,1315,180.0,11.66
A002,2026-11-09,1316,181.0,11.74
A002,2026-11-09,1317,179.0,10.14
A002,2026-11-09,1318,180.0,11.12
A002,2026-11-09,1319,179.0,11.42
A002,2026-11-09,1320,180.0,11.14
A002,2026-11-09,1321,175.0,11.88
A002,2026-11-09,1322,178.0,10.55
A002,2026-11-09,1323,183.0,9.77
A002,2026-11-09,1324,181.0,11.45
A002,2026-11-09,1325,182.0,10.61
A002,2026-11-09,1326,182.0,9.84
A002,2026-11-09,1327,180.0,10.77
A002,2026-11-09,1328,178.0,11.56
A002,2026-11-09,1329,176.0,10.03
A002,2026-11-09,1330,180.0,12.15
A002,2026-11-09,1331,178.0,10.21
A002,2026-11-09,1332,183.0,10.73
A002,2026-11-09,1333,177.0,9.91
A002,2026-11-09,1334,181.0,10.62
A002,2026-11-09,1335,177.0,10.48
A002,2026-11-09,1336,179.0,9.63
A002,2026-11-09,1337,180.0,12.18
A002,2026-11-09,1338,174.0,10.15
A002,2026-11-09,1339,175.0,10.11
A002,2026-11-09,1340,174.0,10.95
A002,2026-11-09,1341,173.0,11.42
A002,2026-11-09,1342,176.0,10.97
A002,2026-11-09,1343,174.0,9.53
A002,2026-11-09,1344,175.0,10.34
A002,2026-11-09,1345,175.0,9.04
A002,2026-11-09,1346,170.0,10.68
A002,2026-11-09,1347,176.0,9.11
A002,2026-11-09,1348,173.0,9.58
A002,2026-11-09,1349,174.0,10.02
A002,2026-11-09,1350,174.0,10.25
A002,2026-11-09,1351,176.0,9.79
A002,2026-11-09,1352,172.0,10.81
A002,2026-11-09,1353,168.0,10.3
A002,2026-11-09,1354,172.0,10.21
A002,2026-11-09,1355,172.0,9.05
A002,2026-11-09,1356,170.0,10.77
A002,2026-11-09,1357,172.0,9.23
A002,2026-11-09,1358,170.0,10.72
A002,2026-11-09,1359,168.0,10.86
A002,2026-11-09,1360,172.0,9.91
A002,2026-11-09,1361,169.0,10.19
A002,2026-11-09,1362,169.0,7.68
A002,2026-11-09,1363,169.0,9.38
A002,2026-11-09,1364,172.0,10.13
A002,2026-11-09,1365,169.0,9.98
A002,2026-11-09,1366,169.0,8.66
A002,2026-11-09,1367,168.0,9.19
A002,2026-11-09,1368,170.0,7.81
A002,2026-11-09,1369,171.0,9.54
A002,2026-11-09,1370,170.0,8.13
A002,2026-11-09,1371,170.0,9.91
A002,2026-11-09,1372,169.0,9.91
A002,2026-11-09,1373,165.0,8.88
A002,2026-11-09,1374,166.0,9.45
A002,2026-11-09,1375,167.0,8.98
A002,2026-11-09,1376,166.0,9.22
A002,2026-11-09,1377,165.0,8.36
A002,2026-11-09,1378,163.0,9.4
A002,2026-11-09,1379,164.0,8.01
A002,2026-11-09,1380,166.0,7.87
A002,2026-11-09,1381,166.0,8.87
A002,2026-11-09,1382,165.0,8.79
A002,2026-11-09,1383,166.0,9.06
A002,2026-11-09,1384,165.0,8.48
A002,2026-11-09,1385,168.0,9.98
A002,2026-11-09,1386,165.0,8.92
A002,2026-11-09,1387,167.0,8.94
A002,2026-11-09,1388,166.0,8.9
A002,2026-11-09,1389,162.0,9.36
A002,2026-11-09,1390,165.0,9.08
A002,2026-11-09,1391,162.0,8.98
A002,2026-11-09,1392,165.0,9.14
A002,2026-11-09,1393,163.0,7.59
A002,2026-11-09,1394,165.0,7.59
A002,2026-11-09,1395,162.0,8.6
A002,2026-11-09,1396,164.0,8.52
A002,2026-11-09,1397,165.0,8.97
A002,2026-11-09,1398,166.0,8.62
A002,2026-11-09,1399,163.0,8.94
A002,2026-11-09,1400,164.0,7.83
A002,2026-11-09,1401,164.0,8.56
A002,2026-11-09,1402,167.0,7.75
A002,2026-11-09,1403,161.0,8.78
A002,2026-11-09,1404,162.0,7.41
A002,2026-11-09,1405,169.0,8.74
A002,2026-11-09,1406,163.0,7.64
A002,2026-11-09,1407,160.0,8.29
A002,2026-11-09,1408,162.0,9.05
A002,2026-11-09,1409,158.0,8.65
A002,2026-11-09,1410,164.0,7.52
A002,2026-11-09,1411,165.0,8.1
A002,2026-11-09,1412,162.0,7.6
A002,2026-11-09,1413,163.0,7.48
A002,2026-11-09,1414,165.0,8.57
A002,2026-11-09,1415,160.0,8.84
A002,2026-11-09,1416,161.0,8.77
A002,2026-11-09,1417,163.0,8.87
A002,2026-11-09,1418,162.0,8.5
A002,2026-11-09,1419,163.0,8.35
A002,2026-11-09,1420,161.0,7.87
A002,2026-11-09,1421,164.0,8.26
A002,2026-11-09,1422,163.0,7.74
A002,2026-11-09,1423,165.0,8.03
A002,2026-11-09,1424,164.0,8.6
A002,2026-11-09,1425,164.0,8.48
A002,2026-11-09,1426,161.0,10.4
A002,2026-11-09,1427,165.0,7.77
A002,2026-11-09,1428,163.0,8.51
A002,2026-11-09,1429,164.0,7.75
A002,2026-11-09,1430,166.0,8.38
A002,2026-11-09,1431,163.0,8.42
A002,2026-11-09,1432,167.0,9.15
A002,2026-11-09,1433,167.0,8.39
A002,2026-11-09,1434,166.0,8.56
A002,2026-11-09,1435,163.0,8.43
A002,2026-11-09,1436,161.0,7.87
A002,2026-11-09,1437,167.0,8.34
A002,2026-11-09,1438,165.0,8.52
A002,2026-11-09,1439,164.0,8.81
A002,2026-11-09,1440,168.0,9.13
A002,2026-11-09,1441,164.0,8.67
A002,2026-11-09,1442,165.0,8.68
A002,2026-11-09,1443,167.0,7.83
A002,2026-11-09,1444,164.0,9.21
A002,2026-11-09,1445,166.0,8.49
A002,2026-11-09,1446,168.0,9.38
A002,2026-11-09,1447,167.0,9.75
A002,2026-11-09,1448,169.0,8.87
A002,2026-11-09,1449,169.0,8.4
A002,2026-11-09,1450,167.0,9.03
A002,2026-11-09,1451,163.0,9.28
A002,2026-11-09,1452,165.0,8.91
A002,2026-11-09,1453,169.0,8.79
A002,2026-11-09,1454,165.0,9.49
A002,2026-11-09,1455,167.0,9.48
A002,2026-11-09,1456,169.0,9.01
A002,2026-11-09,1457,171.0,8.26
A002,2026-11-09,1458,167.0,9.55
A002,2026-11-09,1459,167.0,8.85
A002,2026-11-09,1460,169.0,9.48
A002,2026-11-09,1461,170.0,9.47
A002,2026-11-09,1462,169.0,8.28
A002,2026-11-09,1463,172.0,9.5
A002,2026-11-09,1464,168.0,9.79
A002,2026-11-09,1465,170.0,9.9
A002,2026-11-09,1466,171.0,9.62
A002,2026-11-09,1467,170.0,8.4
A002,2026-11-09,1468,172.0,10.39
A002,2026-11-09,1469,171.0,9.91
A002,2026-11-09,1470,173.0,8.98
A002,2026-11-09,1471,172.0,9.26
A002,2026-11-09,1472,172.0,9.91
A002,2026-11-09,1473,171.0,10.22
A002,2026-11-09,1474,171.0,9.56
A002,2026-11-09,1475,175.0,10.38
A002,2026-11-09,1476,174.0,8.85
A002,2026-11-09,1477,171.0,9.34
A002,2026-11-09,1478,174.0,8.76
A002,2026-11-09,1479,169.0,9.5
A002,2026-11-09,1480,173.0,10.98
A002,2026-11-09,1481,176.0,11.35
A002,2026-11-09,1482,174.0,10.3
A002,2026-11-09,1483,175.0,9.81
A002,2026-11-09,1484,169.0,10.1
A002,2026-11-09,1485,174.0,10.56
A002,2026-11-09,1486,176.0,9.37
A002,2026-11-09,1487,176.0,10.01
A002,2026-11-09,1488,178.0,11.25
A002,2026-11-09,1489,176.0,9.8
A002,2026-11-09,1490,176.0,10.02
A002,2026-11-09,1491,174.0,10.51
A002,2026-11-09,1492,176.0,10.71
A002,2026-11-09,1493,174.0,10.21
A002,2026-11-09,1494,174.0,10.67
A002,2026-11-09,1495,175.0,11.02
A002,2026-11-09,1496,181.0,11.87
A002,2026-11-09,1497,177.0,10.66
A002,2026-11-09,1498,179.0,10.75
A002,2026-11-09,1499,177.0,11.72
A002,2026-11-09,1500,175.0,10.51
A002,2026-11-09,1501,181.0,10.09
A002,2026-11-09,1502,175.0,11.07
A002,2026-11-09,1503,178.0,11.6
A002,2026-11-09,1504,179.0,11.2
A002,2026-11-09,1505,180.0,10.97
A002,2026-11-09,1506,179.0,10.19
A002,2026-11-09,1507,177.0,11.06
A002,2026-11-09,1508,179.0,11.87
A002,2026-11-09,1509,179.0,10.42
A002,2026-11-09,1510,179.0,11.05
A002,2026-11-09,1511,183.0,10.99
A002,2026-11-09,1512,179.0,10.84
A002,2026-11-09,1513,182.0,11.44
A002,2026-11-09,1514,182.0,11.59
A002,2026-11-09,1515,184.0,11.61
A002,2026-11-09,1516,182.0,10.79
A002,2026-11-09,1517,184.0,10.42
A002,2026-11-09,1518,182.0,11.6
A002,2026-11-09,1519,184.0,11.16
A002,2026-11-09,1520,180.0,12.6
A002,2026-11-09,1521,178.0,12.65
A002,2026-11-09,1522,184.0,12.74
A002,2026-11-09,1523,184.0,11.01
A002,2026-11-09,1524,184.0,11.94
A002,2026-11-09,1525,183.0,12.15
A002,2026-11-09,1526,187.0,12.1
A002,2026-11-09,1527,183.0,11.46
A002,2026-11-09,1528,185.0,12.46
A002,2026-11-09,1529,185.0,11.71
A002,2026-11-09,1530,188.0,11.81
A002,2026-11-09,1531,184.0,10.83
A002,2026-11-09,1532,183.0,12.16
A002,2026-11-09,1533,182.0,11.64
A002,2026-11-09,1534,188.0,12.09
A002,2026-11-09,1535,186.0,11.97
A002,2026-11-09,1536,186.0,11.95
A002,2026-11-09,1537,191.0,11.83
A002,2026-11-09,1538,186.0,12.35
A002,2026-11-09,1539,183.0,11.77
A002,2026-11-09,1540,185.0,11.03
A002,2026-11-09,1541,184.0,12.26
A002,2026-11-09,1542,185.0,11.44
A002,2026-11-09,1543,185.0,11.14
A002,2026-11-09,1544,185.0,11.33
A002,2026-11-09,1545,183.0,12.13
A002,2026-11-09,1546,189.0,11.91
A002,2026-11-09,1547,187.0,10.69
A002,2026-11-09,1548,186.0,11.75
A002,2026-11-09,1549,188.0,12.69
A002,2026-11-09,1550,187.0,11.72
A002,2026-11-09,1551,187.0,11.89
A002,2026-11-09,1552,187.0,12.62
A002,2026-11-09,1553,186.0,12.48
A002,2026-11-09,1554,187.0,12.61
A002,2026-11-09,1555,188.0,10.34
A002,2026-11-09,1556,186.0,13.04
A002,2026-11-09,1557,186.0,12.38
A002,2026-11-09,1558,189.0,13.47
A002,2026-11-09,1559,185.0,11.52
A002,2026-11-09,1560,187.0,10.93
A002,2026-11-09,1561,187.0,11.99
A002,2026-11-09,1562,185.0,11.81
A002,2026-11-09,1563,184.0,12.37
A002,2026-11-09,1564,185.0,12.61
A002,2026-11-09,1565,185.0,11.91
A002,2026-11-09,1566,183.0,11.8
A002,2026-11-09,1567,184.0,12.25
A002,2026-11-09,1568,186.0,11.77
A002,2026-11-09,1569,188.0,11.71
A002,2026-11-09,1570,187.0,12.53
A002,2026-11-09,1571,180.0,12.65
A002,2026-11-09,1572,187.0,12.53
A002,2026-11-09,1573,184.0,11.76
A002,2026-11-09,1574,186.0,10.56
A002,2026-11-09,1575,185.0,11.74
A002,2026-11-09,1576,185.0,11.36
A002,2026-11-09,1577,185.0,11.72
A002,2026-11-09,1578,185.0,11.38
A002,2026-11-09,1579,187.0,11.75
A002,2026-11-09,1580,184.0,11.12
A002,2026-11-09,1581,186.0,10.95
A002,2026-11-09,1582,186.0,12.43
A002,2026-11-09,1583,185.0,11.09
A002,2026-11-09,1584,180.0,11.65
A002,2026-11-09,1585,186.0,12.2
A002,2026-11-09,1586,183.0,12.15
A002,2026-11-09,1587,185.0,12.06
A002,2026-11-09,1588,181.0,11.73
A002,2026-11-09,1589,181.0,11.96
A002,2026-11-09,1590,187.0,12.32
A002,2026-11-09,1591,181.0,11.73
A002,2026-11-09,1592,185.0,10.34
A002,2026-11-09,1593,183.0,11.1
A002,2026-11-09,1594,181.0,11.8
A002,2026-11-09,1595,182.0,10.98
A002,2026-11-09,1596,179.0,12.3
A002,2026-11-09,1597,182.0,11.26
A002,2026-11-09,1598,179.0,11.31
A002,2026-11-09,1599,180.0,11.91
A002,2026-11-09,1600,183.0,11.09
A002,2026-11-09,1601,181.0,11.27
A002,2026-11-09,1602,178.0,11.67
A002,2026-11-09,1603,182.0,10.21
A002,2026-11-09,1604,180.0,10.89
A002,2026-11-09,1605,179.0,11.53
A002,2026-11-09,1606,181.0,11.03
A002,2026-11-09,1607,179.0,11.84
A002,2026-11-09,1608,177.0,9.98
A002,2026-11-09,1609,183.0,9.87
A002,2026-11-09,1610,179.0,11.31
A002,2026-11-09,1611,178.0,11.33
A002,2026-11-09,1612,177.0,10.66
A002,2026-11-09,1613,180.0,10.98
A002,2026-11-09,1614,177.0,11.15
A002,2026-11-09,1615,174.0,10.18
A002,2026-11-09,1616,176.0,10.2
A002,2026-11-09,1617,180.0,10.7
A002,2026-11-09,1618,178.0,11.09
A002,2026-11-09,1619,176.0,9.81
A002,2026-11-09,1620,179.0,10.36
A002,2026-11-09,1621,178.0,10.29
A002,2026-11-09,1622,175.0,10.65
A002,2026-11-09,1623,175.0,10.35
A002,2026-11-09,1624,176.0,9.99
A002,2026-11-09,1625,173.0,11.03
A002,2026-11-09,1626,175.0,9.92
A002,2026-11-09,1627,175.0,10.03
A002,2026-11-09,1628,171.0,9.21
A002,2026-11-09,1629,174.0,9.7
A002,2026-11-09,1630,173.0,10.4
A002,2026-11-09,1631,176.0,10.24
A002,2026-11-09,1632,170.0,10.37
A002,2026-11-09,1633,172.0,10.3
A002,2026-11-09,1634,172.0,11.18
A002,2026-11-09,1635,174.0,9.45
A002,2026-11-09,1636,172.0,8.88
A002,2026-11-09,1637,176.0,9.19
A002,2026-11-09,1638,173.0,9.36
A002,2026-11-09,1639,171.0,9.16
A002,2026-11-09,1640,172.0,9.76
A002,2026-11-09,1641,170.0,10.42
A002,2026-11-09,1642,173.0,10.56
A002,2026-11-09,1643,168.0,9.9
A002,2026-11-09,1644,169.0,10.85
A002,2026-11-09,1645,171.0,9.31
A002,2026-11-09,1646,172.0,8.51
A002,2026-11-09,1647,165.0,10.09
A002,2026-11-09,1648,172.0,8.32
A002,2026-11-09,1649,169.0,8.93
A002,2026-11-09,1650,165.0,9.66
A002,2026-11-09,1651,163.0,9.26
A002,2026-11-09,1652,166.0,9.17
A002,2026-11-09,1653,168.0,8.55
A002,2026-11-09,1654,168.0,9.22
A002,2026-11-09,1655,169.0,9.79
A002,2026-11-09,1656,167.0,9.17
A002,2026-11-09,1657,165.0,8.63
A002,2026-11-09,1658,167.0,8.35
A002,2026-11-09,1659,167.0,8.59
A002,2026-11-09,1660,167.0,9.28
A002,2026-11-09,1661,165.0,9.22
A002,2026-11-09,1662,168.0,8.51
A002,2026-11-09,1663,165.0,7.64
A002,2026-11-09,1664,165.0,9.19
A002,2026-11-09,1665,165.0,8.37
A002,2026-11-09,1666,168.0,9.3
A002,2026-11-09,1667,166.0,8.41
A002,2026-11-09,1668,164.0,8.25
A002,2026-11-09,1669,167.0,8.91
A002,2026-11-09,1670,170.0,10.21
A002,2026-11-09,1671,166.0,9.22
A002,2026-11-09,1672,168.0,8.83
A002,2026-11-09,1673,167.0,8.95
A002,2026-11-09,1674,164.0,7.66
A002,2026-11-09,1675,165.0,8.02
A002,2026-11-09,1676,162.0,7.17
A002,2026-11-09,1677,164.0,9.7
A002,2026-11-09,1678,163.0,9.56
A002,2026-11-09,1679,164.0,8.87
A002,2026-11-09,1680,163.0,8.7
A002,2026-11-09,1681,164.0,7.67
A002,2026-11-09,1682,165.0,8.46
A002,2026-11-09,1683,164.0,9.65
A002,2026-11-09,1684,160.0,8.65
A002,2026-11-09,1685,162.0,8.22
A002,2026-11-09,1686,161.0,7.49
A002,2026-11-09,1687,164.0,9.37
A002,2026-11-09,1688,165.0,8.49
A002,2026-11-09,1689,164.0,7.47
A002,2026-11-09,1690,162.0,7.96
A002,2026-11-09,1691,164.0,7.75
A002,2026-11-09,1692,163.0,8.43
A002,2026-11-09,1693,161.0,8.63
A002,2026-11-09,1694,165.0,8.2
A002,2026-11-09,1695,165.0,8.97
A002,2026-11-09,1696,165.0,8.55
A002,2026-11-09,1697,162.0,9.14
A002,2026-11-09,1698,166.0,8.29
A002,2026-11-09,1699,163.0,10.33
A002,2026-11-09,1700,165.0,8.17
A002,2026-11-09,1701,163.0,7.97
A002,2026-11-09,1702,163.0,7.9
A002,2026-11-09,1703,159.0,8.39
A002,2026-11-09,1704,163.0,7.49
A002,2026-11-09,1705,164.0,8.71
A002,2026-11-09,1706,163.0,7.4
A002,2026-11-09,1707,167.0,8.64
A002,2026-11-09,1708,162.0,7.75
A002,2026-11-09,1709,163.0,8.34
A002,2026-11-09,1710,162.0,8.94
A002,2026-11-09,1711,163.0,9.97
A002,2026-11-09,1712,166.0,7.96
A002,2026-11-09,1713,167.0,8.53
A002,2026-11-09,1714,163.0,8.2
A002,2026-11-09,1715,163.0,8.12
A002,2026-11-09,1716,162.0,8.23
A002,2026-11-09,1717,167.0,9.17
A002,2026-11-09,1718,167.0,8.4
A002,2026-11-09,1719,165.0,10.06
A002,2026-11-09,1720,162.0,8.98
A002,2026-11-09,1721,163.0,8.15
A002,2026-11-09,1722,166.0,8.55
A002,2026-11-09,1723,167.0,8.31
A002,2026-11-09,1724,161.0,9.3
A002,2026-11-09,1725,165.0,7.86
A002,2026-11-09,1726,169.0,8.06
A002,2026-11-09,1727,166.0,8.53
A002,2026-11-09,1728,169.0,9.32
A002,2026-11-09,1729,168.0,9.68
A002,2026-11-09,1730,164.0,9.79
A002,2026-11-09,1731,166.0,9.31
A002,2026-11-09,1732,167.0,8.97
A002,2026-11-09,1733,165.0,9.52
A002,2026-11-09,1734,165.0,8.39
A002,2026-11-09,1735,170.0,8.0
A002,2026-11-09,1736,166.0,9.4
A002,2026-11-09,1737,170.0,8.56
A002,2026-11-09,1738,167.0,9.15
A002,2026-11-09,1739,168.0,9.3
A002,2026-11-09,1740,170.0,9.41
A002,2026-11-09,1741,167.0,9.85
A002,2026-11-09,1742,170.0,9.82
A002,2026-11-09,1743,165.0,9.47
A002,2026-11-09,1744,170.0,9.12
A002,2026-11-09,1745,165.0,9.49
A002,2026-11-09,1746,169.0,9.1
A002,2026-11-09,1747,172.0,9.37
A002,2026-11-09,1748,171.0,11.1
A002,2026-11-09,1749,168.0,9.67
A002,2026-11-09,1750,168.0,9.87
A002,2026-11-09,1751,169.0,9.21
A002,2026-11-09,1752,171.0,10.28
A002,2026-11-09,1753,167.0,10.17
A002,2026-11-09,1754,172.0,10.21
A002,2026-11-09,1755,172.0,9.91
A002,2026-11-09,1756,171.0,10.44
A002,2026-11-09,1757,173.0,10.62
A002,2026-11-09,1758,173.0,10.07
A002,2026-11-09,1759,172.0,9.87
A002,2026-11-09,1760,169.0,10.51
A002,2026-11-09,1761,174.0,9.47
A002,2026-11-09,1762,172.0,9.62
A002,2026-11-09,1763,173.0,10.06
A002,2026-11-09,1764,175.0,9.08
A002,2026-11-09,1765,177.0,10.66
A002,2026-11-09,1766,174.0,9.63
A002,2026-11-09,1767,176.0,9.96
A002,2026-11-09,1768,172.0,10.16
A002,2026-11-09,1769,176.0,10.35
A002,2026-11-09,1770,175.0,10.15
A002,2026-11-09,1771,178.0,10.36
A002,2026-11-09,1772,175.0,10.4
A002,2026-11-09,1773,176.0,10.21
A002,2026-11-09,1774,179.0,10.05
A002,2026-11-09,1775,177.0,11.2
A002,2026-11-09,1776,175.0,9.33
A002,2026-11-09,1777,182.0,10.51
A002,2026-11-09,1778,175.0,10.39
A002,2026-11-09,1779,178.0,10.96
A002,2026-11-09,1780,179.0,9.87
A002,2026-11-09,1781,179.0,10.48
A002,2026-11-09,1782,178.0,10.76
A002,2026-11-09,1783,178.0,11.5
A002,2026-11-09,1784,178.0,11.09
A002,2026-11-09,1785,177.0,10.22
A002,2026-11-09,1786,184.0,10.67
A002,2026-11-09,1787,179.0,11.53
A002,2026-11-09,1788,181.0,10.31
A002,2026-11-09,1789,179.0,11.02
A002,2026-11-09,1790,180.0,11.1
A002,2026-11-09,1791,180.0,10.9
A002,2026-11-09,1792,178.0,12.79
A002,2026-11-09,1793,181.0,10.95
A002,2026-11-09,1794,180.0,11.5
A002,2026-11-09,1795,184.0,10.81
A002,2026-11-09,1796,179.0,11.61
A002,2026-11-09,1797,181.0,11.85
A002,2026-11-09,1798,180.0,11.01
A002,2026-11-09,1799,185.0,11.36
A002,2026-11-09,1800,181.0,10.88
A002,2026-11-09,1801,184.0,10.76
A002,2026-11-09,1802,185.0,12.1
A002,2026-11-09,1803,183.0,11.17
A002,2026-11-09,1804,180.0,10.08
A002,2026-11-09,1805,180.0,12.61
A002,2026-11-09,1806,185.0,11.1
A002,2026-11-09,1807,181.0,11.46
A002,2026-11-09,1808,184.0,12.61
A002,2026-11-09,1809,184.0,11.57
A002,2026-11-09,1810,185.0,11.58
A002,2026-11-09,1811,185.0,10.96
A002,2026-11-09,1812,182.0,10.74
A002,2026-11-09,1813,182.0,11.64
A002,2026-11-09,1814,186.0,11.98
A002,2026-11-09,1815,183.0,11.96
A002,2026-11-09,1816,179.0,11.51
A002,2026-11-09,1817,186.0,11.83
A002,2026-11-09,1818,183.0,10.73
A002,2026-11-09,1819,186.0,12.13
A002,2026-11-09,1820,188.0,11.96
A002,2026-11-09,1821,185.0,13.06
A002,2026-11-09,1822,187.0,11.9
A002,2026-11-09,1823,186.0,11.34
A002,2026-11-09,1824,189.0,11.89
A002,2026-11-09,1825,184.0,11.73
A002,2026-11-09,1826,186.0,12.2
A002,2026-11-09,1827,187.0,11.97
A002,2026-11-09,1828,185.0,11.2
A002,2026-11-09,1829,188.0,10.98
A002,2026-11-09,1830,185.0,12.13
A002,2026-11-09,1831,190.0,12.81
A002,2026-11-09,1832,190.0,12.03
A002,2026-11-09,1833,187.0,12.48
A002,2026-11-09,1834,187.0,12.6
A002,2026-11-09,1835,188.0,12.16
A002,2026-11-09,1836,184.0,11.51
A002,2026-11-09,1837,183.0,12.12
A002,2026-11-09,1838,189.0,12.72
A002,2026-11-09,1839,187.0,12.32
A002,2026-11-09,1840,186.0,12.45
A002,2026-11-09,1841,186.0,11.72
A002,2026-11-09,1842,181.0,11.87
A002,2026-11-09,1843,186.0,11.92
A002,2026-11-09,1844,184.0,11.95
A002,2026-11-09,1845,188.0,12.68
A002,2026-11-09,1846,188.0,10.56
A002,2026-11-09,1847,187.0,11.98
A002,2026-11-09,1848,187.0,11.91
A002,2026-11-09,1849,183.0,11.12
A002,2026-11-09,1850,187.0,12.34
A002,2026-11-09,1851,187.0,11.49
A002,2026-11-09,1852,188.0,11.7
A002,2026-11-09,1853,190.0,13.01
A002,2026-11-09,1854,182.0,12.49
A002,2026-11-09,1855,185.0,12.22
A002,2026-11-09,1856,184.0,12.09
A002,2026-11-09,1857,185.0,11.74
A002,2026-11-09,1858,185.0,13.03
A002,2026-11-09,1859,184.0,12.29
A002,2026-11-09,1860,187.0,11.34
A002,2026-11-09,1861,182.0,10.93
A002,2026-11-09,1862,182.0,12.09
A002,2026-11-09,1863,182.0,11.7
A002,2026-11-09,1864,184.0,10.85
A002,2026-11-09,1865,182.0,11.95
A002,2026-11-09,1866,184.0,11.51
A002,2026-11-09,1867,183.0,11.96
A002,2026-11-09,1868,182.0,11.89
A002,2026-11-09,1869,185.0,11.23
A002,2026-11-09,1870,183.0,11.95
A002,2026-11-09,1871,185.0,11.25
A002,2026-11-09,1872,183.0,11.26
A002,2026-11-09,1873,183.0,11.17
A002,2026-11-09,1874,182.0,12.14
A002,2026-11-09,1875,182.0,11.27
A002,2026-11-09,1876,184.0,12.23
A002,2026-11-09,1877,181.0,12.45
A002,2026-11-09,1878,183.0,10.9
A002,2026-11-09,1879,180.0,9.56
A002,2026-11-09,1880,183.0,11.91
A002,2026-11-09,1881,180.0,11.05
A002,2026-11-09,1882,183.0,10.7
A002,2026-11-09,1883,181.0,10.84
A002,2026-11-09,1884,184.0,10.91
A002,2026-11-09,1885,178.0,11.9
A002,2026-11-09,1886,177.0,11.19
A002,2026-11-09,1887,179.0,11.83
A002,2026-11-09,1888,177.0,11.32
A002,2026-11-09,1889,177.0,10.8
A002,2026-11-09,1890,181.0,10.72
A002,2026-11-09,1891,179.0,11.25
A002,2026-11-09,1892,178.0,11.37
A002,2026-11-09,1893,178.0,11.44
A002,2026-11-09,1894,177.0,10.65
A002,2026-11-09,1895,181.0,10.87
A002,2026-11-09,1896,176.0,11.08
A002,2026-11-09,1897,175.0,10.46
A002,2026-11-09,1898,179.0,9.97
A002,2026-11-09,1899,177.0,10.13
A002,2026-11-09,1900,181.0,10.43
A002,2026-11-09,1901,176.0,10.94
A002,2026-11-09,1902,178.0,11.26
A002,2026-11-09,1903,178.0,9.65
A002,2026-11-09,1904,175.0,10.07
A002,2026-11-09,1905,174.0,10.17
A002,2026-11-09,1906,177.0,10.82
A002,2026-11-09,1907,176.0,9.99
A002,2026-11-09,1908,172.0,10.01
A002,2026-11-09,1909,172.0,9.38
A002,2026-11-09,1910,169.0,10.48
A002,2026-11-09,1911,175.0,10.06
A002,2026-11-09,1912,173.0,9.72
A002,2026-11-09,1913,173.0,9.92
A002,2026-11-09,1914,170.0,10.71
A002,2026-11-09,1915,171.0,9.4
A002,2026-11-09,1916,172.0,9.46
A002,2026-11-09,1917,171.0,10.67
A002,2026-11-09,1918,173.0,9.93
A002,2026-11-09,1919,173.0,10.25
A002,2026-11-09,1920,177.0,10.05
A002,2026-11-09,1921,172.0,9.75
A002,2026-11-09,1922,174.0,9.52
A002,2026-11-09,1923,170.0,10.2
A002,2026-11-09,1924,168.0,10.36
A002,2026-11-09,1925,170.0,10.27
A002,2026-11-09,1926,167.0,8.88
A002,2026-11-09,1927,170.0,10.33
A002,2026-11-09,1928,169.0,9.3
A002,2026-11-09,1929,166.0,9.03
A002,2026-11-09,1930,173.0,9.34
A002,2026-11-09,1931,168.0,9.91
A002,2026-11-09,1932,166.0,9.7
A002,2026-11-09,1933,171.0,9.19
A002,2026-11-09,1934,167.0,9.81
A002,2026-11-09,1935,171.0,9.36
A002,2026-11-09,1936,167.0,8.9
A002,2026-11-09,1937,167.0,8.79
A002,2026-11-09,1938,169.0,9.43
A002,2026-11-09,1939,169.0,9.1
A002,2026-11-09,1940,169.0,8.3
A002,2026-11-09,1941,167.0,9.6
A002,2026-11-09,1942,168.0,8.78
A002,2026-11-09,1943,168.0,9.99
A002,2026-11-09,1944,167.0,8.17
A002,2026-11-09,1945,166.0,8.87
A002,2026-11-09,1946,164.0,8.54
A002,2026-11-09,1947,167.0,8.34
A002,2026-11-09,1948,166.0,8.61
A002,2026-11-09,1949,165.0,9.94
A002,2026-11-09,1950,168.0,8.94
A002,2026-11-09,1951,163.0,8.36
A002,2026-11-09,1952,169.0,7.71
A002,2026-11-09,1953,165.0,7.76
A002,2026-11-09,1954,166.0,8.45
A002,2026-11-09,1955,164.0,8.37
A002,2026-11-09,1956,162.0,8.59
A002,2026-11-09,1957,165.0,7.35
A002,2026-11-09,1958,165.0,8.64
A002,2026-11-09,1959,166.0,9.29
A002,2026-11-09,1960,164.0,9.63
A002,2026-11-09,1961,160.0,7.5
A002,2026-11-09,1962,161.0,8.15
A002,2026-11-09,1963,168.0,8.1
A002,2026-11-09,1964,162.0,8.69
A002,2026-11-09,1965,167.0,7.85
A002,2026-11-09,1966,162.0,9.58
A002,2026-11-09,1967,164.0,8.59
A002,2026-11-09,1968,165.0,8.48
A002,2026-11-09,1969,162.0,9.5
A002,2026-11-09,1970,167.0,8.53
A002,2026-11-09,1971,164.0,8.77
A002,2026-11-09,1972,165.0,8.07
A002,2026-11-09,1973,163.0,7.69
A002,2026-11-09,1974,165.0,8.15
A002,2026-11-09,1975,167.0,9.82
A002,2026-11-09,1976,163.0,8.88
A002,2026-11-09,1977,167.0,8.67
A002,2026-11-09,1978,162.0,7.91
A002,2026-11-09,1979,165.0,9.05
A002,2026-11-09,1980,165.0,7.69
A002,2026-11-09,1981,161.0,7.56
A002,2026-11-09,1982,164.0,8.17
A002,2026-11-09,1983,164.0,9.68
A002,2026-11-09,1984,162.0,9.65
A002,2026-11-09,1985,164.0,8.24
A002,2026-11-09,1986,164.0,8.12
A002,2026-11-09,1987,164.0,7.54
A002,2026-11-09,1988,164.0,8.58
A002,2026-11-09,1989,164.0,8.64
A002,2026-11-09,1990,163.0,9.02
A002,2026-11-09,1991,164.0,9.11
A002,2026-11-09,1992,163.0,8.45
A002,2026-11-09,1993,169.0,8.92
A002,2026-11-09,1994,161.0,8.17
A002,2026-11-09,1995,163.0,8.93
A002,2026-11-09,1996,163.0,8.32
A002,2026-11-09,1997,168.0,8.91
A002,2026-11-09,1998,162.0,8.88
A002,2026-11-09,1999,165.0,8.71
A002,2026-11-09,2000,165.0,9.16
A002,2026-11-09,2001,165.0,7.76
A002,2026-11-09,2002,167.0,8.08
A002,2026-11-09,2003,167.0,8.58
A002,2026-11-09,2004,164.0,7.89
A002,2026-11-09,2005,166.0,8.54
A002,2026-11-09,2006,162.0,8.58
A002,2026-11-09,2007,166.0,9.61
A002,2026-11-09,2008,164.0,8.93
A002,2026-11-09,2009,166.0,9.49
A002,2026-11-09,2010,163.0,9.08
A002,2026-11-09,2011,167.0,8.6
A002,2026-11-09,2012,163.0,9.02
A002,2026-11-09,2013,167.0,9.41
A002,2026-11-09,2014,164.0,9.71
A002,2026-11-09,2015,165.0,8.95
A002,2026-11-09,2016,169.0,8.06
A002,2026-11-09,2017,168.0,8.05
A002,2026-11-09,2018,170.0,8.92
A002,2026-11-09,2019,171.0,7.74
A002,2026-11-09,2020,166.0,10.25
A002,2026-11-09,2021,171.0,9.56
A002,2026-11-09,2022,165.0,8.85
A002,2026-11-09,2023,170.0,8.6
A002,2026-11-09,2024,168.0,9.91
A002,2026-11-09,2025,167.0,8.66
A002,2026-11-09,2026,170.0,8.75
A002,2026-11-09,2027,171.0,8.94
A002,2026-11-09,2028,171.0,9.5
A002,2026-11-09,2029,170.0,9.84
A002,2026-11-09,2030,170.0,10.22
A002,2026-11-09,2031,171.0,10.16
A002,2026-11-09,2032,171.0,9.57
A002,2026-11-09,2033,172.0,10.22
A002,2026-11-09,2034,171.0,9.24
A002,2026-11-09,2035,173.0,8.59
A002,2026-11-09,2036,168.0,9.32
A002,2026-11-09,2037,171.0,9.27
A002,2026-11-09,2038,169.0,9.41
A002,2026-11-09,2039,173.0,9.26
A002,2026-11-09,2040,176.0,9.59
A002,2026-11-09,2041,171.0,10.23
A002,2026-11-09,2042,173.0,10.89
A002,2026-11-09,2043,174.0,8.81
A002,2026-11-09,2044,168.0,9.07
A002,2026-11-09,2045,171.0,9.36
A002,2026-11-09,2046,173.0,10.29
A002,2026-11-09,2047,166.0,9.7
A002,2026-11-09,2048,170.0,9.38
A002,2026-11-09,2049,174.0,10.24
A002,2026-11-09,2050,174.0,10.38
A002,2026-11-09,2051,173.0,9.78
A002,2026-11-09,2052,174.0,9.3
A002,2026-11-09,2053,172.0,9.94
A002,2026-11-09,2054,173.0,9.63
A002,2026-11-09,2055,171.0,9.62
A002,2026-11-09,2056,172.0,9.45
A002,2026-11-09,2057,170.0,10.3
A002,2026-11-09,2058,174.0,9.89
A002,2026-11-09,2059,174.0,10.35
A002,2026-11-09,2060,174.0,10.52
A002,2026-11-09,2061,170.0,9.98
A002,2026-11-09,2062,169.0,9.39
A002,2026-11-09,2063,174.0,10.31
A002,2026-11-09,2064,172.0,9.95
A002,2026-11-09,2065,172.0,11.22
A002,2026-11-09,2066,170.0,9.83
A002,2026-11-09,2067,172.0,10.05
A002,2026-11-09,2068,169.0,9.79
A002,2026-11-09,2069,172.0,9.54
A002,2026-11-09,2070,173.0,9.43
A002,2026-11-09,2071,174.0,9.75
A002,2026-11-09,2072,172.0,9.87
A002,2026-11-09,2073,167.0,10.23
A002,2026-11-09,2074,171.0,9.71
A002,2026-11-09,2075,174.0,9.23
A002,2026-11-09,2076,168.0,9.29
A002,2026-11-09,2077,170.0,8.68
A002,2026-11-09,2078,172.0,10.45
A002,2026-11-09,2079,171.0,9.11
A002,2026-11-09,2080,174.0,9.99
A002,2026-11-09,2081,168.0,9.55
A002,2026-11-09,2082,167.0,9.55
A002,2026-11-09,2083,171.0,9.27
A002,2026-11-09,2084,166.0,8.85
A002,2026-11-09,2085,168.0,8.71
A002,2026-11-09,2086,168.0,10.31
A002,2026-11-09,2087,170.0,9.31
A002,2026-11-09,2088,169.0,9.89
A002,2026-11-09,2089,169.0,10.02
A002,2026-11-09,2090,167.0,8.92
A002,2026-11-09,2091,170.0,9.39
A002,2026-11-09,2092,175.0,9.14
A002,2026-11-09,2093,169.0,8.38
A002,2026-11-09,2094,167.0,8.94
A002,2026-11-09,2095,164.0,9.37
A002,2026-11-09,2096,165.0,8.69
A002,2026-11-09,2097,166.0,8.76
A002,2026-11-09,2098,165.0,8.82
A002,2026-11-09,2099,166.0,10.15
A002,2026-11-09,2100,169.0,7.75
A002,2026-11-09,2101,168.0,9.12
A002,2026-11-09,2102,165.0,8.63
A002,2026-11-09,2103,163.0,8.36
A002,2026-11-09,2104,168.0,8.54
A002,2026-11-09,2105,164.0,9.07
A002,2026-11-09,2106,161.0,9.06
A002,2026-11-09,2107,166.0,8.7
A002,2026-11-09,2108,166.0,9.2
A002,2026-11-09,2109,159.0,9.26
A002,2026-11-09,2110,162.0,8.95
A002,2026-11-09,2111,163.0,8.09
A002,2026-11-09,2112,164.0,8.67
A002,2026-11-09,2113,161.0,8.63
A002,2026-11-09,2114,160.0,7.8
A002,2026-11-09,2115,163.0,7.3
A002,2026-11-09,2116,161.0,6.98
A002,2026-11-09,2117,162.0,8.19
A002,2026-11-09,2118,159.0,8.28
A002,2026-11-09,2119,158.0,7.34
A002,2026-11-09,2120,162.0,8.63
A002,2026-11-09,2121,160.0,8.04
A002,2026-11-09,2122,161.0,8.71
A002,2026-11-09,2123,158.0,8.07
A002,2026-11-09,2124,157.0,7.16
A002,2026-11-09,2125,161.0,8.02
A002,2026-11-09,2126,155.0,8.09
A002,2026-11-09,2127,160.0,7.31
A002,2026-11-09,2128,160.0,6.72
A002,2026-11-09,2129,159.0,7.59
A002,2026-11-09,2130,156.0,6.87
A002,2026-11-09,2131,155.0,8.09
A002,2026-11-09,2132,156.0,7.11
A002,2026-11-09,2133,153.0,8.34
A002,2026-11-09,2134,153.0,5.97
A002,2026-11-09,2135,156.0,7.27
A002,2026-11-09,2136,156.0,7.98
A002,2026-11-09,2137,152.0,6.53
A002,2026-11-09,2138,155.0,6.91
A002,2026-11-09,2139,154.0,6.7
A002,2026-11-09,2140,156.0,6.47
A002,2026-11-09,2141,154.0,6.97
A002,2026-11-09,2142,154.0,5.98
A002,2026-11-09,2143,153.0,6.63
A002,2026-11-09,2144,153.0,6.94
A002,2026-11-09,2145,149.0,6.44
A002,2026-11-09,2146,150.0,5.91
A002,2026-11-09,2147,150.0,7.06
A002,2026-11-09,2148,149.0,6.82
A002,2026-11-09,2149,150.0,5.69
A002,2026-11-09,2150,150.0,5.47
A002,2026-11-09,2151,149.0,5.61
A002,2026-11-09,2152,148.0,6.44
A002,2026-11-09,2153,146.0,6.22
A002,2026-11-09,2154,149.0,6.46
A002,2026-11-09,2155,148.0,5.72
A002,2026-11-09,2156,144.0,5.3
A002,2026-11-09,2157,146.0,6.34
A002,2026-11-09,2158,142.0,5.38
A002,2026-11-09,2159,145.0,5.76
A002,2026-11-09,2160,144.0,4.65
A002,2026-11-09,2161,143.0,5.17
A002,2026-11-09,2162,147.0,6.05
A002,2026-11-09,2163,141.0,4.95
A002,2026-11-09,2164,144.0,5.79
A002,2026-11-09,2165,147.0,3.84
A002,2026-11-09,2166,144.0,4.83
A002,2026-11-09,2167,142.0,5.0
A002,2026-11-09,2168,139.0,6.08
A002,2026-11-09,2169,138.0,4.26
A002,2026-11-09,2170,139.0,5.29
A002,2026-11-09,2171,138.0,5.46
A002,2026-11-09,2172,138.0,4.32
A002,2026-11-09,2173,138.0,4.46
A002,2026-11-09,2174,138.0,4.7
A002,2026-11-09,2175,139.0,3.65
A002,2026-11-09,2176,135.0,4.2
A002,2026-11-09,2177,136.0,5.17
A002,2026-11-09,2178,136.0,4.65
A002,2026-11-09,2179,136.0,4.17
A002,2026-11-09,2180,139.0,4.26
A002,2026-11-09,2181,136.0,4.47
A002,2026-11-09,2182,132.0,4.52
A002,2026-11-09,2183,135.0,3.65
A002,2026-11-09,2184,135.0,4.84
A002,2026-11-09,2185,133.0,4.64
A002,2026-11-09,2186,131.0,4.19
A002,2026-11-09,2187,136.0,3.21
A002,2026-11-09,2188,130.0,3.03
A002,2026-11-09,2189,133.0,3.38
A002,2026-11-09,2190,132.0,3.54
A002,2026-11-09,2191,132.0,2.38
A002,2026-11-09,2192,134.0,3.67
A002,2026-11-09,2193,131.0,4.08
A002,2026-11-09,2194,128.0,3.58
A002,2026-11-09,2195,131.0,2.77
A002,2026-11-09,2196,127.0,2.63
A002,2026-11-09,2197,129.0,3.22
A002,2026-11-09,2198,125.0,2.88
A002,2026-11-09,2199,125.0,3.17
A002,2026-11-09,2200,127.0,3.2
A002,2026-11-09,2201,127.0,3.43
A002,2026-11-09,2202,123.0,2.03
A002,2026-11-09,2203,127.0,2.78
A002,2026-11-09,2204,124.0,2.36
A002,2026-11-09,2205,127.0,2.46
A002,2026-11-09,2206,124.0,2.97
A002,2026-11-09,2207,122.0,2.97
A002,2026-11-09,2208,124.0,3.17
A002,2026-11-09,2209,121.0,2.52
A002,2026-11-09,2210,125.0,2.14
A002,2026-11-09,2211,123.0,1.99
A002,2026-11-09,2212,122.0,1.04
A002,2026-11-09,2213,123.0,2.82
A002,2026-11-09,2214,119.0,1.81
A002,2026-11-09,2215,118.0,2.3
A002,2026-11-09,2216,121.0,2.41
A002,2026-11-09,2217,118.0,1.25
A002,2026-11-09,2218,118.0,1.45
A002,2026-11-09,2219,121.0,2.93
A002,2026-11-09,2220,120.0,2.17
A002,2026-11-09,2221,116.0,1.65
A002,2026-11-09,2222,117.0,1.92
A002,2026-11-09,2223,116.0,2.65
A002,2026-11-09,2224,121.0,2.56
A002,2026-11-09,2225,119.0,1.12
A002,2026-11-09,2226,116.0,2.98
A002,2026-11-09,2227,118.0,2.58
A002,2026-11-09,2228,113.0,1.91
A002,2026-11-09,2229,114.0,1.28
A002,2026-11-09,2230,116.0,2.63
A002,2026-11-09,2231,116.0,2.29
A002,2026-11-09,2232,115.0,1.13
A002,2026-11-09,2233,115.0,1.86
A002,2026-11-09,2234,114.0,3.88
A002,2026-11-09,2235,113.0,2.01
A002,2026-11-09,2236,113.0,1.55
A002,2026-11-09,2237,112.0,1.39
A002,2026-11-09,2238,113.0,3.06
A002,2026-11-09,2239,113.0,2.51
A002,2026-11-09,2240,113.0,2.84
A002,2026-11-09,2241,109.0,2.15
A002,2026-11-09,2242,110.0,2.75
A002,2026-11-09,2243,112.0,1.49
A002,2026-11-09,2244,114.0,2.1
A002,2026-11-09,2245,111.0,2.17
A002,2026-11-09,2246,109.0,2.83
A002,2026-11-09,2247,110.0,2.19
A002,2026-11-09,2248,107.0,1.62
A002,2026-11-09,2249,112.0,2.04
A002,2026-11-09,2250,110.0,0.99
A002,2026-11-09,2251,108.0,0.61
A002,2026-11-09,2252,108.0,2.5
A002,2026-11-09,2253,107.0,1.78
A002,2026-11-09,2254,111.0,1.84
A002,2026-11-09,2255,107.0,2.5
A002,2026-11-09,2256,108.0,2.84
A002,2026-11-09,2257,108.0,2.32
A002,2026-11-09,2258,105.0,3.16
A002,2026-11-09,2259,107.0,2.3
A002,2026-11-09,2260,107.0,2.18
A002,2026-11-09,2261,103.0,2.14
A002,2026-11-09,2262,106.0,1.23
A002,2026-11-09,2263,106.0,2.57
A002,2026-11-09,2264,106.0,0.53
A002,2026-11-09,2265,105.0,1.65
A002,2026-11-09,2266,105.0,2.01
A002,2026-11-09,2267,107.0,1.53
A002,2026-11-09,2268,102.0,1.73
A002,2026-11-09,2269,103.0,3.1
A002,2026-11-09,2270,105.0,2.66
A002,2026-11-09,2271,105.0,1.59
A002,2026-11-09,2272,104.0,1.72
A002,2026-11-09,2273,109.0,1.23
A002,2026-11-09,2274,104.0,2.42
A002,2026-11-09,2275,105.0,1.85
A002,2026-11-09,2276,102.0,0.82
A002,2026-11-09,2277,100.0,2.06
A002,2026-11-09,2278,101.0,2.26
A002,2026-11-09,2279,103.0,2.58
A002,2026-11-09,2280,102.0,1.96
A002,2026-11-09,2281,102.0,1.78
A002,2026-11-09,2282,101.0,3.19
A002,2026-11-09,2283,100.0,2.0
A002,2026-11-09,2284,100.0,2.43
A002,2026-11-09,2285,102.0,1.68
A002,2026-11-09,2286,102.0,2.41
A002,2026-11-09,2287,98.0,1.13
A002,2026-11-09,2288,101.0,1.72
A002,2026-11-09,2289,98.0,1.28
A002,2026-11-09,2290,100.0,1.64
A002,2026-11-09,2291,99.0,2.75
A002,2026-11-09,2292,102.0,1.63
A002,2026-11-09,2293,98.0,2.43
A002,2026-11-09,2294,99.0,2.91
A002,2026-11-09,2295,99.0,1.98
A002,2026-11-09,2296,96.0,2.6
A002,2026-11-09,2297,98.0,2.32
A002,2026-11-09,2298,97.0,2.07
A002,2026-11-09,2299,96.0,2.45
A002,2026-11-09,2300,96.0,3.1
A002,2026-11-09,2301,99.0,1.62
A002,2026-11-09,2302,95.0,1.42
A002,2026-11-09,2303,98.0,1.39
A002,2026-11-09,2304,97.0,2.6
A002,2026-11-09,2305,93.0,2.68
A002,2026-11-09,2306,97.0,1.68
A002,2026-11-09,2307,93.0,0.72
A002,2026-11-09,2308,97.0,1.6
A002,2026-11-09,2309,94.0,2.33
A002,2026-11-09,2310,95.0,1.96
A002,2026-11-09,2311,92.0,2.11
A002,2026-11-09,2312,95.0,1.69
A002,2026-11-09,2313,96.0,2.61
A002,2026-11-09,2314,92.0,2.21
A002,2026-11-09,2315,93.0,2.35
A002,2026-11-09,2316,94.0,2.1
A002,2026-11-09,2317,94.0,2.31
A002,2026-11-09,2318,88.0,2.28
A002,2026-11-09,2319,97.0,1.44
A002,2026-11-09,2320,94.0,2.22
A002,2026-11-09,2321,94.0,2.47
A002,2026-11-09,2322,92.0,2.69
A002,2026-11-09,2323,88.0,2.25
A002,2026-11-09,2324,93.0,1.42
A002,2026-11-09,2325,90.0,1.51
A002,2026-11-09,2326,92.0,1.74
A002,2026-11-09,2327,91.0,2.11
A002,2026-11-09,2328,91.0,1.93
A002,2026-11-09,2329,89.0,1.33
A002,2026-11-09,2330,92.0,1.32
A002,2026-11-09,2331,88.0,0.74
A002,2026-11-09,2332,94.0,0.13
A002,2026-11-09,2333,94.0,1.92
A002,2026-11-09,2334,93.0,3.39
A002,2026-11-09,2335,92.0,3.08
A002,2026-11-09,2336,89.0,1.41
A002,2026-11-09,2337,92.0,2.09
A002,2026-11-09,2338,89.0,1.12
A002,2026-11-09,2339,86.0,1.21
A002,2026-11-09,2340,92.0,1.28
A002,2026-11-09,2341,92.0,1.86
A002,2026-11-09,2342,89.0,1.89
A002,2026-11-09,2343,87.0,2.15
A002,2026-11-09,2344,88.0,2.4
A002,2026-11-09,2345,86.0,1.8
A002,2026-11-09,2346,91.0,2.02
A002,2026-11-09,2347,86.0,1.34
A002,2026-11-09,2348,90.0,1.19
A002,2026-11-09,2349,88.0,1.1
A002,2026-11-09,2350,86.0,2.39
A002,2026-11-09,2351,90.0,1.8
A002,2026-11-09,2352,89.0,0.88
A002,2026-11-09,2353,91.0,1.96
A002,2026-11-09,2354,87.0,1.25
A002,2026-11-09,2355,88.0,3.0
A002,2026-11-09,2356,85.0,1.65
A002,2026-11-09,2357,85.0,2.41
A002,2026-11-09,2358,93.0,2.65
A002,2026-11-09,2359,94.0,1.43
A002,2026-11-09,2360,90.0,2.05
A002,2026-11-09,2361,88.0,2.33
A002,2026-11-09,2362,89.0,2.07
A002,2026-11-09,2363,91.0,2.22
A002,2026-11-09,2364,88.0,1.2
A002,2026-11-09,2365,90.0,2.33
A002,2026-11-09,2366,89.0,1.71
A002,2026-11-09,2367,88.0,2.21
A002,2026-11-09,2368,88.0,2.55
A002,2026-11-09,2369,90.0,2.4
A002,2026-11-09,2370,87.0,2.21
A002,2026-11-09,2371,90.0,2.39
A002,2026-11-09,2372,88.0,2.41
A002,2026-11-09,2373,90.0,2.9
A002,2026-11-09,2374,92.0,1.98
A002,2026-11-09,2375,89.0,2.1
A002,2026-11-09,2376,91.0,2.56
A002,2026-11-09,2377,86.0,1.71
A002,2026-11-09,2378,88.0,1.2
A002,2026-11-09,2379,89.0,2.3
A002,2026-11-09,2380,93.0,1.88
A002,2026-11-09,2381,85.0,1.28
A002,2026-11-09,2382,89.0,2.3
A002,2026-11-09,2383,92.0,2.86
A002,2026-11-09,2384,88.0,1.02
A002,2026-11-09,2385,89.0,2.61
A002,2026-11-09,2386,90.0,0.48
A002,2026-11-09,2387,90.0,1.76
A002,2026-11-09,2388,92.0,3.1
A002,2026-11-09,2389,90.0,1.8
A002,2026-11-09,2390,92.0,2.05
A002,2026-11-09,2391,89.0,2.46
A002,2026-11-09,2392,88.0,0.97
A002,2026-11-09,2393,89.0,2.04
A002,2026-11-09,2394,87.0,2.04
A002,2026-11-09,2395,90.0,3.12
A002,2026-11-09,2396,89.0,1.26
A002,2026-11-09,2397,88.0,1.77
A002,2026-11-09,2398,90.0,1.44
A002,2026-11-09,2399,87.0,1.38
A003,2026-11-09,0,88.0,1.07
A003,2026-11-09,1,87.0,1.45
A003,2026-11-09,2,87.0,1.77
A003,2026-11-09,3,87.0,1.79
A003,2026-11-09,4,87.0,1.92
A003,2026-11-09,5,86.0,2.62
A003,2026-11-09,6,88.0,2.75
A003,2026-11-09,7,87.0,3.2
A003,2026-11-09,8,87.0,1.03
A003,2026-11-09,9,88.0,1.49
A003,2026-11-09,10,89.0,2.42
A003,2026-11-09,11,87.0,1.73
A003,2026-11-09,12,88.0,2.52
A003,2026-11-09,13,92.0,2.12
A003,2026-11-09,14,92.0,2.95
A003,2026-11-09,15,86.0,2.63
A003,2026-11-09,16,86.0,2.64
A003,2026-11-09,17,86.0,1.75
A003,2026-11-09,18,90.0,1.94
A003,2026-11-09,19,87.0,1.82
A003,2026-11-09,20,89.0,1.1
A003,2026-11-09,21,92.0,2.88
A003,2026-11-09,22,88.0,2.45
A003,2026-11-09,23,89.0,1.79
A003,2026-11-09,24,89.0,2.78
A003,2026-11-09,25,87.0,1.62
A003,2026-11-09,26,90.0,0.9
A003,2026-11-09,27,86.0,2.6
A003,2026-11-09,28,91.0,1.23
A003,2026-11-09,29,87.0,1.88
A003,2026-11-09,30,87.0,2.12
A003,2026-11-09,31,86.0,2.23
A003,2026-11-09,32,86.0,2.51
A003,2026-11-09,33,87.0,2.35
A003,2026-11-09,34,83.0,2.33
A003,2026-11-09,35,88.0,1.53
A003,2026-11-09,36,87.0,2.18
A003,2026-11-09,37,90.0,1.1
A003,2026-11-09,38,89.0,2.94
A003,2026-11-09,39,87.0,1.16
A003,2026-11-09,40,87.0,1.79
A003,2026-11-09,41,88.0,1.21
A003,2026-11-09,42,91.0,1.56
A003,2026-11-09,43,86.0,2.01
A003,2026-11-09,44,87.0,1.68
A003,2026-11-09,45,86.0,2.69
A003,2026-11-09,46,85.0,2.14
A003,2026-11-09,47,89.0,1.72
A003,2026-11-09,48,88.0,1.92
A003,2026-11-09,49,91.0,2.73
A003,2026-11-09,50,90.0,2.55
A003,2026-11-09,51,93.0,1.32
A003,2026-11-09,52,88.0,1.59
A003,2026-11-09,53,88.0,2.28
A003,2026-11-09,54,85.0,2.21
A003,2026-11-09,55,89.0,1.37
A003,2026-11-09,56,88.0,2.45
A003,2026-11-09,57,89.0,1.47
A003,2026-11-09,58,86.0,2.78
A003,2026-11-09,59,89.0,2.32
A003,2026-11-09,60,88.0,1.32
A003,2026-11-09,61,88.0,1.68
A003,2026-11-09,62,87.0,1.67
A003,2026-11-09,63,90.0,2.1
A003,2026-11-09,64,92.0,1.88
A003,2026-11-09,65,86.0,1.31
A003,2026-11-09,66,89.0,1.16
A003,2026-11-09,67,82.0,2.33
A003,2026-11-09,68,89.0,2.17
A003,2026-11-09,69,84.0,2.06
A003,2026-11-09,70,87.0,2.16
A003,2026-11-09,71,85.0,1.63
A003,2026-11-09,72,88.0,2.11
A003,2026-11-09,73,90.0,3.52
A003,2026-11-09,74,84.0,2.7
A003,2026-11-09,75,87.0,1.83
A003,2026-11-09,76,87.0,1.69
A003,2026-11-09,77,91.0,0.28
A003,2026-11-09,78,89.0,2.64
A003,2026-11-09,79,86.0,2.47
A003,2026-11-09,80,87.0,1.67
A003,2026-11-09,81,91.0,1.14
A003,2026-11-09,82,89.0,1.31
A003,2026-11-09,83,86.0,2.27
A003,2026-11-09,84,88.0,1.95
A003,2026-11-09,85,88.0,2.41
A003,2026-11-09,86,87.0,2.05
A003,2026-11-09,87,85.0,2.58
A003,2026-11-09,88,87.0,2.22
A003,2026-11-09,89,92.0,2.5
A003,2026-11-09,90,88.0,0.75
A003,2026-11-09,91,89.0,1.26
A003,2026-11-09,92,90.0,1.78
A003,2026-11-09,93,94.0,2.65
A003,2026-11-09,94,90.0,3.13
A003,2026-11-09,95,93.0,1.9
A003,2026-11-09,96,90.0,1.63
A003,2026-11-09,97,91.0,0.83
A003,2026-11-09,98,91.0,2.52
A003,2026-11-09,99,90.0,1.67
A003,2026-11-09,100,91.0,3.78
A003,2026-11-09,101,94.0,1.56
A003,2026-11-09,102,91.0,3.26
A003,2026-11-09,103,93.0,2.45
A003,2026-11-09,104,94.0,1.38
A003,2026-11-09,105,92.0,2.14
A003,2026-11-09,106,96.0,2.46
A003,2026-11-09,107,94.0,1.86
A003,2026-11-09,108,94.0,2.5
A003,2026-11-09,109,90.0,2.49
A003,2026-11-09,110,94.0,2.36
A003,2026-11-09,111,96.0,1.99
A003,2026-11-09,112,99.0,1.3
A003,2026-11-09,113,97.0,1.95
A003,2026-11-09,114,98.0,2.11
A003,2026-11-09,115,94.0,0.87
A003,2026-11-09,116,96.0,2.1
A003,2026-11-09,117,99.0,1.94
A003,2026-11-09,118,95.0,1.22
A003,2026-11-09,119,99.0,1.8
A003,2026-11-09,120,99.0,1.81
A003,2026-11-09,121,98.0,3.16
A003,2026-11-09,122,97.0,2.13
A003,2026-11-09,123,96.0,2.62
A003,2026-11-09,124,102.0,1.93
A003,2026-11-09,125,100.0,0.88
A003,2026-11-09,126,100.0,2.4
A003,2026-11-09,127,98.0,1.61
A003,2026-11-09,128,99.0,1.8
A003,2026-11-09,129,100.0,1.37
A003,2026-11-09,130,101.0,2.04
A003,2026-11-09,131,102.0,2.64
A003,2026-11-09,132,99.0,2.56
A003,2026-11-09,133,98.0,2.95
A003,2026-11-09,134,101.0,3.04
A003,2026-11-09,135,98.0,0.77
A003,2026-11-09,136,101.0,1.28
A003,2026-11-09,137,101.0,0.92
A003,2026-11-09,138,103.0,2.38
A003,2026-11-09,139,106.0,1.58
A003,2026-11-09,140,98.0,1.71
A003,2026-11-09,141,107.0,1.87
A003,2026-11-09,142,102.0,2.23
A003,2026-11-09,143,104.0,1.11
A003,2026-11-09,144,100.0,1.24
A003,2026-11-09,145,106.0,2.0
A003,2026-11-09,146,104.0,2.72
A003,2026-11-09,147,,1.98
A003,2026-11-09,148,100.0,1.53
A003,2026-11-09,149,105.0,0.71
A003,2026-11-09,150,106.0,2.57
A003,2026-11-09,151,104.0,1.56
A003,2026-11-09,152,107.0,1.31
A003,2026-11-09,153,108.0,0.97
A003,2026-11-09,154,104.0,1.14
A003,2026-11-09,155,109.0,1.42
A003,2026-11-09,156,106.0,1.86
A003,2026-11-09,157,106.0,1.27
A003,2026-11-09,158,107.0,2.11
A003,2026-11-09,159,107.0,1.85
A003,2026-11-09,160,102.0,3.33
A003,2026-11-09,161,107.0,0.98
A003,2026-11-09,162,104.0,2.1
A003,2026-11-09,163,111.0,2.1
A003,2026-11-09,164,111.0,1.38
A003,2026-11-09,165,109.0,2.06
A003,2026-11-09,166,107.0,2.46
A003,2026-11-09,167,106.0,2.06
A003,2026-11-09,168,107.0,2.83
A003,2026-11-09,169,112.0,0.69
A003,2026-11-09,170,107.0,1.49
A003,2026-11-09,171,104.0,2.89
A003,2026-11-09,172,111.0,2.55
A003,2026-11-09,173,112.0,2.32
A003,2026-11-09,174,113.0,2.74
A003,2026-11-09,175,112.0,0.85
A003,2026-11-09,176,112.0,2.48
A003,2026-11-09,177,110.0,2.64
A003,2026-11-09,178,106.0,1.6
A003,2026-11-09,179,110.0,3.58
A003,2026-11-09,180,112.0,2.12
A003,2026-11-09,181,110.0,0.68
A003,2026-11-09,182,110.0,2.23
A003,2026-11-09,183,109.0,1.57
A003,2026-11-09,184,109.0,2.7
A003,2026-11-09,185,115.0,2.33
A003,2026-11-09,186,115.0,1.64
A003,2026-11-09,187,111.0,2.9
A003,2026-11-09,188,112.0,2.56
A003,2026-11-09,189,110.0,1.5
A003,2026-11-09,190,113.0,1.91
A003,2026-11-09,191,116.0,2.31
A003,2026-11-09,192,109.0,1.78
A003,2026-11-09,193,113.0,1.8
A003,2026-11-09,194,114.0,2.02
A003,2026-11-09,195,114.0,1.36
A003,2026-11-09,196,116.0,0.66
A003,2026-11-09,197,117.0,2.14
A003,2026-11-09,198,113.0,0.81
A003,2026-11-09,199,114.0,1.4
A003,2026-11-09,200,113.0,0.94
A003,2026-11-09,201,112.0,1.01
A003,2026-11-09,202,114.0,2.26
A003,2026-11-09,203,115.0,1.87
A003,2026-11-09,204,114.0,1.84
A003,2026-11-09,205,112.0,1.21
A003,2026-11-09,206,113.0,1.61
A003,2026-11-09,207,113.0,2.23
A003,2026-11-09,208,112.0,1.97
A003,2026-11-09,209,115.0,2.49
A003,2026-11-09,210,115.0,2.58
A003,2026-11-09,211,116.0,1.85
A003,2026-11-09,212,113.0,0.89
A003,2026-11-09,213,114.0,1.55
A003,2026-11-09,214,118.0,1.94
A003,2026-11-09,215,115.0,1.53
A003,2026-11-09,216,115.0,1.37
A003,2026-11-09,217,115.0,2.04
A003,2026-11-09,218,117.0,3.46
A003,2026-11-09,219,118.0,1.71
A003,2026-11-09,220,118.0,2.0
A003,2026-11-09,221,116.0,1.21
A003,2026-11-09,222,114.0,2.75
A003,2026-11-09,223,120.0,2.52
A003,2026-11-09,224,118.0,2.48
A003,2026-11-09,225,115.0,2.82
A003,2026-11-09,226,119.0,1.74
A003,2026-11-09,227,115.0,1.82
A003,2026-11-09,228,119.0,3.03
A003,2026-11-09,229,119.0,2.38
A003,2026-11-09,230,115.0,0.67
A003,2026-11-09,231,118.0,2.27
A003,2026-11-09,232,118.0,1.65
A003,2026-11-09,233,122.0,2.54
A003,2026-11-09,234,115.0,2.24
A003,2026-11-09,235,120.0,0.96
A003,2026-11-09,236,117.0,2.16
A003,2026-11-09,237,115.0,2.13
A003,2026-11-09,238,117.0,2.22
A003,2026-11-09,239,117.0,2.35
A003,2026-11-09,240,115.0,2.9
A003,2026-11-09,241,118.0,2.25
A003,2026-11-09,242,119.0,2.01
A003,2026-11-09,243,118.0,2.69
A003,2026-11-09,244,117.0,3.35
A003,2026-11-09,245,118.0,2.55
A003,2026-11-09,246,118.0,2.12
A003,2026-11-09,247,119.0,2.26
A003,2026-11-09,248,120.0,2.15
A003,2026-11-09,249,119.0,2.01
A003,2026-11-09,250,116.0,3.3
A003,2026-11-09,251,117.0,1.55
A003,2026-11-09,252,119.0,2.69
A003,2026-11-09,253,121.0,1.92
A003,2026-11-09,254,121.0,1.11
A003,2026-11-09,255,123.0,1.89
A003,2026-11-09,256,119.0,1.67
A003,2026-11-09,257,121.0,2.35
A003,2026-11-09,258,116.0,2.05
A003,2026-11-09,259,120.0,1.39
A003,2026-11-09,260,117.0,2.88
A003,2026-11-09,261,120.0,2.65
A003,2026-11-09,262,126.0,2.97
A003,2026-11-09,263,121.0,2.18
A003,2026-11-09,264,118.0,2.04
A003,2026-11-09,265,121.0,2.5
A003,2026-11-09,266,119.0,1.76
A003,2026-11-09,267,119.0,2.2
A003,2026-11-09,268,125.0,2.04
A003,2026-11-09,269,123.0,1.29
A003,2026-11-09,270,122.0,2.27
A003,2026-11-09,271,120.0,1.96
A003,2026-11-09,272,121.0,2.1
A003,2026-11-09,273,125.0,2.49
A003,2026-11-09,274,122.0,3.06
A003,2026-11-09,275,116.0,1.81
A003,2026-11-09,276,127.0,2.15
A003,2026-11-09,277,123.0,1.92
A003,2026-11-09,278,123.0,1.91
A003,2026-11-09,279,125.0,2.07
A003,2026-11-09,280,124.0,2.34
A003,2026-11-09,281,124.0,2.84
A003,2026-11-09,282,122.0,2.71
A003,2026-11-09,283,121.0,1.91
A003,2026-11-09,284,124.0,3.36
A003,2026-11-09,285,127.0,3.18
A003,2026-11-09,286,123.0,2.1
A003,2026-11-09,287,123.0,3.41
A003,2026-11-09,288,127.0,2.9
A003,2026-11-09,289,124.0,2.65
A003,2026-11-09,290,124.0,2.99
A003,2026-11-09,291,124.0,2.79
A003,2026-11-09,292,125.0,3.17
A003,2026-11-09,293,122.0,2.99
A003,2026-11-09,294,125.0,2.71
A003,2026-11-09,295,126.0,1.74
A003,2026-11-09,296,127.0,3.3
A003,2026-11-09,297,129.0,2.8
A003,2026-11-09,298,130.0,3.53
A003,2026-11-09,299,130.0,3.39
A003,2026-11-09,300,129.0,2.93
A003,2026-11-09,301,127.0,3.8
A003,2026-11-09,302,126.0,3.35
A003,2026-11-09,303,128.0,3.36
A003,2026-11-09,304,129.0,3.22
A003,2026-11-09,305,130.0,4.36
A003,2026-11-09,306,130.0,2.96
A003,2026-11-09,307,129.0,3.24
A003,2026-11-09,308,131.0,2.73
A003,2026-11-09,309,132.0,3.96
A003,2026-11-09,310,132.0,3.22
A003,2026-11-09,311,130.0,3.33
A003,2026-11-09,312,129.0,3.35
A003,2026-11-09,313,129.0,3.74
A003,2026-11-09,314,130.0,3.0
A003,2026-11-09,315,132.0,2.45
A003,2026-11-09,316,133.0,4.12
A003,2026-11-09,317,129.0,2.63
A003,2026-11-09,318,131.0,4.46
A003,2026-11-09,319,133.0,4.93
A003,2026-11-09,320,131.0,3.95
A003,2026-11-09,321,134.0,4.87
A003,2026-11-09,322,133.0,4.13
A003,2026-11-09,323,132.0,5.16
A003,2026-11-09,324,134.0,3.98
A003,2026-11-09,325,135.0,2.88
A003,2026-11-09,326,133.0,4.31
A003,2026-11-09,327,135.0,5.43
A003,2026-11-09,328,136.0,4.78
A003,2026-11-09,329,134.0,4.21
A003,2026-11-09,330,133.0,4.77
A003,2026-11-09,331,133.0,5.21
A003,2026-11-09,332,136.0,4.63
A003,2026-11-09,333,135.0,6.32
A003,2026-11-09,334,137.0,4.49
A003,2026-11-09,335,141.0,5.46
A003,2026-11-09,336,136.0,5.37
A003,2026-11-09,337,138.0,4.55
A003,2026-11-09,338,143.0,4.77
A003,2026-11-09,339,140.0,5.7
A003,2026-11-09,340,139.0,5.23
A003,2026-11-09,341,140.0,5.41
A003,2026-11-09,342,141.0,4.28
A003,2026-11-09,343,144.0,5.72
A003,2026-11-09,344,140.0,5.56
A003,2026-11-09,345,140.0,5.41
A003,2026-11-09,346,139.0,5.72
A003,2026-11-09,347,143.0,5.32
A003,2026-11-09,348,140.0,5.27
A003,2026-11-09,349,142.0,5.54
A003,2026-11-09,350,142.0,5.47
A003,2026-11-09,351,146.0,7.12
A003,2026-11-09,352,143.0,6.42
A003,2026-11-09,353,146.0,5.36
A003,2026-11-09,354,142.0,7.22
A003,2026-11-09,355,146.0,5.8
A003,2026-11-09,356,144.0,6.14
A003,2026-11-09,357,146.0,6.73
A003,2026-11-09,358,151.0,5.07
A003,2026-11-09,359,149.0,6.17
A003,2026-11-09,360,147.0,6.03
A003,2026-11-09,361,154.0,6.56
A003,2026-11-09,362,147.0,6.73
A003,2026-11-09,363,151.0,6.52
A003,2026-11-09,364,146.0,6.56
A003,2026-11-09,365,149.0,7.33
A003,2026-11-09,366,147.0,6.94
A003,2026-11-09,367,151.0,6.85
A003,2026-11-09,368,151.0,6.97
A003,2026-11-09,369,151.0,8.05
A003,2026-11-09,370,154.0,7.12
A003,2026-11-09,371,151.0,6.77
A003,2026-11-09,372,153.0,5.99
A003,2026-11-09,373,154.0,6.34
A003,2026-11-09,374,150.0,6.98
A003,2026-11-09,375,152.0,7.26
A003,2026-11-09,376,154.0,7.05
A003,2026-11-09,377,156.0,7.66
A003,2026-11-09,378,158.0,7.17
A003,2026-11-09,379,155.0,7.03
A003,2026-11-09,380,155.0,8.0
A003,2026-11-09,381,154.0,8.52
A003,2026-11-09,382,157.0,7.09
A003,2026-11-09,383,156.0,7.97
A003,2026-11-09,384,157.0,6.74
A003,2026-11-09,385,157.0,7.06
A003,2026-11-09,386,159.0,7.65
A003,2026-11-09,387,157.0,8.74
A003,2026-11-09,388,157.0,7.65
A003,2026-11-09,389,160.0,7.69
A003,2026-11-09,390,153.0,8.26
A003,2026-11-09,391,159.0,8.32
A003,2026-11-09,392,158.0,7.88
A003,2026-11-09,393,163.0,9.6
A003,2026-11-09,394,160.0,8.31
A003,2026-11-09,395,160.0,8.59
A003,2026-11-09,396,161.0,8.34
A003,2026-11-09,397,161.0,8.9
A003,2026-11-09,398,161.0,9.43
A003,2026-11-09,399,163.0,9.74
A003,2026-11-09,400,162.0,8.34
A003,2026-11-09,401,162.0,9.51
A003,2026-11-09,402,162.0,9.23
A003,2026-11-09,403,162.0,9.54
A003,2026-11-09,404,164.0,8.95
A003,2026-11-09,405,165.0,8.94
A003,2026-11-09,406,162.0,9.67
A003,2026-11-09,407,167.0,9.73
A003,2026-11-09,408,167.0,10.15
A003,2026-11-09,409,168.0,9.37
A003,2026-11-09,410,167.0,9.24
A003,2026-11-09,411,168.0,7.87
A003,2026-11-09,412,171.0,8.43
A003,2026-11-09,413,166.0,9.21
A003,2026-11-09,414,165.0,8.83
A003,2026-11-09,415,165.0,10.02
A003,2026-11-09,416,171.0,8.79
A003,2026-11-09,417,172.0,9.32
A003,2026-11-09,418,167.0,9.38
A003,2026-11-09,419,167.0,10.43
A003,2026-11-09,420,168.0,9.38
A003,2026-11-09,421,172.0,10.06
A003,2026-11-09,422,167.0,9.94
A003,2026-11-09,423,166.0,10.4
A003,2026-11-09,424,174.0,10.41
A003,2026-11-09,425,171.0,9.92
A003,2026-11-09,426,171.0,8.96
A003,2026-11-09,427,170.0,9.87
A003,2026-11-09,428,172.0,10.03
A003,2026-11-09,429,168.0,10.25
A003,2026-11-09,430,170.0,9.67
A003,2026-11-09,431,172.0,10.83
A003,2026-11-09,432,167.0,10.18
A003,2026-11-09,433,171.0,9.65
A003,2026-11-09,434,171.0,9.96
A003,2026-11-09,435,172.0,11.42
A003,2026-11-09,436,171.0,10.69
A003,2026-11-09,437,171.0,10.95
A003,2026-11-09,438,169.0,9.72
A003,2026-11-09,439,173.0,9.96
A003,2026-11-09,440,173.0,9.99
A003,2026-11-09,441,171.0,10.54
A003,2026-11-09,442,174.0,10.34
A003,2026-11-09,443,173.0,10.18
A003,2026-11-09,444,173.0,10.28
A003,2026-11-09,445,170.0,10.04
A003,2026-11-09,446,175.0,10.43
A003,2026-11-09,447,172.0,11.22
A003,2026-11-09,448,174.0,9.67
A003,2026-11-09,449,173.0,10.8
A003,2026-11-09,450,174.0,11.44
A003,2026-11-09,451,177.0,10.52
A003,2026-11-09,452,176.0,10.33
A003,2026-11-09,453,177.0,11.21
A003,2026-11-09,454,176.0,10.08
A003,2026-11-09,455,176.0,10.67
A003,2026-11-09,456,171.0,10.08
A003,2026-11-09,457,174.0,9.59
A003,2026-11-09,458,175.0,10.63
A003,2026-11-09,459,178.0,9.98
A003,2026-11-09,460,174.0,10.74
A003,2026-11-09,461,176.0,11.42
A003,2026-11-09,462,176.0,11.88
A003,2026-11-09,463,178.0,10.83
A003,2026-11-09,464,175.0,11.39
A003,2026-11-09,465,177.0,11.02
A003,2026-11-09,466,172.0,10.56
A003,2026-11-09,467,172.0,9.64
A003,2026-11-09,468,171.0,11.78
A003,2026-11-09,469,177.0,10.18
A003,2026-11-09,470,177.0,11.64
A003,2026-11-09,471,178.0,11.13
A003,2026-11-09,472,174.0,10.23
A003,2026-11-09,473,175.0,11.0
A003,2026-11-09,474,176.0,12.1
A003,2026-11-09,475,179.0,11.74
A003,2026-11-09,476,179.0,10.51
A003,2026-11-09,477,177.0,10.39
A003,2026-11-09,478,176.0,10.88
A003,2026-11-09,479,178.0,10.72
A003,2026-11-09,480,175.0,11.54
A003,2026-11-09,481,175.0,11.22
A003,2026-11-09,482,175.0,9.73
A003,2026-11-09,483,173.0,10.98
A003,2026-11-09,484,174.0,10.56
A003,2026-11-09,485,172.0,10.65
A003,2026-11-09,486,176.0,10.74
A003,2026-11-09,487,175.0,11.27
A003,2026-11-09,488,177.0,11.1
A003,2026-11-09,489,170.0,10.03
A003,2026-11-09,490,177.0,10.4
A003,2026-11-09,491,170.0,10.13
A003,2026-11-09,492,170.0,9.35
A003,2026-11-09,493,171.0,10.25
A003,2026-11-09,494,175.0,11.39
A003,2026-11-09,495,173.0,9.22
A003,2026-11-09,496,171.0,10.19
A003,2026-11-09,497,170.0,10.13
A003,2026-11-09,498,169.0,10.3
A003,2026-11-09,499,173.0,9.51
A003,2026-11-09,500,173.0,9.19
A003,2026-11-09,501,173.0,9.18
A003,2026-11-09,502,171.0,10.77
A003,2026-11-09,503,165.0,9.34
A003,2026-11-09,504,167.0,9.6
A003,2026-11-09,505,171.0,11.12
A003,2026-11-09,506,169.0,9.38
A003,2026-11-09,507,168.0,9.99
A003,2026-11-09,508,167.0,10.38
A003,2026-11-09,509,171.0,10.32
A003,2026-11-09,510,169.0,8.87
A003,2026-11-09,511,169.0,9.21
A003,2026-11-09,512,167.0,9.78
A003,2026-11-09,513,168.0,10.72
A003,2026-11-09,514,165.0,9.07
A003,2026-11-09,515,167.0,9.19
A003,2026-11-09,516,162.0,9.71
A003,2026-11-09,517,164.0,9.79
A003,2026-11-09,518,166.0,9.8
A003,2026-11-09,519,171.0,8.85
A003,2026-11-09,520,163.0,9.0
A003,2026-11-09,521,164.0,9.42
A003,2026-11-09,522,166.0,10.01
A003,2026-11-09,523,169.0,9.08
A003,2026-11-09,524,166.0,9.18
A003,2026-11-09,525,167.0,8.55
A003,2026-11-09,526,164.0,10.25
A003,2026-11-09,527,164.0,9.19
A003,2026-11-09,528,165.0,9.72
A003,2026-11-09,529,163.0,9.06
A003,2026-11-09,530,166.0,9.07
A003,2026-11-09,531,161.0,8.09
A003,2026-11-09,532,166.0,7.67
A003,2026-11-09,533,164.0,9.69
A003,2026-11-09,534,163.0,8.96
A003,2026-11-09,535,160.0,9.01
A003,2026-11-09,536,161.0,8.11
A003,2026-11-09,537,166.0,8.3
A003,2026-11-09,538,163.0,9.45
A003,2026-11-09,539,164.0,9.84
A003,2026-11-09,540,161.0,8.4
A003,2026-11-09,541,163.0,9.16
A003,2026-11-09,542,160.0,8.85
A003,2026-11-09,543,163.0,8.64
A003,2026-11-09,544,163.0,9.81
A003,2026-11-09,545,163.0,8.41
A003,2026-11-09,546,160.0,9.41
A003,2026-11-09,547,161.0,8.87
A003,2026-11-09,548,163.0,8.62
A003,2026-11-09,549,161.0,9.44
A003,2026-11-09,550,161.0,8.78
A003,2026-11-09,551,165.0,8.53
A003,2026-11-09,552,160.0,9.41
A003,2026-11-09,553,164.0,9.32
A003,2026-11-09,554,159.0,9.28
A003,2026-11-09,555,163.0,6.21
A003,2026-11-09,556,163.0,8.8
A003,2026-11-09,557,160.0,8.66
A003,2026-11-09,558,159.0,8.5
A003,2026-11-09,559,157.0,8.88
A003,2026-11-09,560,160.0,8.67
A003,2026-11-09,561,162.0,8.92
A003,2026-11-09,562,159.0,8.34
A003,2026-11-09,563,161.0,9.4
A003,2026-11-09,564,158.0,8.97
A003,2026-11-09,565,161.0,8.83
A003,2026-11-09,566,159.0,8.8
A003,2026-11-09,567,161.0,9.2
A003,2026-11-09,568,160.0,9.12
A003,2026-11-09,569,159.0,8.44
A003,2026-11-09,570,160.0,9.1
A003,2026-11-09,571,159.0,8.62
A003,2026-11-09,572,159.0,9.67
A003,2026-11-09,573,163.0,9.18
A003,2026-11-09,574,161.0,8.16
A003,2026-11-09,575,157.0,9.94
A003,2026-11-09,576,160.0,7.29
A003,2026-11-09,577,163.0,8.94
A003,2026-11-09,578,160.0,8.15
A003,2026-11-09,579,165.0,9.71
A003,2026-11-09,580,160.0,8.74
A003,2026-11-09,581,163.0,8.13
A003,2026-11-09,582,164.0,8.46
A003,2026-11-09,583,163.0,8.2
A003,2026-11-09,584,159.0,8.46
A003,2026-11-09,585,160.0,8.46
A003,2026-11-09,586,165.0,8.23
A003,2026-11-09,587,161.0,8.86
A003,2026-11-09,588,164.0,8.95
A003,2026-11-09,589,162.0,8.14
A003,2026-11-09,590,163.0,7.76
A003,2026-11-09,591,160.0,8.96
A003,2026-11-09,592,162.0,9.11
A003,2026-11-09,593,161.0,9.26
A003,2026-11-09,594,164.0,9.17
A003,2026-11-09,595,164.0,9.81
A003,2026-11-09,596,164.0,9.49
A003,2026-11-09,597,163.0,10.52
A003,2026-11-09,598,162.0,10.8
A003,2026-11-09,599,164.0,7.91
A003,2026-11-09,600,162.0,7.67
A003,2026-11-09,601,167.0,9.01
A003,2026-11-09,602,164.0,9.35
A003,2026-11-09,603,164.0,9.03
A003,2026-11-09,604,166.0,9.52
A003,2026-11-09,605,165.0,8.97
A003,2026-11-09,606,162.0,8.75
A003,2026-11-09,607,163.0,8.87
A003,2026-11-09,608,168.0,9.1
A003,2026-11-09,609,166.0,9.76
A003,2026-11-09,610,163.0,9.0
A003,2026-11-09,611,167.0,9.15
A003,2026-11-09,612,165.0,9.7
A003,2026-11-09,613,165.0,9.27
A003,2026-11-09,614,165.0,10.09
A003,2026-11-09,615,169.0,8.9
A003,2026-11-09,616,163.0,8.81
A003,2026-11-09,617,166.0,9.71
A003,2026-11-09,618,168.0,9.8
A003,2026-11-09,619,171.0,9.08
A003,2026-11-09,620,169.0,10.44
A003,2026-11-09,621,167.0,10.83
A003,2026-11-09,622,172.0,9.33
A003,2026-11-09,623,166.0,10.64
A003,2026-11-09,624,170.0,8.35
A003,2026-11-09,625,170.0,10.47
A003,2026-11-09,626,168.0,9.34
A003,2026-11-09,627,171.0,10.48
A003,2026-11-09,628,169.0,9.36
A003,2026-11-09,629,172.0,9.93
A003,2026-11-09,630,167.0,9.52
A003,2026-11-09,631,172.0,9.92
A003,2026-11-09,632,170.0,11.19
A003,2026-11-09,633,174.0,10.06
A003,2026-11-09,634,172.0,11.43
A003,2026-11-09,635,174.0,9.97
A003,2026-11-09,636,173.0,11.14
A003,2026-11-09,637,172.0,9.31
A003,2026-11-09,638,174.0,10.15
A003,2026-11-09,639,174.0,10.04
A003,2026-11-09,640,174.0,11.32
A003,2026-11-09,641,169.0,10.55
A003,2026-11-09,642,172.0,9.22
A003,2026-11-09,643,177.0,9.73
A003,2026-11-09,644,172.0,9.95
A003,2026-11-09,645,176.0,11.15
A003,2026-11-09,646,176.0,11.11
A003,2026-11-09,647,173.0,10.49
A003,2026-11-09,648,171.0,10.38
A003,2026-11-09,649,174.0,11.17
A003,2026-11-09,650,180.0,10.1
A003,2026-11-09,651,174.0,11.09
A003,2026-11-09,652,174.0,11.08
A003,2026-11-09,653,174.0,10.72
A003,2026-11-09,654,179.0,11.16
A003,2026-11-09,655,176.0,11.02
A003,2026-11-09,656,176.0,11.29
A003,2026-11-09,657,180.0,10.23
A003,2026-11-09,658,179.0,11.43
A003,2026-11-09,659,176.0,11.72
A003,2026-11-09,660,175.0,11.33
A003,2026-11-09,661,180.0,11.53
A003,2026-11-09,662,178.0,11.13
A003,2026-11-09,663,175.0,11.77
A003,2026-11-09,664,175.0,11.3
A003,2026-11-09,665,177.0,10.61
A003,2026-11-09,666,177.0,11.82
A003,2026-11-09,667,175.0,10.38
A003,2026-11-09,668,177.0,11.56
A003,2026-11-09,669,178.0,11.19
A003,2026-11-09,670,179.0,11.18
A003,2026-11-09,671,183.0,11.58
A003,2026-11-09,672,180.0,11.08
A003,2026-11-09,673,180.0,11.83
A003,2026-11-09,674,181.0,11.59
A003,2026-11-09,675,180.0,11.21
A003,2026-11-09,676,182.0,12.41
A003,2026-11-09,677,182.0,11.75
A003,2026-11-09,678,181.0,12.03
A003,2026-11-09,679,187.0,12.53
A003,2026-11-09,680,183.0,12.54
A003,2026-11-09,681,179.0,12.07
A003,2026-11-09,682,182.0,11.56
A003,2026-11-09,683,180.0,10.9
A003,2026-11-09,684,183.0,11.9
A003,2026-11-09,685,179.0,12.45
A003,2026-11-09,686,180.0,12.03
A003,2026-11-09,687,183.0,9.77
A003,2026-11-09,688,184.0,12.37
A003,2026-11-09,689,183.0,12.42
A003,2026-11-09,690,184.0,11.7
A003,2026-11-09,691,183.0,12.49
A003,2026-11-09,692,183.0,12.28
A003,2026-11-09,693,182.0,11.51
A003,2026-11-09,694,184.0,12.69
A003,2026-11-09,695,185.0,11.18
A003,2026-11-09,696,183.0,11.91
A003,2026-11-09,697,183.0,11.86
A003,2026-11-09,698,186.0,11.47
A003,2026-11-09,699,183.0,12.16
A003,2026-11-09,700,183.0,12.77
A003,2026-11-09,701,184.0,12.73
A003,2026-11-09,702,183.0,12.42
A003,2026-11-09,703,182.0,10.98
A003,2026-11-09,704,184.0,11.19
A003,2026-11-09,705,183.0,12.1
A003,2026-11-09,706,187.0,11.98
A003,2026-11-09,707,185.0,11.7
A003,2026-11-09,708,182.0,13.14
A003,2026-11-09,709,185.0,12.06
A003,2026-11-09,710,184.0,12.32
A003,2026-11-09,711,186.0,12.59
A003,2026-11-09,712,182.0,12.02
A003,2026-11-09,713,184.0,13.54
A003,2026-11-09,714,183.0,11.41
A003,2026-11-09,715,183.0,11.61
A003,2026-11-09,716,181.0,11.4
A003,2026-11-09,717,184.0,12.89
A003,2026-11-09,718,184.0,12.43
A003,2026-11-09,719,185.0,11.61
A003,2026-11-09,720,183.0,11.41
A003,2026-11-09,721,182.0,12.75
A003,2026-11-09,722,184.0,12.12
A003,2026-11-09,723,181.0,12.73
A003,2026-11-09,724,185.0,11.84
A003,2026-11-09,725,185.0,12.17
A003,2026-11-09,726,185.0,12.02
A003,2026-11-09,727,183.0,11.45
A003,2026-11-09,728,181.0,11.72
A003,2026-11-09,729,182.0,11.08
A003,2026-11-09,730,183.0,12.07
A003,2026-11-09,731,181.0,12.21
A003,2026-11-09,732,184.0,12.33
A003,2026-11-09,733,183.0,12.11
A003,2026-11-09,734,180.0,11.61
A003,2026-11-09,735,185.0,12.6
A003,2026-11-09,736,181.0,12.18
A003,2026-11-09,737,179.0,12.46
A003,2026-11-09,738,179.0,12.47
A003,2026-11-09,739,184.0,11.5
A003,2026-11-09,740,184.0,11.78
A003,2026-11-09,741,182.0,11.98
A003,2026-11-09,742,183.0,10.8
A003,2026-11-09,743,182.0,10.79
A003,2026-11-09,744,181.0,10.66
A003,2026-11-09,745,180.0,11.34
A003,2026-11-09,746,180.0,11.18
A003,2026-11-09,747,181.0,10.49
A003,2026-11-09,748,177.0,11.41
A003,2026-11-09,749,180.0,11.23
A003,2026-11-09,750,181.0,11.96
A003,2026-11-09,751,178.0,12.43
A003,2026-11-09,752,178.0,11.46
A003,2026-11-09,753,179.0,10.74
A003,2026-11-09,754,176.0,11.51
A003,2026-11-09,755,175.0,11.1
A003,2026-11-09,756,180.0,10.91
A003,2026-11-09,757,176.0,10.5
A003,2026-11-09,758,177.0,10.71
A003,2026-11-09,759,175.0,10.84
A003,2026-11-09,760,179.0,11.4
A003,2026-11-09,761,178.0,11.19
A003,2026-11-09,762,175.0,11.94
A003,2026-11-09,763,173.0,11.21
A003,2026-11-09,764,175.0,11.02
A003,2026-11-09,765,176.0,10.55
A003,2026-11-09,766,175.0,10.07
A003,2026-11-09,767,175.0,10.31
A003,2026-11-09,768,175.0,10.2
A003,2026-11-09,769,176.0,9.04
A003,2026-11-09,770,174.0,9.94
A003,2026-11-09,771,175.0,11.46
A003,2026-11-09,772,172.0,10.69
A003,2026-11-09,773,178.0,10.2
A003,2026-11-09,774,172.0,10.63
A003,2026-11-09,775,173.0,9.18
A003,2026-11-09,776,174.0,10.48
A003,2026-11-09,777,172.0,11.04
A003,2026-11-09,778,172.0,10.16
A003,2026-11-09,779,172.0,9.13
A003,2026-11-09,780,170.0,9.91
A003,2026-11-09,781,172.0,10.88
A003,2026-11-09,782,168.0,10.23
A003,2026-11-09,783,174.0,9.19
A003,2026-11-09,784,172.0,11.42
A003,2026-11-09,785,172.0,9.21
A003,2026-11-09,786,167.0,9.78
A003,2026-11-09,787,168.0,9.26
A003,2026-11-09,788,172.0,9.23
A003,2026-11-09,789,178.0,9.54
A003,2026-11-09,790,172.0,10.15
A003,2026-11-09,791,171.0,10.51
A003,2026-11-09,792,170.0,9.47
A003,2026-11-09,793,167.0,9.05
A003,2026-11-09,794,170.0,9.91
A003,2026-11-09,795,166.0,9.89
A003,2026-11-09,796,165.0,9.7
A003,2026-11-09,797,165.0,9.68
A003,2026-11-09,798,169.0,9.41
A003,2026-11-09,799,167.0,9.51
A003,2026-11-09,800,167.0,9.3
A003,2026-11-09,801,167.0,10.02
A003,2026-11-09,802,164.0,10.68
A003,2026-11-09,803,165.0,9.42
A003,2026-11-09,804,165.0,9.28
A003,2026-11-09,805,163.0,9.4
A003,2026-11-09,806,165.0,8.82
A003,2026-11-09,807,163.0,9.64
A003,2026-11-09,808,166.0,9.42
A003,2026-11-09,809,166.0,8.87
A003,2026-11-09,810,162.0,9.64
A003,2026-11-09,811,164.0,9.08
A003,2026-11-09,812,168.0,8.46
A003,2026-11-09,813,162.0,9.22
A003,2026-11-09,814,165.0,9.12
A003,2026-11-09,815,164.0,9.53
A003,2026-11-09,816,166.0,9.43
A003,2026-11-09,817,164.0,8.84
A003,2026-11-09,818,163.0,8.6
A003,2026-11-09,819,163.0,8.86
A003,2026-11-09,820,163.0,9.05
A003,2026-11-09,821,163.0,9.1
A003,2026-11-09,822,160.0,8.97
A003,2026-11-09,823,165.0,8.71
A003,2026-11-09,824,165.0,9.35
A003,2026-11-09,825,160.0,8.32
A003,2026-11-09,826,162.0,10.2
A003,2026-11-09,827,162.0,9.15
A003,2026-11-09,828,160.0,8.0
A003,2026-11-09,829,158.0,8.77
A003,2026-11-09,830,161.0,9.11
A003,2026-11-09,831,161.0,8.42
A003,2026-11-09,832,159.0,7.72
A003,2026-11-09,833,162.0,7.98
A003,2026-11-09,834,164.0,8.91
A003,2026-11-09,835,163.0,7.52
A003,2026-11-09,836,161.0,7.69
A003,2026-11-09,837,158.0,8.88
A003,2026-11-09,838,163.0,8.41
A003,2026-11-09,839,162.0,8.12
A003,2026-11-09,840,162.0,8.23
A003,2026-11-09,841,165.0,7.64
A003,2026-11-09,842,160.0,8.81
A003,2026-11-09,843,155.0,8.03
A003,2026-11-09,844,159.0,8.19
A003,2026-11-09,845,162.0,8.71
A003,2026-11-09,846,161.0,8.35
A003,2026-11-09,847,159.0,8.08
A003,2026-11-09,848,158.0,7.31
A003,2026-11-09,849,160.0,8.72
A003,2026-11-09,850,159.0,8.55
A003,2026-11-09,851,162.0,8.19
A003,2026-11-09,852,160.0,7.88
A003,2026-11-09,853,160.0,8.52
A003,2026-11-09,854,160.0,8.8
A003,2026-11-09,855,162.0,8.58
A003,2026-11-09,856,161.0,9.51
A003,2026-11-09,857,162.0,8.96
A003,2026-11-09,858,162.0,8.48
A003,2026-11-09,859,161.0,8.99
A003,2026-11-09,860,159.0,8.59
A003,2026-11-09,861,160.0,8.6
A003,2026-11-09,862,161.0,9.36
A003,2026-11-09,863,166.0,8.05
A003,2026-11-09,864,159.0,8.62
A003,2026-11-09,865,161.0,9.33
A003,2026-11-09,866,162.0,8.82
A003,2026-11-09,867,161.0,8.43
A003,2026-11-09,868,164.0,7.64
A003,2026-11-09,869,162.0,7.32
A003,2026-11-09,870,162.0,9.95
A003,2026-11-09,871,164.0,8.9
A003,2026-11-09,872,166.0,8.39
A003,2026-11-09,873,166.0,8.97
A003,2026-11-09,874,163.0,8.21
A003,2026-11-09,875,163.0,8.6
A003,2026-11-09,876,163.0,8.26
A003,2026-11-09,877,164.0,8.0
A003,2026-11-09,878,162.0,7.61
A003,2026-11-09,879,165.0,7.93
A003,2026-11-09,880,164.0,9.53
A003,2026-11-09,881,164.0,8.35
A003,2026-11-09,882,162.0,9.29
A003,2026-11-09,883,164.0,9.57
A003,2026-11-09,884,161.0,9.03
A003,2026-11-09,885,163.0,8.87
A003,2026-11-09,886,164.0,9.16
A003,2026-11-09,887,166.0,8.86
A003,2026-11-09,888,169.0,9.86
A003,2026-11-09,889,166.0,10.3
A003,2026-11-09,890,168.0,10.07
A003,2026-11-09,891,167.0,7.94
A003,2026-11-09,892,168.0,9.0
A003,2026-11-09,893,170.0,9.3
A003,2026-11-09,894,165.0,9.61
A003,2026-11-09,895,165.0,8.33
A003,2026-11-09,896,168.0,8.35
A003,2026-11-09,897,167.0,10.22
A003,2026-11-09,898,168.0,9.13
A003,2026-11-09,899,167.0,8.61
A003,2026-11-09,900,166.0,8.87
A003,2026-11-09,901,171.0,9.81
A003,2026-11-09,902,166.0,9.11
A003,2026-11-09,903,170.0,9.79
A003,2026-11-09,904,170.0,9.09
A003,2026-11-09,905,166.0,8.67
A003,2026-11-09,906,167.0,10.61
A003,2026-11-09,907,168.0,10.03
A003,2026-11-09,908,171.0,9.63
A003,2026-11-09,909,169.0,9.55
A003,2026-11-09,910,170.0,10.78
A003,2026-11-09,911,167.0,10.3
A003,2026-11-09,912,175.0,10.67
A003,2026-11-09,913,171.0,9.67
A003,2026-11-09,914,172.0,10.09
A003,2026-11-09,915,170.0,10.34
A003,2026-11-09,916,170.0,9.81
A003,2026-11-09,917,176.0,10.12
A003,2026-11-09,918,168.0,9.86
A003,2026-11-09,919,173.0,10.49
A003,2026-11-09,920,170.0,9.5
A003,2026-11-09,921,172.0,10.67
A003,2026-11-09,922,172.0,10.56
A003,2026-11-09,923,171.0,10.29
A003,2026-11-09,924,174.0,10.72
A003,2026-11-09,925,169.0,10.27
A003,2026-11-09,926,173.0,10.12
A003,2026-11-09,927,174.0,10.89
A003,2026-11-09,928,172.0,10.95
A003,2026-11-09,929,178.0,10.33
A003,2026-11-09,930,174.0,10.32
A003,2026-11-09,931,175.0,10.6
A003,2026-11-09,932,174.0,10.42
A003,2026-11-09,933,175.0,11.7
A003,2026-11-09,934,178.0,11.02
A003,2026-11-09,935,181.0,10.87
A003,2026-11-09,936,178.0,10.34
A003,2026-11-09,937,179.0,11.38
A003,2026-11-09,938,180.0,10.6
A003,2026-11-09,939,177.0,10.61
A003,2026-11-09,940,180.0,11.5
A003,2026-11-09,941,179.0,11.31
A003,2026-11-09,942,178.0,9.61
A003,2026-11-09,943,179.0,11.05
A003,2026-11-09,944,174.0,11.25
A003,2026-11-09,945,179.0,11.0
A003,2026-11-09,946,175.0,11.34
A003,2026-11-09,947,175.0,10.19
A003,2026-11-09,948,179.0,9.61
A003,2026-11-09,949,177.0,10.75
A003,2026-11-09,950,179.0,11.53
A003,2026-11-09,951,180.0,9.46
A003,2026-11-09,952,180.0,10.92
A003,2026-11-09,953,178.0,10.3
A003,2026-11-09,954,182.0,11.33
A003,2026-11-09,955,180.0,12.68
A003,2026-11-09,956,181.0,11.4
A003,2026-11-09,957,178.0,11.5
A003,2026-11-09,958,180.0,12.09
A003,2026-11-09,959,183.0,11.62
A003,2026-11-09,960,183.0,11.51
A003,2026-11-09,961,180.0,12.21
A003,2026-11-09,962,180.0,11.96
A003,2026-11-09,963,179.0,11.88
A003,2026-11-09,964,180.0,11.64
A003,2026-11-09,965,179.0,11.54
A003,2026-11-09,966,182.0,12.32
A003,2026-11-09,967,183.0,11.58
A003,2026-11-09,968,180.0,12.54
A003,2026-11-09,969,182.0,11.19
A003,2026-11-09,970,182.0,12.7
A003,2026-11-09,971,184.0,12.14
A003,2026-11-09,972,181.0,11.29
A003,2026-11-09,973,181.0,12.19
A003,2026-11-09,974,181.0,11.51
A003,2026-11-09,975,180.0,11.93
A003,2026-11-09,976,184.0,11.63
A003,2026-11-09,977,183.0,11.85
A003,2026-11-09,978,183.0,12.51
A003,2026-11-09,979,186.0,12.26
A003,2026-11-09,980,186.0,11.29
A003,2026-11-09,981,180.0,11.33
A003,2026-11-09,982,184.0,12.14
A003,2026-11-09,983,184.0,12.19
A003,2026-11-09,984,182.0,11.58
A003,2026-11-09,985,184.0,12.95
A003,2026-11-09,986,180.0,12.48
A003,2026-11-09,987,186.0,11.62
A003,2026-11-09,988,184.0,11.57
A003,2026-11-09,989,182.0,11.86
A003,2026-11-09,990,182.0,11.8
A003,2026-11-09,991,180.0,12.75
A003,2026-11-09,992,183.0,12.59
A003,2026-11-09,993,182.0,12.02
A003,2026-11-09,994,181.0,12.4
A003,2026-11-09,995,185.0,12.48
A003,2026-11-09,996,186.0,12.02
A003,2026-11-09,997,183.0,12.22
A003,2026-11-09,998,182.0,12.33
A003,2026-11-09,999,184.0,12.25
A003,2026-11-09,1000,183.0,11.49
A003,2026-11-09,1001,181.0,11.54
A003,2026-11-09,1002,182.0,11.76
A003,2026-11-09,1003,182.0,11.5
A003,2026-11-09,1004,183.0,11.03
A003,2026-11-09,1005,183.0,12.3
A003,2026-11-09,1006,183.0,12.09
A003,2026-11-09,1007,179.0,11.07
A003,2026-11-09,1008,184.0,11.71
A003,2026-11-09,1009,182.0,11.73
A003,2026-11-09,1010,187.0,11.93
A003,2026-11-09,1011,181.0,11.16
A003,2026-11-09,1012,183.0,10.98
A003,2026-11-09,1013,187.0,12.08
A003,2026-11-09,1014,182.0,10.83
A003,2026-11-09,1015,181.0,11.59
A003,2026-11-09,1016,179.0,11.51
A003,2026-11-09,1017,184.0,11.61
A003,2026-11-09,1018,179.0,11.81
A003,2026-11-09,1019,,12.6
A003,2026-11-09,1020,180.0,10.66
A003,2026-11-09,1021,180.0,12.12
A003,2026-11-09,1022,178.0,10.06
A003,2026-11-09,1023,183.0,12.38
A003,2026-11-09,1024,180.0,10.29
A003,2026-11-09,1025,178.0,12.95
A003,2026-11-09,1026,182.0,11.22
A003,2026-11-09,1027,179.0,12.2
A003,2026-11-09,1028,180.0,12.05
A003,2026-11-09,1029,181.0,11.11
A003,2026-11-09,1030,180.0,11.13
A003,2026-11-09,1031,175.0,10.81
A003,2026-11-09,1032,180.0,11.75
A003,2026-11-09,1033,178.0,10.99
A003,2026-11-09,1034,178.0,10.72
A003,2026-11-09,1035,178.0,11.5
A003,2026-11-09,1036,175.0,10.61
A003,2026-11-09,1037,178.0,10.92
A003,2026-11-09,1038,175.0,11.15
A003,2026-11-09,1039,177.0,10.66
A003,2026-11-09,1040,177.0,10.72
A003,2026-11-09,1041,179.0,11.9
A003,2026-11-09,1042,175.0,10.82
A003,2026-11-09,1043,179.0,10.69
A003,2026-11-09,1044,178.0,10.76
A003,2026-11-09,1045,175.0,11.11
A003,2026-11-09,1046,173.0,10.18
A003,2026-11-09,1047,173.0,11.02
A003,2026-11-09,1048,176.0,10.88
A003,2026-11-09,1049,173.0,9.61
A003,2026-11-09,1050,177.0,11.72
A003,2026-11-09,1051,173.0,11.49
A003,2026-11-09,1052,172.0,10.09
A003,2026-11-09,1053,174.0,9.86
A003,2026-11-09,1054,172.0,10.63
A003,2026-11-09,1055,174.0,9.6
A003,2026-11-09,1056,175.0,11.24
A003,2026-11-09,1057,173.0,10.1
A003,2026-11-09,1058,173.0,11.31
A003,2026-11-09,1059,173.0,9.81
A003,2026-11-09,1060,169.0,10.19
A003,2026-11-09,1061,173.0,10.98
A003,2026-11-09,1062,172.0,9.99
A003,2026-11-09,1063,173.0,10.31
A003,2026-11-09,1064,172.0,10.76
A003,2026-11-09,1065,171.0,9.73
A003,2026-11-09,1066,173.0,9.27
A003,2026-11-09,1067,170.0,9.11
A003,2026-11-09,1068,171.0,10.3
A003,2026-11-09,1069,169.0,10.15
A003,2026-11-09,1070,171.0,10.51
A003,2026-11-09,1071,169.0,9.67
A003,2026-11-09,1072,173.0,8.94
A003,2026-11-09,1073,173.0,8.35
A003,2026-11-09,1074,171.0,11.45
A003,2026-11-09,1075,172.0,10.0
A003,2026-11-09,1076,165.0,9.73
A003,2026-11-09,1077,165.0,9.78
A003,2026-11-09,1078,167.0,8.72
A003,2026-11-09,1079,168.0,9.07
A003,2026-11-09,1080,167.0,10.55
A003,2026-11-09,1081,164.0,9.87
A003,2026-11-09,1082,169.0,8.98
A003,2026-11-09,1083,171.0,8.67
A003,2026-11-09,1084,169.0,9.06
A003,2026-11-09,1085,169.0,9.15
A003,2026-11-09,1086,167.0,10.53
A003,2026-11-09,1087,164.0,9.16
A003,2026-11-09,1088,166.0,8.53
A003,2026-11-09,1089,170.0,9.17
A003,2026-11-09,1090,165.0,9.34
A003,2026-11-09,1091,164.0,8.38
A003,2026-11-09,1092,167.0,9.36
A003,2026-11-09,1093,167.0,9.81
A003,2026-11-09,1094,163.0,9.14
A003,2026-11-09,1095,164.0,8.55
A003,2026-11-09,1096,163.0,8.69
A003,2026-11-09,1097,164.0,7.98
A003,2026-11-09,1098,166.0,8.87
A003,2026-11-09,1099,162.0,9.11
A003,2026-11-09,1100,166.0,8.36
A003,2026-11-09,1101,164.0,10.04
A003,2026-11-09,1102,168.0,9.33
A003,2026-11-09,1103,164.0,7.75
A003,2026-11-09,1104,163.0,7.74
A003,2026-11-09,1105,164.0,8.19
A003,2026-11-09,1106,162.0,9.71
A003,2026-11-09,1107,159.0,9.28
A003,2026-11-09,1108,162.0,9.7
A003,2026-11-09,1109,162.0,8.71
A003,2026-11-09,1110,159.0,8.56
A003,2026-11-09,1111,162.0,7.92
A003,2026-11-09,1112,158.0,8.86
A003,2026-11-09,1113,161.0,8.52
A003,2026-11-09,1114,162.0,8.48
A003,2026-11-09,1115,162.0,9.58
A003,2026-11-09,1116,161.0,8.52
A003,2026-11-09,1117,161.0,9.38
A003,2026-11-09,1118,160.0,7.62
A003,2026-11-09,1119,161.0,10.17
A003,2026-11-09,1120,162.0,8.33
A003,2026-11-09,1121,160.0,8.97
A003,2026-11-09,1122,162.0,9.05
A003,2026-11-09,1123,162.0,8.23
A003,2026-11-09,1124,161.0,9.01
A003,2026-11-09,1125,166.0,9.04
A003,2026-11-09,1126,161.0,8.08
A003,2026-11-09,1127,161.0,8.09
A003,2026-11-09,1128,160.0,8.53
A003,2026-11-09,1129,159.0,8.43
A003,2026-11-09,1130,162.0,9.34
A003,2026-11-09,1131,160.0,8.92
A003,2026-11-09,1132,160.0,8.46
A003,2026-11-09,1133,160.0,8.87
A003,2026-11-09,1134,159.0,7.28
A003,2026-11-09,1135,158.0,8.14
A003,2026-11-09,1136,160.0,8.68
A003,2026-11-09,1137,163.0,9.18
A003,2026-11-09,1138,162.0,8.64
A003,2026-11-09,1139,164.0,9.4
A003,2026-11-09,1140,163.0,9.06
A003,2026-11-09,1141,162.0,8.25
A003,2026-11-09,1142,165.0,8.47
A003,2026-11-09,1143,161.0,8.81
A003,2026-11-09,1144,162.0,8.3
A003,2026-11-09,1145,162.0,9.5
A003,2026-11-09,1146,165.0,7.93
A003,2026-11-09,1147,162.0,8.8
A003,2026-11-09,1148,161.0,9.07
A003,2026-11-09,1149,163.0,8.45
A003,2026-11-09,1150,160.0,8.33
A003,2026-11-09,1151,163.0,8.62
A003,2026-11-09,1152,163.0,9.17
A003,2026-11-09,1153,162.0,8.41
A003,2026-11-09,1154,164.0,8.08
A003,2026-11-09,1155,160.0,9.43
A003,2026-11-09,1156,163.0,9.0
A003,2026-11-09,1157,162.0,9.39
A003,2026-11-09,1158,169.0,9.26
A003,2026-11-09,1159,163.0,10.14
A003,2026-11-09,1160,162.0,9.52
A003,2026-11-09,1161,161.0,8.44
A003,2026-11-09,1162,166.0,9.18
A003,2026-11-09,1163,163.0,8.59
A003,2026-11-09,1164,162.0,8.68
A003,2026-11-09,1165,165.0,8.13
A003,2026-11-09,1166,166.0,8.83
A003,2026-11-09,1167,166.0,9.36
A003,2026-11-09,1168,165.0,9.02
A003,2026-11-09,1169,165.0,8.43
A003,2026-11-09,1170,165.0,8.2
A003,2026-11-09,1171,166.0,10.41
A003,2026-11-09,1172,166.0,9.37
A003,2026-11-09,1173,168.0,8.71
A003,2026-11-09,1174,166.0,9.52
A003,2026-11-09,1175,164.0,10.59
A003,2026-11-09,1176,166.0,9.68
A003,2026-11-09,1177,168.0,7.67
A003,2026-11-09,1178,163.0,10.96
A003,2026-11-09,1179,163.0,8.3
A003,2026-11-09,1180,169.0,9.32
A003,2026-11-09,1181,170.0,8.79
A003,2026-11-09,1182,165.0,9.07
A003,2026-11-09,1183,168.0,9.72
A003,2026-11-09,1184,167.0,8.34
A003,2026-11-09,1185,168.0,9.56
A003,2026-11-09,1186,169.0,10.34
A003,2026-11-09,1187,166.0,9.18
A003,2026-11-09,1188,167.0,8.89
A003,2026-11-09,1189,168.0,9.68
A003,2026-11-09,1190,169.0,9.6
A003,2026-11-09,1191,167.0,9.48
A003,2026-11-09,1192,171.0,9.16
A003,2026-11-09,1193,169.0,10.23
A003,2026-11-09,1194,169.0,10.31
A003,2026-11-09,1195,171.0,9.35
A003,2026-11-09,1196,171.0,9.47
A003,2026-11-09,1197,173.0,10.15
A003,2026-11-09,1198,169.0,9.53
A003,2026-11-09,1199,169.0,10.25
A003,2026-11-09,1200,171.0,11.07
A003,2026-11-09,1201,172.0,10.19
A003,2026-11-09,1202,170.0,9.54
A003,2026-11-09,1203,170.0,10.54
A003,2026-11-09,1204,173.0,10.23
A003,2026-11-09,1205,171.0,10.29
A003,2026-11-09,1206,170.0,10.7
A003,2026-11-09,1207,175.0,10.87
A003,2026-11-09,1208,172.0,10.52
A003,2026-11-09,1209,176.0,10.5
A003,2026-11-09,1210,174.0,11.81
A003,2026-11-09,1211,175.0,11.33
A003,2026-11-09,1212,174.0,11.15
A003,2026-11-09,1213,170.0,10.77
A003,2026-11-09,1214,173.0,10.12
A003,2026-11-09,1215,175.0,11.44
A003,2026-11-09,1216,176.0,10.88
A003,2026-11-09,1217,172.0,10.49
A003,2026-11-09,1218,176.0,10.73
A003,2026-11-09,1219,174.0,10.33
A003,2026-11-09,1220,177.0,11.58
A003,2026-11-09,1221,177.0,11.39
A003,2026-11-09,1222,179.0,11.12
A003,2026-11-09,1223,179.0,11.02
A003,2026-11-09,1224,178.0,10.68
A003,2026-11-09,1225,179.0,9.84
A003,2026-11-09,1226,177.0,10.3
A003,2026-11-09,1227,184.0,10.74
A003,2026-11-09,1228,176.0,10.68
A003,2026-11-09,1229,177.0,11.42
A003,2026-11-09,1230,181.0,11.77
A003,2026-11-09,1231,180.0,11.23
A003,2026-11-09,1232,180.0,12.19
A003,2026-11-09,1233,181.0,10.9
A003,2026-11-09,1234,175.0,11.32
A003,2026-11-09,1235,183.0,11.4
A003,2026-11-09,1236,179.0,12.11
A003,2026-11-09,1237,183.0,11.55
A003,2026-11-09,1238,176.0,11.59
A003,2026-11-09,1239,181.0,10.55
A003,2026-11-09,1240,179.0,11.03
A003,2026-11-09,1241,182.0,12.25
A003,2026-11-09,1242,182.0,10.37
A003,2026-11-09,1243,182.0,12.45
A003,2026-11-09,1244,179.0,11.96
A003,2026-11-09,1245,181.0,11.24
A003,2026-11-09,1246,181.0,11.21
A003,2026-11-09,1247,183.0,12.87
A003,2026-11-09,1248,184.0,12.6
A003,2026-11-09,1249,182.0,11.7
A003,2026-11-09,1250,179.0,11.87
A003,2026-11-09,1251,182.0,11.42
A003,2026-11-09,1252,187.0,11.91
A003,2026-11-09,1253,186.0,11.44
A003,2026-11-09,1254,176.0,11.81
A003,2026-11-09,1255,183.0,12.96
A003,2026-11-09,1256,184.0,11.83
A003,2026-11-09,1257,182.0,11.27
A003,2026-11-09,1258,182.0,11.09
A003,2026-11-09,1259,182.0,12.0
A003,2026-11-09,1260,184.0,11.48
A003,2026-11-09,1261,181.0,12.09
A003,2026-11-09,1262,185.0,10.98
A003,2026-11-09,1263,183.0,12.38
A003,2026-11-09,1264,181.0,11.33
A003,2026-11-09,1265,185.0,12.0
A003,2026-11-09,1266,180.0,11.78
A003,2026-11-09,1267,182.0,13.02
A003,2026-11-09,1268,182.0,12.09
A003,2026-11-09,1269,188.0,13.16
A003,2026-11-09,1270,182.0,12.33
A003,2026-11-09,1271,179.0,12.85
A003,2026-11-09,1272,182.0,11.87
A003,2026-11-09,1273,184.0,12.21
A003,2026-11-09,1274,185.0,12.73
A003,2026-11-09,1275,188.0,12.54
A003,2026-11-09,1276,186.0,12.31
A003,2026-11-09,1277,184.0,11.79
A003,2026-11-09,1278,181.0,11.89
A003,2026-11-09,1279,186.0,12.66
A003,2026-11-09,1280,182.0,12.78
A003,2026-11-09,1281,182.0,11.61
A003,2026-11-09,1282,182.0,11.51
A003,2026-11-09,1283,180.0,11.41
A003,2026-11-09,1284,182.0,12.44
A003,2026-11-09,1285,182.0,11.37
A003,2026-11-09,1286,184.0,12.41
A003,2026-11-09,1287,182.0,12.24
A003,2026-11-09,1288,180.0,11.57
A003,2026-11-09,1289,179.0,12.82
A003,2026-11-09,1290,183.0,10.99
A003,2026-11-09,1291,183.0,12.85
A003,2026-11-09,1292,181.0,12.03
A003,2026-11-09,1293,181.0,10.57
A003,2026-11-09,1294,183.0,12.76
A003,2026-11-09,1295,185.0,12.37
A003,2026-11-09,1296,180.0,11.51
A003,2026-11-09,1297,182.0,11.17
A003,2026-11-09,1298,183.0,10.78
A003,2026-11-09,1299,180.0,13.15
A003,2026-11-09,1300,181.0,11.13
A003,2026-11-09,1301,181.0,10.9
A003,2026-11-09,1302,178.0,11.79
A003,2026-11-09,1303,181.0,10.63
A003,2026-11-09,1304,181.0,11.0
A003,2026-11-09,1305,182.0,12.16
A003,2026-11-09,1306,178.0,11.81
A003,2026-11-09,1307,180.0,11.27
A003,2026-11-09,1308,183.0,11.49
A003,2026-11-09,1309,184.0,11.19
A003,2026-11-09,1310,182.0,11.39
A003,2026-11-09,1311,177.0,10.94
A003,2026-11-09,1312,180.0,11.02
A003,2026-11-09,1313,178.0,10.97
A003,2026-11-09,1314,179.0,10.87
A003,2026-11-09,1315,177.0,11.9
A003,2026-11-09,1316,175.0,11.7
A003,2026-11-09,1317,178.0,10.65
A003,2026-11-09,1318,180.0,10.46
A003,2026-11-09,1319,178.0,11.05
A003,2026-11-09,1320,178.0,12.4
A003,2026-11-09,1321,178.0,10.46
A003,2026-11-09,1322,178.0,10.94
A003,2026-11-09,1323,178.0,11.06
A003,2026-11-09,1324,176.0,10.9
A003,2026-11-09,1325,177.0,10.66
A003,2026-11-09,1326,180.0,11.59
A003,2026-11-09,1327,176.0,11.13
A003,2026-11-09,1328,176.0,11.33
A003,2026-11-09,1329,176.0,11.14
A003,2026-11-09,1330,175.0,11.29
A003,2026-11-09,1331,174.0,11.66
A003,2026-11-09,1332,175.0,11.47
A003,2026-11-09,1333,174.0,12.03
A003,2026-11-09,1334,174.0,11.33
A003,2026-11-09,1335,173.0,10.16
A003,2026-11-09,1336,174.0,11.03
A003,2026-11-09,1337,175.0,10.91
A003,2026-11-09,1338,173.0,11.6
A003,2026-11-09,1339,169.0,9.83
A003,2026-11-09,1340,174.0,10.7
A003,2026-11-09,1341,173.0,9.92
A003,2026-11-09,1342,170.0,10.6
A003,2026-11-09,1343,174.0,10.12
A003,2026-11-09,1344,169.0,10.5
A003,2026-11-09,1345,174.0,9.33
A003,2026-11-09,1346,171.0,10.61
A003,2026-11-09,1347,167.0,10.22
A003,2026-11-09,1348,171.0,10.15
A003,2026-11-09,1349,170.0,11.19
A003,2026-11-09,1350,169.0,9.75
A003,2026-11-09,1351,169.0,10.15
A003,2026-11-09,1352,170.0,9.96
A003,2026-11-09,1353,169.0,9.98
A003,2026-11-09,1354,166.0,11.16
A003,2026-11-09,1355,172.0,9.83
A003,2026-11-09,1356,169.0,9.41
A003,2026-11-09,1357,167.0,10.84
A003,2026-11-09,1358,166.0,9.49
A003,2026-11-09,1359,170.0,8.68
A003,2026-11-09,1360,165.0,9.16
A003,2026-11-09,1361,168.0,8.82
A003,2026-11-09,1362,166.0,8.45
A003,2026-11-09,1363,166.0,9.28
A003,2026-11-09,1364,165.0,9.42
A003,2026-11-09,1365,166.0,10.14
A003,2026-11-09,1366,167.0,9.77
A003,2026-11-09,1367,167.0,9.71
A003,2026-11-09,1368,165.0,8.79
A003,2026-11-09,1369,166.0,9.83
A003,2026-11-09,1370,168.0,10.1
A003,2026-11-09,1371,162.0,9.47
A003,2026-11-09,1372,166.0,9.45
A003,2026-11-09,1373,163.0,8.41
A003,2026-11-09,1374,163.0,9.77
A003,2026-11-09,1375,165.0,10.18
A003,2026-11-09,1376,164.0,9.27
A003,2026-11-09,1377,162.0,8.69
A003,2026-11-09,1378,167.0,8.93
A003,2026-11-09,1379,166.0,8.74
A003,2026-11-09,1380,160.0,8.75
A003,2026-11-09,1381,161.0,9.33
A003,2026-11-09,1382,165.0,9.08
A003,2026-11-09,1383,163.0,9.49
A003,2026-11-09,1384,166.0,9.09
A003,2026-11-09,1385,164.0,8.33
A003,2026-11-09,1386,164.0,8.52
A003,2026-11-09,1387,161.0,8.46
A003,2026-11-09,1388,164.0,8.67
A003,2026-11-09,1389,160.0,9.83
A003,2026-11-09,1390,165.0,9.91
A003,2026-11-09,1391,163.0,9.22
A003,2026-11-09,1392,161.0,8.77
A003,2026-11-09,1393,164.0,7.87
A003,2026-11-09,1394,167.0,8.8
A003,2026-11-09,1395,162.0,8.18
A003,2026-11-09,1396,163.0,9.61
A003,2026-11-09,1397,161.0,7.66
A003,2026-11-09,1398,162.0,8.84
A003,2026-11-09,1399,159.0,8.07
A003,2026-11-09,1400,162.0,8.57
A003,2026-11-09,1401,162.0,8.97
A003,2026-11-09,1402,165.0,9.17
A003,2026-11-09,1403,158.0,8.51
A003,2026-11-09,1404,161.0,9.0
A003,2026-11-09,1405,164.0,8.14
A003,2026-11-09,1406,161.0,8.67
A003,2026-11-09,1407,161.0,9.12
A003,2026-11-09,1408,159.0,8.71
A003,2026-11-09,1409,159.0,8.19
A003,2026-11-09,1410,157.0,8.34
A003,2026-11-09,1411,160.0,9.11
A003,2026-11-09,1412,159.0,7.85
A003,2026-11-09,1413,161.0,7.93
A003,2026-11-09,1414,159.0,8.86
A003,2026-11-09,1415,160.0,8.24
A003,2026-11-09,1416,160.0,7.63
A003,2026-11-09,1417,161.0,9.32
A003,2026-11-09,1418,160.0,7.85
A003,2026-11-09,1419,159.0,8.39
A003,2026-11-09,1420,161.0,8.15
A003,2026-11-09,1421,163.0,8.34
A003,2026-11-09,1422,162.0,8.0
A003,2026-11-09,1423,160.0,8.97
A003,2026-11-09,1424,161.0,8.61
A003,2026-11-09,1425,157.0,9.14
A003,2026-11-09,1426,161.0,8.2
A003,2026-11-09,1427,161.0,9.86
A003,2026-11-09,1428,160.0,7.44
A003,2026-11-09,1429,160.0,7.65
A003,2026-11-09,1430,161.0,9.67
A003,2026-11-09,1431,164.0,8.91
A003,2026-11-09,1432,164.0,8.85
A003,2026-11-09,1433,160.0,8.92
A003,2026-11-09,1434,161.0,9.02
A003,2026-11-09,1435,161.0,8.87
A003,2026-11-09,1436,164.0,8.13
A003,2026-11-09,1437,163.0,9.22
A003,2026-11-09,1438,163.0,9.15
A003,2026-11-09,1439,164.0,9.63
A003,2026-11-09,1440,162.0,9.85
A003,2026-11-09,1441,166.0,9.01
A003,2026-11-09,1442,163.0,8.1
A003,2026-11-09,1443,162.0,9.92
A003,2026-11-09,1444,163.0,8.27
A003,2026-11-09,1445,166.0,9.11
A003,2026-11-09,1446,163.0,8.78
A003,2026-11-09,1447,166.0,8.7
A003,2026-11-09,1448,163.0,9.44
A003,2026-11-09,1449,163.0,9.16
A003,2026-11-09,1450,166.0,9.35
A003,2026-11-09,1451,163.0,8.58
A003,2026-11-09,1452,167.0,8.99
A003,2026-11-09,1453,166.0,8.66
A003,2026-11-09,1454,163.0,9.04
A003,2026-11-09,1455,165.0,9.11
A003,2026-11-09,1456,165.0,10.32
A003,2026-11-09,1457,167.0,9.09
A003,2026-11-09,1458,170.0,8.01
A003,2026-11-09,1459,166.0,10.15
A003,2026-11-09,1460,168.0,9.62
A003,2026-11-09,1461,167.0,9.3
A003,2026-11-09,1462,167.0,9.15
A003,2026-11-09,1463,167.0,8.88
A003,2026-11-09,1464,166.0,10.65
A003,2026-11-09,1465,168.0,9.55
A003,2026-11-09,1466,167.0,8.51
A003,2026-11-09,1467,166.0,9.79
A003,2026-11-09,1468,170.0,10.35
A003,2026-11-09,1469,169.0,9.76
A003,2026-11-09,1470,168.0,9.16
A003,2026-11-09,1471,172.0,9.14
A003,2026-11-09,1472,165.0,9.22
A003,2026-11-09,1473,172.0,10.72
A003,2026-11-09,1474,168.0,9.81
A003,2026-11-09,1475,170.0,8.88
A003,2026-11-09,1476,169.0,10.16
A003,2026-11-09,1477,169.0,10.05
A003,2026-11-09,1478,173.0,9.73
A003,2026-11-09,1479,175.0,9.43
A003,2026-11-09,1480,171.0,9.44
A003,2026-11-09,1481,172.0,10.77
A003,2026-11-09,1482,172.0,10.31
A003,2026-11-09,1483,175.0,10.48
A003,2026-11-09,1484,168.0,10.38
A003,2026-11-09,1485,173.0,10.47
A003,2026-11-09,1486,171.0,10.03
A003,2026-11-09,1487,168.0,10.23
A003,2026-11-09,1488,172.0,11.09
A003,2026-11-09,1489,177.0,11.28
A003,2026-11-09,1490,172.0,9.73
A003,2026-11-09,1491,175.0,10.38
A003,2026-11-09,1492,176.0,11.05
A003,2026-11-09,1493,174.0,11.71
A003,2026-11-09,1494,175.0,11.69
A003,2026-11-09,1495,171.0,10.18
A003,2026-11-09,1496,174.0,11.46
A003,2026-11-09,1497,177.0,10.77
A003,2026-11-09,1498,176.0,11.4
A003,2026-11-09,1499,176.0,11.28
A003,2026-11-09,1500,176.0,10.09
A003,2026-11-09,1501,181.0,11.21
A003,2026-11-09,1502,176.0,11.52
A003,2026-11-09,1503,180.0,10.94
A003,2026-11-09,1504,177.0,10.84
A003,2026-11-09,1505,180.0,10.08
A003,2026-11-09,1506,175.0,11.47
A003,2026-11-09,1507,178.0,11.22
A003,2026-11-09,1508,177.0,10.57
A003,2026-11-09,1509,178.0,10.96
A003,2026-11-09,1510,181.0,11.29
A003,2026-11-09,1511,179.0,10.89
A003,2026-11-09,1512,181.0,11.26
A003,2026-11-09,1513,177.0,10.24
A003,2026-11-09,1514,177.0,12.13
A003,2026-11-09,1515,179.0,11.36
A003,2026-11-09,1516,179.0,10.72
A003,2026-11-09,1517,179.0,9.93
A003,2026-11-09,1518,178.0,12.06
A003,2026-11-09,1519,182.0,11.8
A003,2026-11-09,1520,179.0,11.62
A003,2026-11-09,1521,183.0,12.04
A003,2026-11-09,1522,180.0,12.06
A003,2026-11-09,1523,182.0,11.69
A003,2026-11-09,1524,182.0,11.45
A003,2026-11-09,1525,179.0,11.37
A003,2026-11-09,1526,182.0,11.9
A003,2026-11-09,1527,185.0,12.51
A003,2026-11-09,1528,182.0,11.63
A003,2026-11-09,1529,183.0,12.6
A003,2026-11-09,1530,183.0,11.96
A003,2026-11-09,1531,182.0,11.98
A003,2026-11-09,1532,182.0,13.22
A003,2026-11-09,1533,183.0,12.78
A003,2026-11-09,1534,184.0,12.82
A003,2026-11-09,1535,180.0,11.35
A003,2026-11-09,1536,183.0,13.16
A003,2026-11-09,1537,182.0,11.81
A003,2026-11-09,1538,182.0,11.74
A003,2026-11-09,1539,185.0,10.59
A003,2026-11-09,1540,181.0,12.1
A003,2026-11-09,1541,180.0,11.26
A003,2026-11-09,1542,184.0,12.17
A003,2026-11-09,1543,180.0,11.24
A003,2026-11-09,1544,179.0,13.03
A003,2026-11-09,1545,185.0,12.29
A003,2026-11-09,1546,183.0,13.33
A003,2026-11-09,1547,184.0,11.36
A003,2026-11-09,1548,182.0,12.91
A003,2026-11-09,1549,180.0,10.9
A003,2026-11-09,1550,181.0,12.11
A003,2026-11-09,1551,183.0,11.61
A003,2026-11-09,1552,181.0,11.73
A003,2026-11-09,1553,184.0,11.69
A003,2026-11-09,1554,182.0,11.45
A003,2026-11-09,1555,184.0,11.24
A003,2026-11-09,1556,184.0,11.73
A003,2026-11-09,1557,184.0,12.07
A003,2026-11-09,1558,184.0,12.69
A003,2026-11-09,1559,183.0,12.17
A003,2026-11-09,1560,184.0,12.69
A003,2026-11-09,1561,184.0,11.1
A003,2026-11-09,1562,178.0,11.72
A003,2026-11-09,1563,184.0,12.4
A003,2026-11-09,1564,183.0,12.17
A003,2026-11-09,1565,184.0,11.44
A003,2026-11-09,1566,180.0,12.51
A003,2026-11-09,1567,182.0,11.62
A003,2026-11-09,1568,181.0,11.46
A003,2026-11-09,1569,184.0,12.21
A003,2026-11-09,1570,180.0,11.91
A003,2026-11-09,1571,181.0,11.58
A003,2026-11-09,1572,184.0,11.54
A003,2026-11-09,1573,181.0,11.22
A003,2026-11-09,1574,180.0,11.61
A003,2026-11-09,1575,184.0,12.49
A003,2026-11-09,1576,184.0,11.96
A003,2026-11-09,1577,183.0,12.37
A003,2026-11-09,1578,184.0,12.09
A003,2026-11-09,1579,181.0,11.39
A003,2026-11-09,1580,181.0,10.75
A003,2026-11-09,1581,180.0,11.16
A003,2026-11-09,1582,182.0,11.29
A003,2026-11-09,1583,180.0,11.22
A003,2026-11-09,1584,180.0,12.24
A003,2026-11-09,1585,182.0,12.21
A003,2026-11-09,1586,183.0,12.93
A003,2026-11-09,1587,181.0,11.12
A003,2026-11-09,1588,184.0,12.51
A003,2026-11-09,1589,179.0,12.48
A003,2026-11-09,1590,176.0,11.36
A003,2026-11-09,1591,181.0,11.76
A003,2026-11-09,1592,178.0,12.19
A003,2026-11-09,1593,179.0,11.38
A003,2026-11-09,1594,176.0,11.3
A003,2026-11-09,1595,177.0,10.98
A003,2026-11-09,1596,176.0,9.91
A003,2026-11-09,1597,178.0,11.34
A003,2026-11-09,1598,178.0,10.84
A003,2026-11-09,1599,179.0,10.59
A003,2026-11-09,1600,181.0,11.45
A003,2026-11-09,1601,179.0,10.29
A003,2026-11-09,1602,175.0,11.62
A003,2026-11-09,1603,179.0,11.39
A003,2026-11-09,1604,178.0,10.82
A003,2026-11-09,1605,177.0,10.99
A003,2026-11-09,1606,177.0,10.28
A003,2026-11-09,1607,177.0,11.41
A003,2026-11-09,1608,175.0,11.04
A003,2026-11-09,1609,176.0,11.04
A003,2026-11-09,1610,178.0,11.15
A003,2026-11-09,1611,174.0,10.43
A003,2026-11-09,1612,173.0,9.87
A003,2026-11-09,1613,175.0,11.31
A003,2026-11-09,1614,173.0,11.12
A003,2026-11-09,1615,171.0,10.34
A003,2026-11-09,1616,174.0,10.87
A003,2026-11-09,1617,177.0,11.34
A003,2026-11-09,1618,174.0,11.23
A003,2026-11-09,1619,174.0,10.17
A003,2026-11-09,1620,169.0,9.58
A003,2026-11-09,1621,174.0,9.64
A003,2026-11-09,1622,173.0,10.21
A003,2026-11-09,1623,172.0,11.24
A003,2026-11-09,1624,173.0,9.88
A003,2026-11-09,1625,173.0,9.92
A003,2026-11-09,1626,170.0,9.87
A003,2026-11-09,1627,173.0,9.88
A003,2026-11-09,1628,174.0,10.16
A003,2026-11-09,1629,171.0,9.36
A003,2026-11-09,1630,169.0,10.74
A003,2026-11-09,1631,171.0,9.96
A003,2026-11-09,1632,172.0,11.5
A003,2026-11-09,1633,168.0,9.27
A003,2026-11-09,1634,171.0,10.89
A003,2026-11-09,1635,169.0,10.73
A003,2026-11-09,1636,170.0,9.61
A003,2026-11-09,1637,168.0,9.58
A003,2026-11-09,1638,168.0,9.23
A003,2026-11-09,1639,172.0,9.2
A003,2026-11-09,1640,166.0,9.71
A003,2026-11-09,1641,169.0,9.68
A003,2026-11-09,1642,172.0,8.67
A003,2026-11-09,1643,169.0,10.97
A003,2026-11-09,1644,165.0,9.4
A003,2026-11-09,1645,165.0,9.56
A003,2026-11-09,1646,166.0,9.11
A003,2026-11-09,1647,167.0,9.29
A003,2026-11-09,1648,167.0,9.21
A003,2026-11-09,1649,164.0,9.38
A003,2026-11-09,1650,165.0,9.34
A003,2026-11-09,1651,165.0,9.8
A003,2026-11-09,1652,166.0,9.42
A003,2026-11-09,1653,170.0,9.68
A003,2026-11-09,1654,164.0,9.22
A003,2026-11-09,1655,164.0,9.33
A003,2026-11-09,1656,163.0,9.02
A003,2026-11-09,1657,166.0,9.73
A003,2026-11-09,1658,165.0,9.29
A003,2026-11-09,1659,163.0,8.98
A003,2026-11-09,1660,164.0,8.93
A003,2026-11-09,1661,163.0,8.95
A003,2026-11-09,1662,165.0,9.01
A003,2026-11-09,1663,169.0,8.93
A003,2026-11-09,1664,165.0,8.6
A003,2026-11-09,1665,163.0,9.37
A003,2026-11-09,1666,162.0,9.38
A003,2026-11-09,1667,161.0,9.93
A003,2026-11-09,1668,165.0,8.48
A003,2026-11-09,1669,164.0,9.22
A003,2026-11-09,1670,162.0,7.65
A003,2026-11-09,1671,165.0,9.27
A003,2026-11-09,1672,163.0,7.88
A003,2026-11-09,1673,164.0,8.14
A003,2026-11-09,1674,163.0,8.91
A003,2026-11-09,1675,162.0,8.32
A003,2026-11-09,1676,160.0,8.22
A003,2026-11-09,1677,162.0,8.37
A003,2026-11-09,1678,164.0,9.08
A003,2026-11-09,1679,161.0,8.07
A003,2026-11-09,1680,163.0,8.58
A003,2026-11-09,1681,160.0,8.38
A003,2026-11-09,1682,163.0,9.08
A003,2026-11-09,1683,162.0,9.09
A003,2026-11-09,1684,159.0,7.47
A003,2026-11-09,1685,161.0,9.18
A003,2026-11-09,1686,163.0,8.18
A003,2026-11-09,1687,159.0,8.68
A003,2026-11-09,1688,159.0,7.97
A003,2026-11-09,1689,161.0,8.75
A003,2026-11-09,1690,165.0,10.05
A003,2026-11-09,1691,160.0,8.59
A003,2026-11-09,1692,162.0,8.23
A003,2026-11-09,1693,162.0,8.37
A003,2026-11-09,1694,160.0,7.62
A003,2026-11-09,1695,161.0,9.37
A003,2026-11-09,1696,160.0,8.69
A003,2026-11-09,1697,160.0,7.87
A003,2026-11-09,1698,158.0,7.89
A003,2026-11-09,1699,161.0,8.51
A003,2026-11-09,1700,163.0,9.06
A003,2026-11-09,1701,161.0,7.82
A003,2026-11-09,1702,163.0,9.18
A003,2026-11-09,1703,162.0,8.46
A003,2026-11-09,1704,161.0,7.97
A003,2026-11-09,1705,160.0,8.25
A003,2026-11-09,1706,160.0,9.59
A003,2026-11-09,1707,158.0,7.71
A003,2026-11-09,1708,161.0,8.12
A003,2026-11-09,1709,162.0,9.14
A003,2026-11-09,1710,165.0,8.71
A003,2026-11-09,1711,163.0,8.12
A003,2026-11-09,1712,160.0,9.18
A003,2026-11-09,1713,159.0,9.22
A003,2026-11-09,1714,161.0,8.83
A003,2026-11-09,1715,164.0,8.28
A003,2026-11-09,1716,162.0,8.39
A003,2026-11-09,1717,163.0,8.85
A003,2026-11-09,1718,162.0,7.91
A003,2026-11-09,1719,164.0,9.51
A003,2026-11-09,1720,159.0,9.75
A003,2026-11-09,1721,166.0,8.61
A003,2026-11-09,1722,161.0,8.99
A003,2026-11-09,1723,165.0,9.51
A003,2026-11-09,1724,163.0,9.99
A003,2026-11-09,1725,163.0,9.77
A003,2026-11-09,1726,163.0,7.82
A003,2026-11-09,1727,164.0,8.7
A003,2026-11-09,1728,165.0,9.21
A003,2026-11-09,1729,166.0,8.64
A003,2026-11-09,1730,167.0,10.03
A003,2026-11-09,1731,165.0,9.97
A003,2026-11-09,1732,168.0,8.53
A003,2026-11-09,1733,165.0,8.95
A003,2026-11-09,1734,167.0,8.62
A003,2026-11-09,1735,166.0,8.99
A003,2026-11-09,1736,164.0,9.0
A003,2026-11-09,1737,166.0,9.74
A003,2026-11-09,1738,166.0,8.66
A003,2026-11-09,1739,166.0,7.66
A003,2026-11-09,1740,167.0,8.29
A003,2026-11-09,1741,168.0,8.67
A003,2026-11-09,1742,166.0,8.93
A003,2026-11-09,1743,161.0,9.47
A003,2026-11-09,1744,170.0,8.74
A003,2026-11-09,1745,166.0,8.7
A003,2026-11-09,1746,166.0,8.9
A003,2026-11-09,1747,165.0,8.82
A003,2026-11-09,1748,167.0,9.2
A003,2026-11-09,1749,167.0,9.2
A003,2026-11-09,1750,167.0,10.01
A003,2026-11-09,1751,167.0,9.04
A003,2026-11-09,1752,170.0,9.46
A003,2026-11-09,1753,173.0,9.38
A003,2026-11-09,1754,171.0,10.23
A003,2026-11-09,1755,171.0,9.69
A003,2026-11-09,1756,169.0,10.45
A003,2026-11-09,1757,170.0,9.17
A003,2026-11-09,1758,171.0,9.87
A003,2026-11-09,1759,169.0,9.59
A003,2026-11-09,1760,170.0,9.24
A003,2026-11-09,1761,172.0,9.97
A003,2026-11-09,1762,173.0,11.09
A003,2026-11-09,1763,171.0,9.58
A003,2026-11-09,1764,169.0,10.05
A003,2026-11-09,1765,171.0,9.38
A003,2026-11-09,1766,169.0,9.33
A003,2026-11-09,1767,172.0,9.77
A003,2026-11-09,1768,173.0,10.01
A003,2026-11-09,1769,172.0,10.08
A003,2026-11-09,1770,173.0,10.23
A003,2026-11-09,1771,174.0,9.41
A003,2026-11-09,1772,174.0,10.06
A003,2026-11-09,1773,171.0,10.78
A003,2026-11-09,1774,173.0,9.7
A003,2026-11-09,1775,175.0,10.34
A003,2026-11-09,1776,178.0,10.77
A003,2026-11-09,1777,174.0,10.16
A003,2026-11-09,1778,176.0,10.87
A003,2026-11-09,1779,177.0,9.79
A003,2026-11-09,1780,175.0,11.28
A003,2026-11-09,1781,178.0,11.0
A003,2026-11-09,1782,178.0,10.85
A003,2026-11-09,1783,179.0,11.53
A003,2026-11-09,1784,177.0,10.69
A003,2026-11-09,1785,181.0,10.56
A003,2026-11-09,1786,175.0,11.79
A003,2026-11-09,1787,181.0,12.1
A003,2026-11-09,1788,179.0,10.62
A003,2026-11-09,1789,180.0,11.0
A003,2026-11-09,1790,177.0,11.73
A003,2026-11-09,1791,179.0,11.09
A003,2026-11-09,1792,181.0,11.52
A003,2026-11-09,1793,176.0,11.67
A003,2026-11-09,1794,178.0,10.9
A003,2026-11-09,1795,174.0,11.52
A003,2026-11-09,1796,178.0,11.29
A003,2026-11-09,1797,177.0,10.6
A003,2026-11-09,1798,179.0,10.76
A003,2026-11-09,1799,185.0,11.0
A003,2026-11-09,1800,183.0,11.97
A003,2026-11-09,1801,177.0,12.02
A003,2026-11-09,1802,181.0,11.92
A003,2026-11-09,1803,182.0,11.77
A003,2026-11-09,1804,180.0,11.78
A003,2026-11-09,1805,181.0,11.72
A003,2026-11-09,1806,181.0,11.82
A003,2026-11-09,1807,178.0,11.89
A003,2026-11-09,1808,179.0,10.79
A003,2026-11-09,1809,181.0,11.18
A003,2026-11-09,1810,181.0,11.06
A003,2026-11-09,1811,180.0,12.36
A003,2026-11-09,1812,180.0,12.71
A003,2026-11-09,1813,181.0,10.44
A003,2026-11-09,1814,184.0,12.7
A003,2026-11-09,1815,182.0,11.83
A003,2026-11-09,1816,185.0,12.41
A003,2026-11-09,1817,181.0,12.12
A003,2026-11-09,1818,183.0,12.7
A003,2026-11-09,1819,182.0,11.97
A003,2026-11-09,1820,184.0,11.05
A003,2026-11-09,1821,181.0,11.82
A003,2026-11-09,1822,186.0,12.2
A003,2026-11-09,1823,179.0,11.78
A003,2026-11-09,1824,186.0,12.31
A003,2026-11-09,1825,183.0,11.89
A003,2026-11-09,1826,184.0,11.58
A003,2026-11-09,1827,186.0,11.3
A003,2026-11-09,1828,185.0,11.72
A003,2026-11-09,1829,182.0,12.09
A003,2026-11-09,1830,184.0,10.8
A003,2026-11-09,1831,187.0,11.51
A003,2026-11-09,1832,181.0,10.79
A003,2026-11-09,1833,187.0,11.62
A003,2026-11-09,1834,184.0,12.71
A003,2026-11-09,1835,182.0,11.28
A003,2026-11-09,1836,182.0,12.42
A003,2026-11-09,1837,183.0,13.71
A003,2026-11-09,1838,179.0,12.87
A003,2026-11-09,1839,182.0,12.08
A003,2026-11-09,1840,183.0,12.51
A003,2026-11-09,1841,181.0,11.17
A003,2026-11-09,1842,185.0,11.05
A003,2026-11-09,1843,183.0,12.01
A003,2026-11-09,1844,182.0,12.22
A003,2026-11-09,1845,183.0,12.63
A003,2026-11-09,1846,184.0,11.63
A003,2026-11-09,1847,183.0,12.08
A003,2026-11-09,1848,182.0,12.05
A003,2026-11-09,1849,183.0,11.87
A003,2026-11-09,1850,183.0,11.89
A003,2026-11-09,1851,181.0,11.41
A003,2026-11-09,1852,182.0,12.08
A003,2026-11-09,1853,184.0,12.02
A003,2026-11-09,1854,184.0,11.62
A003,2026-11-09,1855,182.0,12.27
A003,2026-11-09,1856,184.0,12.48
A003,2026-11-09,1857,180.0,12.25
A003,2026-11-09,1858,180.0,11.2
A003,2026-11-09,1859,182.0,11.87
A003,2026-11-09,1860,185.0,11.25
A003,2026-11-09,1861,182.0,11.83
A003,2026-11-09,1862,181.0,11.21
A003,2026-11-09,1863,185.0,12.5
A003,2026-11-09,1864,181.0,12.18
A003,2026-11-09,1865,186.0,12.38
A003,2026-11-09,1866,180.0,12.3
A003,2026-11-09,1867,179.0,11.48
A003,2026-11-09,1868,181.0,11.37
A003,2026-11-09,1869,180.0,12.64
A003,2026-11-09,1870,179.0,11.47
A003,2026-11-09,1871,186.0,10.73
A003,2026-11-09,1872,181.0,12.12
A003,2026-11-09,1873,181.0,11.58
A003,2026-11-09,1874,179.0,12.37
A003,2026-11-09,1875,179.0,11.58
A003,2026-11-09,1876,182.0,11.4
A003,2026-11-09,1877,176.0,12.29
A003,2026-11-09,1878,177.0,10.42
A003,2026-11-09,1879,178.0,10.97
A003,2026-11-09,1880,181.0,10.75
A003,2026-11-09,1881,178.0,9.94
A003,2026-11-09,1882,179.0,11.75
A003,2026-11-09,1883,178.0,10.86
A003,2026-11-09,1884,181.0,11.7
A003,2026-11-09,1885,175.0,11.36
A003,2026-11-09,1886,179.0,11.45
A003,2026-11-09,1887,177.0,10.78
A003,2026-11-09,1888,179.0,10.56
A003,2026-11-09,1889,175.0,11.04
A003,2026-11-09,1890,177.0,11.5
A003,2026-11-09,1891,176.0,10.88
A003,2026-11-09,1892,174.0,10.46
A003,2026-11-09,1893,173.0,10.12
A003,2026-11-09,1894,175.0,10.93
A003,2026-11-09,1895,176.0,10.44
A003,2026-11-09,1896,174.0,10.69
A003,2026-11-09,1897,174.0,10.55
A003,2026-11-09,1898,171.0,10.39
A003,2026-11-09,1899,174.0,10.79
A003,2026-11-09,1900,176.0,10.91
A003,2026-11-09,1901,175.0,11.72
A003,2026-11-09,1902,174.0,10.96
A003,2026-11-09,1903,174.0,11.42
A003,2026-11-09,1904,172.0,9.93
A003,2026-11-09,1905,176.0,9.43
A003,2026-11-09,1906,177.0,10.34
A003,2026-11-09,1907,173.0,10.82
A003,2026-11-09,1908,177.0,10.69
A003,2026-11-09,1909,171.0,10.96
A003,2026-11-09,1910,169.0,8.67
A003,2026-11-09,1911,170.0,10.91
A003,2026-11-09,1912,171.0,10.32
A003,2026-11-09,1913,176.0,9.15
A003,2026-11-09,1914,170.0,10.47
A003,2026-11-09,1915,169.0,10.1
A003,2026-11-09,1916,169.0,10.19
A003,2026-11-09,1917,172.0,10.52
A003,2026-11-09,1918,172.0,10.14
A003,2026-11-09,1919,169.0,8.96
A003,2026-11-09,1920,166.0,9.72
A003,2026-11-09,1921,167.0,8.8
A003,2026-11-09,1922,172.0,10.12
A003,2026-11-09,1923,170.0,10.54
A003,2026-11-09,1924,169.0,8.91
A003,2026-11-09,1925,172.0,9.22
A003,2026-11-09,1926,172.0,9.06
A003,2026-11-09,1927,168.0,9.28
A003,2026-11-09,1928,167.0,9.76
A003,2026-11-09,1929,166.0,9.21
A003,2026-11-09,1930,167.0,9.84
A003,2026-11-09,1931,164.0,10.05
A003,2026-11-09,1932,164.0,10.04
A003,2026-11-09,1933,163.0,8.67
A003,2026-11-09,1934,168.0,10.14
A003,2026-11-09,1935,163.0,10.16
A003,2026-11-09,1936,170.0,10.18
A003,2026-11-09,1937,164.0,9.12
A003,2026-11-09,1938,169.0,8.73
A003,2026-11-09,1939,164.0,8.56
A003,2026-11-09,1940,162.0,8.46
A003,2026-11-09,1941,167.0,9.1
A003,2026-11-09,1942,167.0,9.57
A003,2026-11-09,1943,163.0,9.82
A003,2026-11-09,1944,164.0,8.72
A003,2026-11-09,1945,162.0,8.96
A003,2026-11-09,1946,164.0,8.89
A003,2026-11-09,1947,164.0,8.55
A003,2026-11-09,1948,163.0,9.35
A003,2026-11-09,1949,160.0,9.1
A003,2026-11-09,1950,162.0,8.94
A003,2026-11-09,1951,165.0,9.05
A003,2026-11-09,1952,163.0,9.18
A003,2026-11-09,1953,162.0,9.15
A003,2026-11-09,1954,161.0,8.26
A003,2026-11-09,1955,161.0,9.28
A003,2026-11-09,1956,165.0,8.88
A003,2026-11-09,1957,160.0,8.45
A003,2026-11-09,1958,164.0,8.83
A003,2026-11-09,1959,162.0,8.88
A003,2026-11-09,1960,163.0,9.31
A003,2026-11-09,1961,161.0,8.01
A003,2026-11-09,1962,161.0,9.42
A003,2026-11-09,1963,162.0,8.63
A003,2026-11-09,1964,161.0,8.3
A003,2026-11-09,1965,162.0,8.26
A003,2026-11-09,1966,162.0,7.97
A003,2026-11-09,1967,166.0,7.52
A003,2026-11-09,1968,162.0,8.96
A003,2026-11-09,1969,158.0,9.73
A003,2026-11-09,1970,164.0,7.57
A003,2026-11-09,1971,161.0,7.96
A003,2026-11-09,1972,165.0,8.97
A003,2026-11-09,1973,164.0,8.49
A003,2026-11-09,1974,160.0,9.01
A003,2026-11-09,1975,163.0,8.45
A003,2026-11-09,1976,160.0,8.16
A003,2026-11-09,1977,161.0,8.37
A003,2026-11-09,1978,162.0,7.07
A003,2026-11-09,1979,163.0,7.81
A003,2026-11-09,1980,163.0,9.07
A003,2026-11-09,1981,161.0,9.22
A003,2026-11-09,1982,166.0,9.35
A003,2026-11-09,1983,160.0,8.77
A003,2026-11-09,1984,158.0,7.16
A003,2026-11-09,1985,158.0,8.13
A003,2026-11-09,1986,164.0,9.31
A003,2026-11-09,1987,161.0,9.5
A003,2026-11-09,1988,162.0,9.35
A003,2026-11-09,1989,160.0,8.4
A003,2026-11-09,1990,160.0,7.77
A003,2026-11-09,1991,160.0,8.54
A003,2026-11-09,1992,162.0,8.58
A003,2026-11-09,1993,161.0,9.52
A003,2026-11-09,1994,163.0,8.73
A003,2026-11-09,1995,162.0,8.62
A003,2026-11-09,1996,161.0,8.66
A003,2026-11-09,1997,159.0,8.87
A003,2026-11-09,1998,159.0,9.03
A003,2026-11-09,1999,168.0,8.23
A003,2026-11-09,2000,165.0,8.05
A003,2026-11-09,2001,165.0,9.52
A003,2026-11-09,2002,161.0,7.74
A003,2026-11-09,2003,163.0,9.72
A003,2026-11-09,2004,161.0,7.61
A003,2026-11-09,2005,160.0,8.43
A003,2026-11-09,2006,162.0,9.38
A003,2026-11-09,2007,166.0,8.82
A003,2026-11-09,2008,165.0,8.06
A003,2026-11-09,2009,161.0,9.13
A003,2026-11-09,2010,163.0,8.93
A003,2026-11-09,2011,165.0,8.79
A003,2026-11-09,2012,163.0,8.57
A003,2026-11-09,2013,164.0,8.95
A003,2026-11-09,2014,165.0,8.65
A003,2026-11-09,2015,165.0,10.49
A003,2026-11-09,2016,165.0,8.91
A003,2026-11-09,2017,163.0,8.86
A003,2026-11-09,2018,164.0,8.79
A003,2026-11-09,2019,163.0,10.21
A003,2026-11-09,2020,162.0,8.19
A003,2026-11-09,2021,165.0,9.42
A003,2026-11-09,2022,167.0,9.09
A003,2026-11-09,2023,163.0,8.41
A003,2026-11-09,2024,167.0,8.81
A003,2026-11-09,2025,168.0,9.52
A003,2026-11-09,2026,163.0,8.85
A003,2026-11-09,2027,166.0,9.55
A003,2026-11-09,2028,170.0,10.47
A003,2026-11-09,2029,168.0,9.57
A003,2026-11-09,2030,164.0,8.63
A003,2026-11-09,2031,169.0,9.03
A003,2026-11-09,2032,166.0,9.4
A003,2026-11-09,2033,169.0,9.4
A003,2026-11-09,2034,167.0,9.74
A003,2026-11-09,2035,168.0,9.87
A003,2026-11-09,2036,168.0,10.76
A003,2026-11-09,2037,169.0,9.75
A003,2026-11-09,2038,168.0,9.1
A003,2026-11-09,2039,169.0,10.52
A003,2026-11-09,2040,167.0,10.63
A003,2026-11-09,2041,171.0,10.0
A003,2026-11-09,2042,170.0,9.71
A003,2026-11-09,2043,166.0,10.22
A003,2026-11-09,2044,172.0,9.72
A003,2026-11-09,2045,169.0,8.6
A003,2026-11-09,2046,170.0,10.17
A003,2026-11-09,2047,171.0,10.36
A003,2026-11-09,2048,170.0,10.68
A003,2026-11-09,2049,172.0,9.37
A003,2026-11-09,2050,169.0,9.94
A003,2026-11-09,2051,171.0,9.94
A003,2026-11-09,2052,169.0,9.84
A003,2026-11-09,2053,170.0,9.85
A003,2026-11-09,2054,170.0,9.79
A003,2026-11-09,2055,172.0,9.89
A003,2026-11-09,2056,170.0,10.2
A003,2026-11-09,2057,168.0,10.48
A003,2026-11-09,2058,168.0,9.28
A003,2026-11-09,2059,169.0,9.62
A003,2026-11-09,2060,167.0,9.46
A003,2026-11-09,2061,167.0,9.37
A003,2026-11-09,2062,164.0,8.72
A003,2026-11-09,2063,165.0,9.7
A003,2026-11-09,2064,172.0,9.96
A003,2026-11-09,2065,167.0,9.57
A003,2026-11-09,2066,172.0,9.64
A003,2026-11-09,2067,169.0,9.88
A003,2026-11-09,2068,168.0,10.46
A003,2026-11-09,2069,165.0,9.35
A003,2026-11-09,2070,168.0,8.89
A003,2026-11-09,2071,172.0,9.52
A003,2026-11-09,2072,171.0,10.69
A003,2026-11-09,2073,168.0,8.84
A003,2026-11-09,2074,165.0,9.91
A003,2026-11-09,2075,166.0,10.2
A003,2026-11-09,2076,166.0,8.07
A003,2026-11-09,2077,170.0,9.72
A003,2026-11-09,2078,170.0,9.81
A003,2026-11-09,2079,167.0,9.27
A003,2026-11-09,2080,166.0,9.02
A003,2026-11-09,2081,170.0,9.03
A003,2026-11-09,2082,165.0,9.17
A003,2026-11-09,2083,167.0,9.16
A003,2026-11-09,2084,167.0,9.03
A003,2026-11-09,2085,164.0,9.09
A003,2026-11-09,2086,165.0,9.99
A003,2026-11-09,2087,164.0,8.52
A003,2026-11-09,2088,168.0,8.17
A003,2026-11-09,2089,169.0,9.92
A003,2026-11-09,2090,166.0,9.05
A003,2026-11-09,2091,165.0,8.9
A003,2026-11-09,2092,164.0,9.04
A003,2026-11-09,2093,165.0,9.2
A003,2026-11-09,2094,163.0,8.73
A003,2026-11-09,2095,164.0,9.32
A003,2026-11-09,2096,165.0,8.41
A003,2026-11-09,2097,163.0,8.77
A003,2026-11-09,2098,163.0,7.59
A003,2026-11-09,2099,163.0,9.59
A003,2026-11-09,2100,163.0,8.74
A003,2026-11-09,2101,162.0,9.22
A003,2026-11-09,2102,164.0,9.06
A003,2026-11-09,2103,159.0,9.07
A003,2026-11-09,2104,166.0,8.7
A003,2026-11-09,2105,162.0,8.9
A003,2026-11-09,2106,163.0,8.05
A003,2026-11-09,2107,163.0,7.88
A003,2026-11-09,2108,160.0,8.48
A003,2026-11-09,2109,159.0,8.1
A003,2026-11-09,2110,159.0,9.32
A003,2026-11-09,2111,160.0,8.64
A003,2026-11-09,2112,162.0,7.94
A003,2026-11-09,2113,159.0,8.17
A003,2026-11-09,2114,161.0,8.36
A003,2026-11-09,2115,155.0,8.2
A003,2026-11-09,2116,158.0,8.36
A003,2026-11-09,2117,161.0,8.19
A003,2026-11-09,2118,158.0,7.26
A003,2026-11-09,2119,157.0,6.76
A003,2026-11-09,2120,157.0,7.78
A003,2026-11-09,2121,152.0,8.29
A003,2026-11-09,2122,155.0,7.68
A003,2026-11-09,2123,159.0,8.59
A003,2026-11-09,2124,155.0,7.77
A003,2026-11-09,2125,155.0,8.56
A003,2026-11-09,2126,151.0,8.38
A003,2026-11-09,2127,152.0,8.27
A003,2026-11-09,2128,158.0,6.86
A003,2026-11-09,2129,156.0,7.54
A003,2026-11-09,2130,152.0,8.2
A003,2026-11-09,2131,153.0,7.58
A003,2026-11-09,2132,154.0,7.69
A003,2026-11-09,2133,151.0,6.47
A003,2026-11-09,2134,149.0,8.39
A003,2026-11-09,2135,152.0,6.71
A003,2026-11-09,2136,153.0,5.93
A003,2026-11-09,2137,153.0,6.86
A003,2026-11-09,2138,153.0,5.54
A003,2026-11-09,2139,148.0,6.29
A003,2026-11-09,2140,151.0,8.42
A003,2026-11-09,2141,150.0,6.59
A003,2026-11-09,2142,150.0,5.9
A003,2026-11-09,2143,149.0,6.71
A003,2026-11-09,2144,148.0,6.1
A003,2026-11-09,2145,143.0,7.09
A003,2026-11-09,2146,151.0,5.97
A003,2026-11-09,2147,149.0,6.61
A003,2026-11-09,2148,145.0,5.69
A003,2026-11-09,2149,148.0,7.87
A003,2026-11-09,2150,146.0,6.55
A003,2026-11-09,2151,146.0,6.1
A003,2026-11-09,2152,144.0,5.94
A003,2026-11-09,2153,147.0,5.72
A003,2026-11-09,2154,144.0,5.53
A003,2026-11-09,2155,142.0,5.45
A003,2026-11-09,2156,147.0,6.86
A003,2026-11-09,2157,143.0,5.45
A003,2026-11-09,2158,143.0,4.44
A003,2026-11-09,2159,144.0,4.95
A003,2026-11-09,2160,141.0,6.14
A003,2026-11-09,2161,141.0,5.36
A003,2026-11-09,2162,142.0,5.36
A003,2026-11-09,2163,138.0,6.08
A003,2026-11-09,2164,141.0,4.84
A003,2026-11-09,2165,139.0,5.62
A003,2026-11-09,2166,142.0,4.77
A003,2026-11-09,2167,141.0,5.44
A003,2026-11-09,2168,140.0,4.79
A003,2026-11-09,2169,135.0,4.82
A003,2026-11-09,2170,138.0,5.38
A003,2026-11-09,2171,135.0,5.27
A003,2026-11-09,2172,137.0,4.65
A003,2026-11-09,2173,132.0,4.4
A003,2026-11-09,2174,133.0,5.57
A003,2026-11-09,2175,138.0,4.9
A003,2026-11-09,2176,136.0,4.24
A003,2026-11-09,2177,134.0,4.01
A003,2026-11-09,2178,133.0,4.95
A003,2026-11-09,2179,132.0,4.33
A003,2026-11-09,2180,134.0,4.1
A003,2026-11-09,2181,133.0,4.2
A003,2026-11-09,2182,136.0,4.26
A003,2026-11-09,2183,132.0,3.95
A003,2026-11-09,2184,132.0,4.64
A003,2026-11-09,2185,129.0,4.61
A003,2026-11-09,2186,130.0,4.1
A003,2026-11-09,2187,131.0,4.54
A003,2026-11-09,2188,129.0,3.65
A003,2026-11-09,2189,129.0,3.99
A003,2026-11-09,2190,130.0,4.11
A003,2026-11-09,2191,132.0,4.05
A003,2026-11-09,2192,129.0,3.92
A003,2026-11-09,2193,130.0,3.68
A003,2026-11-09,2194,129.0,4.41
A003,2026-11-09,2195,129.0,2.85
A003,2026-11-09,2196,126.0,3.01
A003,2026-11-09,2197,126.0,2.91
A003,2026-11-09,2198,126.0,2.75
A003,2026-11-09,2199,127.0,1.71
A003,2026-11-09,2200,127.0,3.67
A003,2026-11-09,2201,125.0,2.16
A003,2026-11-09,2202,126.0,2.81
A003,2026-11-09,2203,123.0,1.79
A003,2026-11-09,2204,125.0,2.95
A003,2026-11-09,2205,125.0,2.05
A003,2026-11-09,2206,124.0,1.77
A003,2026-11-09,2207,123.0,2.51
A003,2026-11-09,2208,123.0,1.91
A003,2026-11-09,2209,120.0,1.92
A003,2026-11-09,2210,121.0,2.31
A003,2026-11-09,2211,121.0,2.62
A003,2026-11-09,2212,118.0,1.59
A003,2026-11-09,2213,121.0,1.42
A003,2026-11-09,2214,117.0,2.01
A003,2026-11-09,2215,118.0,2.32
A003,2026-11-09,2216,119.0,2.88
A003,2026-11-09,2217,117.0,1.36
A003,2026-11-09,2218,118.0,1.81
A003,2026-11-09,2219,118.0,2.71
A003,2026-11-09,2220,116.0,3.18
A003,2026-11-09,2221,118.0,1.4
A003,2026-11-09,2222,115.0,1.56
A003,2026-11-09,2223,121.0,2.23
A003,2026-11-09,2224,116.0,1.65
A003,2026-11-09,2225,113.0,1.54
A003,2026-11-09,2226,113.0,2.15
A003,2026-11-09,2227,117.0,2.93
A003,2026-11-09,2228,114.0,1.21
A003,2026-11-09,2229,111.0,2.9
A003,2026-11-09,2230,115.0,1.66
A003,2026-11-09,2231,113.0,2.21
A003,2026-11-09,2232,114.0,2.95
A003,2026-11-09,2233,115.0,2.2
A003,2026-11-09,2234,113.0,1.82
A003,2026-11-09,2235,117.0,2.43
A003,2026-11-09,2236,108.0,1.9
A003,2026-11-09,2237,110.0,2.31
A003,2026-11-09,2238,111.0,1.88
A003,2026-11-09,2239,115.0,2.52
A003,2026-11-09,2240,114.0,1.16
A003,2026-11-09,2241,113.0,1.39
A003,2026-11-09,2242,108.0,1.15
A003,2026-11-09,2243,108.0,1.97
A003,2026-11-09,2244,108.0,1.08
A003,2026-11-09,2245,107.0,1.58
A003,2026-11-09,2246,112.0,1.34
A003,2026-11-09,2247,108.0,2.89
A003,2026-11-09,2248,108.0,1.41
A003,2026-11-09,2249,109.0,1.23
A003,2026-11-09,2250,104.0,2.15
A003,2026-11-09,2251,107.0,3.01
A003,2026-11-09,2252,105.0,1.93
A003,2026-11-09,2253,106.0,1.98
A003,2026-11-09,2254,105.0,2.77
A003,2026-11-09,2255,105.0,2.53
A003,2026-11-09,2256,106.0,2.26
A003,2026-11-09,2257,106.0,1.65
A003,2026-11-09,2258,105.0,2.27
A003,2026-11-09,2259,106.0,1.18
A003,2026-11-09,2260,103.0,1.63
A003,2026-11-09,2261,106.0,2.86
A003,2026-11-09,2262,104.0,2.78
A003,2026-11-09,2263,103.0,2.26
A003,2026-11-09,2264,102.0,0.84
A003,2026-11-09,2265,103.0,1.28
A003,2026-11-09,2266,107.0,1.59
A003,2026-11-09,2267,103.0,1.9
A003,2026-11-09,2268,101.0,1.25
A003,2026-11-09,2269,104.0,1.85
A003,2026-11-09,2270,101.0,3.06
A003,2026-11-09,2271,103.0,2.24
A003,2026-11-09,2272,101.0,2.13
A003,2026-11-09,2273,104.0,1.39
A003,2026-11-09,2274,100.0,1.02
A003,2026-11-09,2275,104.0,1.26
A003,2026-11-09,2276,99.0,0.99
A003,2026-11-09,2277,100.0,2.05
A003,2026-11-09,2278,103.0,2.23
A003,2026-11-09,2279,101.0,1.42
A003,2026-11-09,2280,105.0,2.09
A003,2026-11-09,2281,99.0,2.88
A003,2026-11-09,2282,100.0,3.17
A003,2026-11-09,2283,103.0,2.46
A003,2026-11-09,2284,96.0,1.9
A003,2026-11-09,2285,96.0,2.44
A003,2026-11-09,2286,97.0,2.81
A003,2026-11-09,2287,100.0,0.8
A003,2026-11-09,2288,95.0,2.89
A003,2026-11-09,2289,99.0,1.67
A003,2026-11-09,2290,99.0,1.68
A003,2026-11-09,2291,102.0,1.79
A003,2026-11-09,2292,99.0,2.19
A003,2026-11-09,2293,98.0,1.33
A003,2026-11-09,2294,100.0,1.83
A003,2026-11-09,2295,98.0,2.32
A003,2026-11-09,2296,96.0,2.13
A003,2026-11-09,2297,94.0,2.23
A003,2026-11-09,2298,95.0,1.81
A003,2026-11-09,2299,96.0,2.42
A003,2026-11-09,2300,96.0,2.63
A003,2026-11-09,2301,91.0,2.6
A003,2026-11-09,2302,95.0,2.26
A003,2026-11-09,2303,95.0,2.56
A003,2026-11-09,2304,96.0,2.52
A003,2026-11-09,2305,98.0,3.61
A003,2026-11-09,2306,95.0,2.73
A003,2026-11-09,2307,92.0,1.95
A003,2026-11-09,2308,90.0,1.45
A003,2026-11-09,2309,95.0,1.84
A003,2026-11-09,2310,92.0,1.8
A003,2026-11-09,2311,95.0,2.31
A003,2026-11-09,2312,96.0,1.58
A003,2026-11-09,2313,90.0,2.72
A003,2026-11-09,2314,94.0,1.17
A003,2026-11-09,2315,95.0,1.02
A003,2026-11-09,2316,94.0,1.92
A003,2026-11-09,2317,88.0,1.49
A003,2026-11-09,2318,90.0,1.25
A003,2026-11-09,2319,89.0,1.62
A003,2026-11-09,2320,92.0,1.54
A003,2026-11-09,2321,92.0,2.01
A003,2026-11-09,2322,85.0,1.63
A003,2026-11-09,2323,90.0,1.68
A003,2026-11-09,2324,92.0,2.0
A003,2026-11-09,2325,90.0,2.61
A003,2026-11-09,2326,90.0,2.88
A003,2026-11-09,2327,89.0,2.09
A003,2026-11-09,2328,87.0,2.14
A003,2026-11-09,2329,89.0,1.89
A003,2026-11-09,2330,89.0,2.29
A003,2026-11-09,2331,90.0,2.23
A003,2026-11-09,2332,90.0,2.8
A003,2026-11-09,2333,88.0,0.87
A003,2026-11-09,2334,90.0,1.86
A003,2026-11-09,2335,87.0,2.2
A003,2026-11-09,2336,85.0,1.98
A003,2026-11-09,2337,89.0,1.44
A003,2026-11-09,2338,88.0,1.22
A003,2026-11-09,2339,89.0,2.48
A003,2026-11-09,2340,86.0,1.55
A003,2026-11-09,2341,92.0,0.95
A003,2026-11-09,2342,89.0,2.51
A003,2026-11-09,2343,87.0,2.28
A003,2026-11-09,2344,86.0,1.93
A003,2026-11-09,2345,90.0,1.45
A003,2026-11-09,2346,86.0,1.93
A003,2026-11-09,2347,93.0,2.73
A003,2026-11-09,2348,87.0,1.03
A003,2026-11-09,2349,91.0,1.06
A003,2026-11-09,2350,88.0,1.62
A003,2026-11-09,2351,91.0,1.98
A003,2026-11-09,2352,87.0,1.7
A003,2026-11-09,2353,88.0,2.39
A003,2026-11-09,2354,90.0,2.65
A003,2026-11-09,2355,89.0,2.17
A003,2026-11-09,2356,90.0,2.34
A003,2026-11-09,2357,87.0,2.16
A003,2026-11-09,2358,88.0,2.01
A003,2026-11-09,2359,91.0,1.22
A003,2026-11-09,2360,87.0,1.38
A003,2026-11-09,2361,89.0,1.19
A003,2026-11-09,2362,88.0,1.91
A003,2026-11-09,2363,88.0,2.14
A003,2026-11-09,2364,88.0,1.13
A003,2026-11-09,2365,86.0,2.04
A003,2026-11-09,2366,88.0,1.47
A003,2026-11-09,2367,88.0,1.36
A003,2026-11-09,2368,88.0,1.62
A003,2026-11-09,2369,91.0,1.33
A003,2026-11-09,2370,90.0,2.36
A003,2026-11-09,2371,89.0,1.9
A003,2026-11-09,2372,87.0,2.49
A003,2026-11-09,2373,86.0,1.73
A003,2026-11-09,2374,92.0,1.76
A003,2026-11-09,2375,86.0,3.12
A003,2026-11-09,2376,88.0,1.03
A003,2026-11-09,2377,89.0,2.77
A003,2026-11-09,2378,87.0,2.99
A003,2026-11-09,2379,86.0,2.46
A003,2026-11-09,2380,86.0,1.8
A003,2026-11-09,2381,87.0,2.86
A003,2026-11-09,2382,87.0,1.81
A003,2026-11-09,2383,91.0,1.58
A003,2026-11-09,2384,88.0,1.77
A003,2026-11-09,2385,87.0,1.66
A003,2026-11-09,2386,88.0,1.43
A003,2026-11-09,2387,89.0,2.67
A003,2026-11-09,2388,87.0,1.54
A003,2026-11-09,2389,90.0,1.98
A003,2026-11-09,2390,86.0,1.13
A003,2026-11-09,2391,90.0,2.02
A003,2026-11-09,2392,88.0,1.31
A003,2026-11-09,2393,88.0,1.29
A003,2026-11-09,2394,87.0,1.93
A003,2026-11-09,2395,86.0,2.63
A003,2026-11-09,2396,85.0,2.26
A003,2026-11-09,2397,87.0,2.31
A003,2026-11-09,2398,89.0,1.92
A003,2026-11-09,2399,86.0,1.8
A004,2026-11-09,0,83.0,2.95
A004,2026-11-09,1,86.0,1.6
A004,2026-11-09,2,87.0,1.67
A004,2026-11-09,3,82.0,1.87
A004,2026-11-09,4,83.0,2.17
A004,2026-11-09,5,83.0,2.06
A004,2026-11-09,6,81.0,2.36
A004,2026-11-09,7,83.0,1.32
A004,2026-11-09,8,87.0,2.24
A004,2026-11-09,9,82.0,1.55
A004,2026-11-09,10,87.0,1.91
A004,2026-11-09,11,83.0,3.02
A004,2026-11-09,12,88.0,1.16
A004,2026-11-09,13,83.0,1.83
A004,2026-11-09,14,84.0,1.24
A004,2026-11-09,15,82.0,2.09
A004,2026-11-09,16,83.0,2.63
A004,2026-11-09,17,87.0,2.1
A004,2026-11-09,18,85.0,1.93
A004,2026-11-09,19,86.0,2.8
A004,2026-11-09,20,82.0,2.2
A004,2026-11-09,21,85.0,2.49
A004,2026-11-09,22,82.0,2.43
A004,2026-11-09,23,81.0,0.27
A004,2026-11-09,24,85.0,1.95
A004,2026-11-09,25,85.0,1.35
A004,2026-11-09,26,84.0,1.5
A004,2026-11-09,27,86.0,2.88
A004,2026-11-09,28,86.0,1.78
A004,2026-11-09,29,87.0,3.14
A004,2026-11-09,30,82.0,1.16
A004,2026-11-09,31,87.0,1.35
A004,2026-11-09,32,88.0,2.46
A004,2026-11-09,33,83.0,1.8
A004,2026-11-09,34,81.0,2.18
A004,2026-11-09,35,81.0,1.93
A004,2026-11-09,36,83.0,1.91
A004,2026-11-09,37,88.0,1.82
A004,2026-11-09,38,84.0,2.11
A004,2026-11-09,39,83.0,2.38
A004,2026-11-09,40,83.0,2.97
A004,2026-11-09,41,82.0,1.88
A004,2026-11-09,42,86.0,1.76
A004,2026-11-09,43,84.0,1.69
A004,2026-11-09,44,88.0,2.88
A004,2026-11-09,45,85.0,2.41
A004,2026-11-09,46,86.0,0.86
A004,2026-11-09,47,84.0,0.83
A004,2026-11-09,48,82.0,1.5
A004,2026-11-09,49,82.0,2.14
A004,2026-11-09,50,81.0,1.98
A004,2026-11-09,51,86.0,2.31
A004,2026-11-09,52,83.0,1.89
A004,2026-11-09,53,86.0,2.84
A004,2026-11-09,54,84.0,2.46
A004,2026-11-09,55,84.0,2.05
A004,2026-11-09,56,82.0,2.69
A004,2026-11-09,57,85.0,1.01
A004,2026-11-09,58,84.0,1.95
A004,2026-11-09,59,86.0,2.08
A004,2026-11-09,60,83.0,2.36
A004,2026-11-09,61,85.0,0.97
A004,2026-11-09,62,87.0,1.84
A004,2026-11-09,63,85.0,2.24
A004,2026-11-09,64,86.0,2.29
A004,2026-11-09,65,85.0,2.71
A004,2026-11-09,66,88.0,2.46
A004,2026-11-09,67,85.0,1.96
A004,2026-11-09,68,86.0,2.4
A004,2026-11-09,69,84.0,1.88
A004,2026-11-09,70,83.0,2.09
A004,2026-11-09,71,82.0,2.48
A004,2026-11-09,72,87.0,1.97
A004,2026-11-09,73,82.0,2.22
A004,2026-11-09,74,86.0,2.58
A004,2026-11-09,75,85.0,2.43
A004,2026-11-09,76,86.0,2.74
A004,2026-11-09,77,83.0,3.4
A004,2026-11-09,78,83.0,2.42
A004,2026-11-09,79,85.0,1.72
A004,2026-11-09,80,84.0,2.31
A004,2026-11-09,81,82.0,2.28
A004,2026-11-09,82,88.0,2.37
A004,2026-11-09,83,83.0,2.9
A004,2026-11-09,84,82.0,0.99
A004,2026-11-09,85,84.0,2.91
A004,2026-11-09,86,87.0,3.11
A004,2026-11-09,87,80.0,2.34
A004,2026-11-09,88,87.0,2.36
A004,2026-11-09,89,83.0,1.86
A004,2026-11-09,90,86.0,2.0
A004,2026-11-09,91,84.0,2.42
A004,2026-11-09,92,90.0,2.38
A004,2026-11-09,93,87.0,2.43
A004,2026-11-09,94,85.0,2.38
A004,2026-11-09,95,86.0,2.54
A004,2026-11-09,96,87.0,2.47
A004,2026-11-09,97,88.0,1.39
A004,2026-11-09,98,89.0,2.5
A004,2026-11-09,99,88.0,3.12
A004,2026-11-09,100,86.0,1.98
A004,2026-11-09,101,88.0,2.9
A004,2026-11-09,102,90.0,1.45
A004,2026-11-09,103,88.0,1.98
A004,2026-11-09,104,91.0,1.62
A004,2026-11-09,105,90.0,2.83
A004,2026-11-09,106,90.0,2.98
A004,2026-11-09,107,93.0,1.94
A004,2026-11-09,108,87.0,2.7
A004,2026-11-09,109,90.0,2.99
A004,2026-11-09,110,94.0,1.98
A004,2026-11-09,111,95.0,2.08
A004,2026-11-09,112,97.0,2.44
A004,2026-11-09,113,92.0,1.49
A004,2026-11-09,114,94.0,2.07
A004,2026-11-09,115,95.0,3.29
A004,2026-11-09,116,96.0,1.7
A004,2026-11-09,117,94.0,2.51
A004,2026-11-09,118,96.0,2.31
A004,2026-11-09,119,95.0,1.9
A004,2026-11-09,120,95.0,2.13
A004,2026-11-09,121,93.0,3.05
A004,2026-11-09,122,94.0,2.33
A004,2026-11-09,123,94.0,2.43
A004,2026-11-09,124,93.0,2.96
A004,2026-11-09,125,93.0,1.83
A004,2026-11-09,126,95.0,1.37
A004,2026-11-09,127,96.0,3.06
A004,2026-11-09,128,97.0,2.08
A004,2026-11-09,129,98.0,2.54
A004,2026-11-09,130,98.0,1.54
A004,2026-11-09,131,97.0,2.23
A004,2026-11-09,132,96.0,1.34
A004,2026-11-09,133,100.0,2.04
A004,2026-11-09,134,98.0,1.61
A004,2026-11-09,135,98.0,1.47
A004,2026-11-09,136,99.0,1.82
A004,2026-11-09,137,98.0,0.62
A004,2026-11-09,138,98.0,1.3
A004,2026-11-09,139,99.0,2.47
A004,2026-11-09,140,99.0,2.21
A004,2026-11-09,141,102.0,1.36
A004,2026-11-09,142,101.0,2.33
A004,2026-11-09,143,104.0,1.47
A004,2026-11-09,144,103.0,2.43
A004,2026-11-09,145,105.0,1.93
A004,2026-11-09,146,103.0,1.8
A004,2026-11-09,147,103.0,1.95
A004,2026-11-09,148,101.0,3.54
A004,2026-11-09,149,104.0,1.54
A004,2026-11-09,150,101.0,2.14
A004,2026-11-09,151,100.0,2.47
A004,2026-11-09,152,106.0,1.42
A004,2026-11-09,153,101.0,1.04
A004,2026-11-09,154,104.0,1.64
A004,2026-11-09,155,102.0,2.46
A004,2026-11-09,156,106.0,1.79
A004,2026-11-09,157,107.0,1.86
A004,2026-11-09,158,106.0,2.55
A004,2026-11-09,159,107.0,1.52
A004,2026-11-09,160,105.0,1.95
A004,2026-11-09,161,110.0,1.09
A004,2026-11-09,162,107.0,2.19
A004,2026-11-09,163,104.0,2.14
A004,2026-11-09,164,106.0,2.48
A004,2026-11-09,165,106.0,1.31
A004,2026-11-09,166,106.0,1.88
A004,2026-11-09,167,103.0,1.23
A004,2026-11-09,168,107.0,1.85
A004,2026-11-09,169,104.0,2.89
A004,2026-11-09,170,102.0,1.81
A004,2026-11-09,171,107.0,1.18
A004,2026-11-09,172,106.0,1.59
A004,2026-11-09,173,106.0,1.03
A004,2026-11-09,174,102.0,1.22
A004,2026-11-09,175,106.0,2.4
A004,2026-11-09,176,108.0,1.13
A004,2026-11-09,177,107.0,2.19
A004,2026-11-09,178,109.0,2.02
A004,2026-11-09,179,112.0,1.68
A004,2026-11-09,180,110.0,2.14
A004,2026-11-09,181,111.0,1.44
A004,2026-11-09,182,112.0,2.5
A004,2026-11-09,183,107.0,1.58
A004,2026-11-09,184,111.0,1.77
A004,2026-11-09,185,112.0,1.7
A004,2026-11-09,186,109.0,2.41
A004,2026-11-09,187,109.0,2.33
A004,2026-11-09,188,111.0,0.43
A004,2026-11-09,189,108.0,2.15
A004,2026-11-09,190,108.0,0.95
A004,2026-11-09,191,109.0,1.8
A004,2026-11-09,192,112.0,1.94
A004,2026-11-09,193,112.0,1.79
A004,2026-11-09,194,113.0,2.3
A004,2026-11-09,195,110.0,2.43
A004,2026-11-09,196,110.0,1.54
A004,2026-11-09,197,113.0,1.51
A004,2026-11-09,198,110.0,1.98
A004,2026-11-09,199,111.0,1.07
A004,2026-11-09,200,108.0,1.71
A004,2026-11-09,201,113.0,2.81
A004,2026-11-09,202,115.0,1.1
A004,2026-11-09,203,110.0,1.8
A004,2026-11-09,204,115.0,1.64
A004,2026-11-09,205,113.0,3.2
A004,2026-11-09,206,109.0,1.68
A004,2026-11-09,207,111.0,1.71
A004,2026-11-09,208,111.0,1.38
A004,2026-11-09,209,113.0,2.01
A004,2026-11-09,210,114.0,2.16
A004,2026-11-09,211,117.0,1.47
A004,2026-11-09,212,111.0,2.59
A004,2026-11-09,213,113.0,2.16
A004,2026-11-09,214,112.0,2.51
A004,2026-11-09,215,111.0,1.8
A004,2026-11-09,216,114.0,2.15
A004,2026-11-09,217,114.0,1.87
A004,2026-11-09,218,111.0,2.87
A004,2026-11-09,219,114.0,2.07
A004,2026-11-09,220,112.0,2.01
A004,2026-11-09,221,115.0,1.73
A004,2026-11-09,222,117.0,1.69
A004,2026-11-09,223,116.0,2.14
A004,2026-11-09,224,115.0,2.49
A004,2026-11-09,225,114.0,1.59
A004,2026-11-09,226,115.0,2.08
A004,2026-11-09,227,116.0,2.11
A004,2026-11-09,228,116.0,2.22
A004,2026-11-09,229,115.0,0.98
A004,2026-11-09,230,116.0,1.45
A004,2026-11-09,231,113.0,1.18
A004,2026-11-09,232,114.0,2.02
A004,2026-11-09,233,117.0,1.46
A004,2026-11-09,234,118.0,1.7
A004,2026-11-09,235,116.0,1.28
A004,2026-11-09,236,119.0,1.76
A004,2026-11-09,237,117.0,1.33
A004,2026-11-09,238,116.0,2.45
A004,2026-11-09,239,114.0,2.29
A004,2026-11-09,240,120.0,2.09
A004,2026-11-09,241,118.0,1.82
A004,2026-11-09,242,121.0,0.78
A004,2026-11-09,243,121.0,1.73
A004,2026-11-09,244,115.0,1.54
A004,2026-11-09,245,115.0,2.15
A004,2026-11-09,246,112.0,2.37
A004,2026-11-09,247,119.0,2.19
A004,2026-11-09,248,119.0,2.76
A004,2026-11-09,249,118.0,1.66
A004,2026-11-09,250,115.0,1.63
A004,2026-11-09,251,118.0,2.62
A004,2026-11-09,252,118.0,2.1
A004,2026-11-09,253,120.0,1.85
A004,2026-11-09,254,119.0,3.11
A004,2026-11-09,255,120.0,2.35
A004,2026-11-09,256,118.0,1.89
A004,2026-11-09,257,121.0,1.59
A004,2026-11-09,258,120.0,2.8
A004,2026-11-09,259,117.0,2.12
A004,2026-11-09,260,122.0,2.01
A004,2026-11-09,261,122.0,2.41
A004,2026-11-09,262,120.0,2.54
A004,2026-11-09,263,120.0,2.37
A004,2026-11-09,264,123.0,2.59
A004,2026-11-09,265,117.0,2.35
A004,2026-11-09,266,123.0,2.43
A004,2026-11-09,267,119.0,1.69
A004,2026-11-09,268,123.0,3.23
A004,2026-11-09,269,121.0,1.43
A004,2026-11-09,270,118.0,2.38
A004,2026-11-09,271,120.0,1.42
A004,2026-11-09,272,123.0,2.19
A004,2026-11-09,273,121.0,1.93
A004,2026-11-09,274,120.0,2.38
A004,2026-11-09,275,120.0,2.53
A004,2026-11-09,276,123.0,1.77
A004,2026-11-09,277,126.0,2.36
A004,2026-11-09,278,118.0,3.24
A004,2026-11-09,279,128.0,1.64
A004,2026-11-09,280,123.0,1.95
A004,2026-11-09,281,124.0,3.01
A004,2026-11-09,282,122.0,2.57
A004,2026-11-09,283,123.0,2.64
A004,2026-11-09,284,124.0,3.19
A004,2026-11-09,285,122.0,2.13
A004,2026-11-09,286,122.0,2.33
A004,2026-11-09,287,127.0,2.29
A004,2026-11-09,288,121.0,2.5
A004,2026-11-09,289,126.0,3.54
A004,2026-11-09,290,124.0,1.75
A004,2026-11-09,291,123.0,2.09
A004,2026-11-09,292,129.0,2.02
A004,2026-11-09,293,124.0,3.72
A004,2026-11-09,294,124.0,2.55
A004,2026-11-09,295,126.0,2.76
A004,2026-11-09,296,125.0,2.02
A004,2026-11-09,297,127.0,2.87
A004,2026-11-09,298,127.0,3.58
A004,2026-11-09,299,128.0,3.25
A004,2026-11-09,300,127.0,3.08
A004,2026-11-09,301,126.0,2.24
A004,2026-11-09,302,129.0,3.03
A004,2026-11-09,303,128.0,3.35
A004,2026-11-09,304,128.0,2.71
A004,2026-11-09,305,132.0,3.74
A004,2026-11-09,306,129.0,3.92
A004,2026-11-09,307,132.0,3.12
A004,2026-11-09,308,132.0,3.91
A004,2026-11-09,309,133.0,3.45
A004,2026-11-09,310,132.0,4.25
A004,2026-11-09,311,131.0,4.83
A004,2026-11-09,312,,3.0
A004,2026-11-09,313,131.0,4.17
A004,2026-11-09,314,127.0,4.53
A004,2026-11-09,315,134.0,3.22
A004,2026-11-09,316,133.0,3.5
A004,2026-11-09,317,134.0,3.54
A004,2026-11-09,318,133.0,3.86
A004,2026-11-09,319,135.0,3.78
A004,2026-11-09,320,131.0,3.93
A004,2026-11-09,321,132.0,4.6
A004,2026-11-09,322,130.0,3.01
A004,2026-11-09,323,135.0,3.61
A004,2026-11-09,324,134.0,4.65
A004,2026-11-09,325,134.0,4.63
A004,2026-11-09,326,137.0,3.72
A004,2026-11-09,327,136.0,4.75
A004,2026-11-09,328,134.0,5.26
A004,2026-11-09,329,142.0,4.49
A004,2026-11-09,330,137.0,3.97
A004,2026-11-09,331,136.0,5.15
A004,2026-11-09,332,137.0,5.72
A004,2026-11-09,333,138.0,4.21
A004,2026-11-09,334,139.0,4.82
A004,2026-11-09,335,142.0,5.51
A004,2026-11-09,336,140.0,4.98
A004,2026-11-09,337,144.0,3.92
A004,2026-11-09,338,140.0,5.29
A004,2026-11-09,339,142.0,4.5
A004,2026-11-09,340,144.0,4.38
A004,2026-11-09,341,144.0,4.17
A004,2026-11-09,342,145.0,5.98
A004,2026-11-09,343,142.0,4.82
A004,2026-11-09,344,143.0,5.58
A004,2026-11-09,345,139.0,5.79
A004,2026-11-09,346,144.0,5.6
A004,2026-11-09,347,147.0,5.75
A004,2026-11-09,348,147.0,5.86
A004,2026-11-09,349,145.0,5.77
A004,2026-11-09,350,149.0,5.3
A004,2026-11-09,351,146.0,5.3
A004,2026-11-09,352,145.0,5.81
A004,2026-11-09,353,146.0,5.86
A004,2026-11-09,354,145.0,6.26
A004,2026-11-09,355,149.0,6.72
A004,2026-11-09,356,149.0,6.33
A004,2026-11-09,357,150.0,5.7
A004,2026-11-09,358,149.0,4.94
A004,2026-11-09,359,150.0,5.85
A004,2026-11-09,360,146.0,5.57
A004,2026-11-09,361,151.0,6.0
A004,2026-11-09,362,151.0,6.65
A004,2026-11-09,363,149.0,6.62
A004,2026-11-09,364,152.0,7.75
A004,2026-11-09,365,152.0,6.99
A004,2026-11-09,366,156.0,7.9
A004,2026-11-09,367,151.0,7.25
A004,2026-11-09,368,155.0,7.54
A004,2026-11-09,369,152.0,6.73
A004,2026-11-09,370,154.0,6.37
A004,2026-11-09,371,156.0,6.81
A004,2026-11-09,372,155.0,7.13
A004,2026-11-09,373,156.0,6.82
A004,2026-11-09,374,157.0,6.66
A004,2026-11-09,375,156.0,7.58
A004,2026-11-09,376,159.0,6.79
A004,2026-11-09,377,157.0,6.53
A004,2026-11-09,378,158.0,6.84
A004,2026-11-09,379,159.0,7.43
A004,2026-11-09,380,160.0,7.04
A004,2026-11-09,381,161.0,7.56
A004,2026-11-09,382,161.0,8.12
A004,2026-11-09,383,161.0,8.16
A004,2026-11-09,384,160.0,7.48
A004,2026-11-09,385,159.0,7.16
A004,2026-11-09,386,159.0,7.65
A004,2026-11-09,387,159.0,8.45
A004,2026-11-09,388,166.0,8.65
A004,2026-11-09,389,159.0,8.39
A004,2026-11-09,390,166.0,8.96
A004,2026-11-09,391,162.0,9.33
A004,2026-11-09,392,167.0,8.06
A004,2026-11-09,393,160.0,9.3
A004,2026-11-09,394,165.0,8.31
A004,2026-11-09,395,168.0,9.13
A004,2026-11-09,396,167.0,9.0
A004,2026-11-09,397,165.0,7.45
A004,2026-11-09,398,163.0,8.11
A004,2026-11-09,399,164.0,8.01
A004,2026-11-09,400,170.0,7.73
A004,2026-11-09,401,167.0,9.38
A004,2026-11-09,402,168.0,10.14
A004,2026-11-09,403,169.0,8.8
A004,2026-11-09,404,166.0,9.52
A004,2026-11-09,405,170.0,9.95
A004,2026-11-09,406,169.0,9.23
A004,2026-11-09,407,170.0,9.14
A004,2026-11-09,408,169.0,9.06
A004,2026-11-09,409,167.0,9.58
A004,2026-11-09,410,,9.83
A004,2026-11-09,411,172.0,9.63
A004,2026-11-09,412,172.0,9.65
A004,2026-11-09,413,172.0,9.41
A004,2026-11-09,414,174.0,8.53
A004,2026-11-09,415,172.0,10.07
A004,2026-11-09,416,173.0,8.8
A004,2026-11-09,417,172.0,9.99
A004,2026-11-09,418,175.0,10.11
A004,2026-11-09,419,174.0,9.02
A004,2026-11-09,420,173.0,9.38
A004,2026-11-09,421,171.0,11.06
A004,2026-11-09,422,177.0,9.78
A004,2026-11-09,423,173.0,9.13
A004,2026-11-09,424,175.0,10.38
A004,2026-11-09,425,180.0,9.47
A004,2026-11-09,426,177.0,8.82
A004,2026-11-09,427,179.0,10.32
A004,2026-11-09,428,175.0,9.49
A004,2026-11-09,429,178.0,10.27
A004,2026-11-09,430,177.0,9.62
A004,2026-11-09,431,178.0,10.57
A004,2026-11-09,432,181.0,10.29
A004,2026-11-09,433,177.0,8.65
A004,2026-11-09,434,178.0,10.47
A004,2026-11-09,435,176.0,10.09
A004,2026-11-09,436,180.0,11.14
A004,2026-11-09,437,177.0,10.56
A004,2026-11-09,438,180.0,10.8
A004,2026-11-09,439,175.0,9.95
A004,2026-11-09,440,180.0,9.93
A004,2026-11-09,441,178.0,10.41
A004,2026-11-09,442,180.0,10.23
A004,2026-11-09,443,179.0,11.28
A004,2026-11-09,444,178.0,10.4
A004,2026-11-09,445,179.0,9.78
A004,2026-11-09,446,178.0,10.04
A004,2026-11-09,447,181.0,11.14
A004,2026-11-09,448,178.0,10.47
A004,2026-11-09,449,179.0,10.46
A004,2026-11-09,450,181.0,11.25
A004,2026-11-09,451,183.0,10.08
A004,2026-11-09,452,180.0,9.3
A004,2026-11-09,453,180.0,10.15
A004,2026-11-09,454,181.0,10.82
A004,2026-11-09,455,176.0,10.54
A004,2026-11-09,456,178.0,9.76
A004,2026-11-09,457,180.0,11.32
A004,2026-11-09,458,179.0,10.82
A004,2026-11-09,459,178.0,10.97
A004,2026-11-09,460,183.0,11.0
A004,2026-11-09,461,182.0,9.97
A004,2026-11-09,462,181.0,10.94
A004,2026-11-09,463,180.0,11.32
A004,2026-11-09,464,181.0,11.46
A004,2026-11-09,465,182.0,11.22
A004,2026-11-09,466,181.0,11.1
A004,2026-11-09,467,182.0,9.75
A004,2026-11-09,468,180.0,10.79
A004,2026-11-09,469,182.0,10.23
A004,2026-11-09,470,184.0,11.58
A004,2026-11-09,471,184.0,11.49
A004,2026-11-09,472,184.0,10.24
A004,2026-11-09,473,182.0,10.79
A004,2026-11-09,474,182.0,10.97
A004,2026-11-09,475,181.0,11.36
A004,2026-11-09,476,178.0,9.81
A004,2026-11-09,477,179.0,9.49
A004,2026-11-09,478,181.0,10.84
A004,2026-11-09,479,181.0,9.3
A004,2026-11-09,480,184.0,10.91
A004,2026-11-09,481,184.0,11.13
A004,2026-11-09,482,180.0,11.48
A004,2026-11-09,483,182.0,10.33
A004,2026-11-09,484,180.0,10.76
A004,2026-11-09,485,182.0,11.02
A004,2026-11-09,486,182.0,9.88
A004,2026-11-09,487,182.0,11.1
A004,2026-11-09,488,178.0,10.68
A004,2026-11-09,489,181.0,10.11
A004,2026-11-09,490,175.0,10.52
A004,2026-11-09,491,181.0,10.31
A004,2026-11-09,492,178.0,10.83
A004,2026-11-09,493,178.0,10.1
A004,2026-11-09,494,174.0,10.42
A004,2026-11-09,495,177.0,9.87
A004,2026-11-09,496,180.0,9.64
A004,2026-11-09,497,176.0,10.27
A004,2026-11-09,498,178.0,9.59
A004,2026-11-09,499,176.0,10.57
A004,2026-11-09,500,178.0,10.4
A004,2026-11-09,501,176.0,9.55
A004,2026-11-09,502,174.0,10.1
A004,2026-11-09,503,175.0,9.47
A004,2026-11-09,504,178.0,8.93
A004,2026-11-09,505,176.0,9.5
A004,2026-11-09,506,174.0,9.79
A004,2026-11-09,507,179.0,10.09
A004,2026-11-09,508,176.0,9.83
A004,2026-11-09,509,175.0,10.25
A004,2026-11-09,510,174.0,9.08
A004,2026-11-09,511,175.0,9.41
A004,2026-11-09,512,174.0,10.58
A004,2026-11-09,513,168.0,8.4
A004,2026-11-09,514,173.0,9.25
A004,2026-11-09,515,172.0,8.85
A004,2026-11-09,516,171.0,9.34
A004,2026-11-09,517,171.0,9.16
A004,2026-11-09,518,168.0,9.75
A004,2026-11-09,519,168.0,9.51
A004,2026-11-09,520,174.0,8.54
A004,2026-11-09,521,172.0,8.93
A004,2026-11-09,522,166.0,9.26
A004,2026-11-09,523,169.0,9.67
A004,2026-11-09,524,172.0,10.65
A004,2026-11-09,525,169.0,9.58
A004,2026-11-09,526,172.0,8.52
A004,2026-11-09,527,172.0,9.05
A004,2026-11-09,528,167.0,9.18
A004,2026-11-09,529,169.0,8.73
A004,2026-11-09,530,168.0,9.3
A004,2026-11-09,531,166.0,7.63
A004,2026-11-09,532,166.0,9.29
A004,2026-11-09,533,167.0,8.65
A004,2026-11-09,534,167.0,8.85
A004,2026-11-09,535,169.0,9.77
A004,2026-11-09,536,170.0,8.11
A004,2026-11-09,537,169.0,9.0
A004,2026-11-09,538,169.0,9.29
A004,2026-11-09,539,167.0,8.9
A004,2026-11-09,540,168.0,7.8
A004,2026-11-09,541,167.0,9.56
A004,2026-11-09,542,166.0,8.61
A004,2026-11-09,543,171.0,8.4
A004,2026-11-09,544,162.0,8.51
A004,2026-11-09,545,163.0,8.45
A004,2026-11-09,546,167.0,7.95
A004,2026-11-09,547,166.0,8.74
A004,2026-11-09,548,163.0,8.27
A004,2026-11-09,549,164.0,9.02
A004,2026-11-09,550,164.0,8.91
A004,2026-11-09,551,168.0,9.57
A004,2026-11-09,552,168.0,8.45
A004,2026-11-09,553,169.0,8.08
A004,2026-11-09,554,162.0,7.67
A004,2026-11-09,555,163.0,9.86
A004,2026-11-09,556,163.0,8.94
A004,2026-11-09,557,168.0,8.12
A004,2026-11-09,558,166.0,9.54
A004,2026-11-09,559,166.0,9.33
A004,2026-11-09,560,166.0,7.7
A004,2026-11-09,561,165.0,8.06
A004,2026-11-09,562,163.0,8.43
A004,2026-11-09,563,166.0,7.86
A004,2026-11-09,564,165.0,8.44
A004,2026-11-09,565,163.0,8.93
A004,2026-11-09,566,166.0,7.68
A004,2026-11-09,567,164.0,8.68
A004,2026-11-09,568,166.0,9.2
A004,2026-11-09,569,165.0,8.75
A004,2026-11-09,570,167.0,8.46
A004,2026-11-09,571,166.0,8.11
A004,2026-11-09,572,164.0,9.02
A004,2026-11-09,573,166.0,7.82
A004,2026-11-09,574,166.0,8.68
A004,2026-11-09,575,167.0,8.55
A004,2026-11-09,576,168.0,9.22
A004,2026-11-09,577,164.0,8.21
A004,2026-11-09,578,167.0,8.27
A004,2026-11-09,579,162.0,7.83
A004,2026-11-09,580,166.0,8.85
A004,2026-11-09,581,165.0,8.35
A004,2026-11-09,582,169.0,8.1
A004,2026-11-09,583,166.0,8.17
A004,2026-11-09,584,167.0,8.97
A004,2026-11-09,585,163.0,8.0
A004,2026-11-09,586,166.0,8.07
A004,2026-11-09,587,165.0,9.23
A004,2026-11-09,588,172.0,8.61
A004,2026-11-09,589,166.0,9.31
A004,2026-11-09,590,167.0,8.54
A004,2026-11-09,591,167.0,8.77
A004,2026-11-09,592,164.0,8.89
A004,2026-11-09,593,166.0,9.65
A004,2026-11-09,594,168.0,9.62
A004,2026-11-09,595,168.0,9.56
A004,2026-11-09,596,163.0,8.51
A004,2026-11-09,597,167.0,8.32
A004,2026-11-09,598,170.0,9.39
A004,2026-11-09,599,170.0,9.79
A004,2026-11-09,600,171.0,9.69
A004,2026-11-09,601,167.0,9.03
A004,2026-11-09,602,172.0,9.48
A004,2026-11-09,603,169.0,9.52
A004,2026-11-09,604,173.0,9.19
A004,2026-11-09,605,170.0,9.25
A004,2026-11-09,606,166.0,9.22
A004,2026-11-09,607,172.0,8.72
A004,2026-11-09,608,169.0,8.81
A004,2026-11-09,609,170.0,8.84
A004,2026-11-09,610,168.0,8.33
A004,2026-11-09,611,174.0,9.41
A004,2026-11-09,612,170.0,9.33
A004,2026-11-09,613,175.0,9.85
A004,2026-11-09,614,171.0,10.18
A004,2026-11-09,615,170.0,10.25
A004,2026-11-09,616,175.0,10.34
A004,2026-11-09,617,172.0,9.07
A004,2026-11-09,618,173.0,8.7
A004,2026-11-09,619,170.0,10.16
A004,2026-11-09,620,172.0,10.46
A004,2026-11-09,621,174.0,10.6
A004,2026-11-09,622,171.0,10.0
A004,2026-11-09,623,173.0,8.55
A004,2026-11-09,624,173.0,10.0
A004,2026-11-09,625,175.0,10.15
A004,2026-11-09,626,178.0,10.61
A004,2026-11-09,627,174.0,10.75
A004,2026-11-09,628,174.0,10.48
A004,2026-11-09,629,181.0,9.62
A004,2026-11-09,630,175.0,9.39
A004,2026-11-09,631,176.0,10.37
A004,2026-11-09,632,176.0,9.61
A004,2026-11-09,633,176.0,11.01
A004,2026-11-09,634,177.0,9.14
A004,2026-11-09,635,179.0,10.54
A004,2026-11-09,636,178.0,10.44
A004,2026-11-09,637,180.0,10.16
A004,2026-11-09,638,180.0,9.77
A004,2026-11-09,639,179.0,9.12
A004,2026-11-09,640,179.0,10.08
A004,2026-11-09,641,181.0,10.13
A004,2026-11-09,642,177.0,11.14
A004,2026-11-09,643,184.0,10.04
A004,2026-11-09,644,179.0,10.82
A004,2026-11-09,645,179.0,9.82
A004,2026-11-09,646,178.0,10.92
A004,2026-11-09,647,178.0,9.32
A004,2026-11-09,648,183.0,11.96
A004,2026-11-09,649,186.0,10.66
A004,2026-11-09,650,180.0,9.1
A004,2026-11-09,651,182.0,10.39
A004,2026-11-09,652,,10.33
A004,2026-11-09,653,184.0,10.5
A004,2026-11-09,654,187.0,10.71
A004,2026-11-09,655,186.0,10.56
A004,2026-11-09,656,182.0,10.51
A004,2026-11-09,657,184.0,10.34
A004,2026-11-09,658,185.0,11.56
A004,2026-11-09,659,184.0,11.82
A004,2026-11-09,660,182.0,10.98
A004,2026-11-09,661,182.0,11.16
A004,2026-11-09,662,187.0,10.52
A004,2026-11-09,663,187.0,11.28
A004,2026-11-09,664,184.0,11.4
A004,2026-11-09,665,185.0,11.16
A004,2026-11-09,666,188.0,11.56
A004,2026-11-09,667,182.0,11.54
A004,2026-11-09,668,185.0,10.75
A004,2026-11-09,669,190.0,12.13
A004,2026-11-09,670,187.0,11.32
A004,2026-11-09,671,184.0,12.48
A004,2026-11-09,672,187.0,11.75
A004,2026-11-09,673,189.0,12.71
A004,2026-11-09,674,182.0,12.26
A004,2026-11-09,675,187.0,11.72
A004,2026-11-09,676,186.0,11.17
A004,2026-11-09,677,184.0,11.21
A004,2026-11-09,678,188.0,11.97
A004,2026-11-09,679,187.0,11.76
A004,2026-11-09,680,188.0,11.34
A004,2026-11-09,681,187.0,12.22
A004,2026-11-09,682,186.0,11.76
A004,2026-11-09,683,185.0,12.26
A004,2026-11-09,684,187.0,11.19
A004,2026-11-09,685,190.0,12.4
A004,2026-11-09,686,189.0,12.12
A004,2026-11-09,687,189.0,12.55
A004,2026-11-09,688,187.0,12.44
A004,2026-11-09,689,188.0,11.81
A004,2026-11-09,690,191.0,11.78
A004,2026-11-09,691,190.0,12.96
A004,2026-11-09,692,188.0,11.73
A004,2026-11-09,693,184.0,12.37
A004,2026-11-09,694,188.0,11.7
A004,2026-11-09,695,189.0,10.82
A004,2026-11-09,696,188.0,11.21
A004,2026-11-09,697,189.0,12.2
A004,2026-11-09,698,191.0,12.39
A004,2026-11-09,699,190.0,12.22
A004,2026-11-09,700,192.0,12.67
A004,2026-11-09,701,187.0,12.22
A004,2026-11-09,702,189.0,11.52
A004,2026-11-09,703,186.0,12.35
A004,2026-11-09,704,189.0,12.1
A004,2026-11-09,705,188.0,11.65
A004,2026-11-09,706,192.0,12.28
A004,2026-11-09,707,191.0,12.05
A004,2026-11-09,708,192.0,11.64
A004,2026-11-09,709,189.0,11.89
A004,2026-11-09,710,188.0,12.84
A004,2026-11-09,711,188.0,12.82
A004,2026-11-09,712,190.0,12.1
A004,2026-11-09,713,193.0,12.02
A004,2026-11-09,714,191.0,11.12
A004,2026-11-09,715,189.0,13.0
A004,2026-11-09,716,189.0,12.59
A004,2026-11-09,717,190.0,12.41
A004,2026-11-09,718,194.0,10.58
A004,2026-11-09,719,192.0,11.96
A004,2026-11-09,720,190.0,11.85
A004,2026-11-09,721,190.0,12.32
A004,2026-11-09,722,190.0,11.63
A004,2026-11-09,723,190.0,11.75
A004,2026-11-09,724,188.0,12.25
A004,2026-11-09,725,187.0,11.4
A004,2026-11-09,726,191.0,11.5
A004,2026-11-09,727,189.0,11.94
A004,2026-11-09,728,190.0,12.61
A004,2026-11-09,729,192.0,12.28
A004,2026-11-09,730,189.0,12.42
A004,2026-11-09,731,189.0,11.79
A004,2026-11-09,732,194.0,12.63
A004,2026-11-09,733,188.0,10.67
A004,2026-11-09,734,186.0,12.9
A004,2026-11-09,735,187.0,12.96
A004,2026-11-09,736,191.0,11.92
A004,2026-11-09,737,185.0,12.12
A004,2026-11-09,738,186.0,11.57
A004,2026-11-09,739,189.0,11.45
A004,2026-11-09,740,186.0,11.18
A004,2026-11-09,741,186.0,11.49
A004,2026-11-09,742,188.0,11.83
A004,2026-11-09,743,185.0,11.72
A004,2026-11-09,744,183.0,12.63
A004,2026-11-09,745,183.0,11.47
A004,2026-11-09,746,187.0,10.49
A004,2026-11-09,747,186.0,12.34
A004,2026-11-09,748,184.0,10.59
A004,2026-11-09,749,183.0,10.95
A004,2026-11-09,750,184.0,11.42
A004,2026-11-09,751,187.0,11.47
A004,2026-11-09,752,183.0,10.32
A004,2026-11-09,753,183.0,10.71
A004,2026-11-09,754,181.0,10.24
A004,2026-11-09,755,183.0,11.46
A004,2026-11-09,756,184.0,11.77
A004,2026-11-09,757,187.0,10.29
A004,2026-11-09,758,183.0,11.58
A004,2026-11-09,759,182.0,11.51
A004,2026-11-09,760,184.0,10.52
A004,2026-11-09,761,183.0,9.69
A004,2026-11-09,762,181.0,10.2
A004,2026-11-09,763,186.0,10.45
A004,2026-11-09,764,181.0,11.69
A004,2026-11-09,765,181.0,10.66
A004,2026-11-09,766,182.0,10.09
A004,2026-11-09,767,181.0,10.75
A004,2026-11-09,768,183.0,9.84
A004,2026-11-09,769,179.0,10.89
A004,2026-11-09,770,181.0,9.96
A004,2026-11-09,771,180.0,10.0
A004,2026-11-09,772,181.0,10.69
A004,2026-11-09,773,178.0,11.48
A004,2026-11-09,774,178.0,11.71
A004,2026-11-09,775,180.0,9.72
A004,2026-11-09,776,179.0,9.95
A004,2026-11-09,777,176.0,10.58
A004,2026-11-09,778,180.0,10.93
A004,2026-11-09,779,179.0,8.89
A004,2026-11-09,780,177.0,10.21
A004,2026-11-09,781,176.0,9.82
A004,2026-11-09,782,177.0,8.92
A004,2026-11-09,783,177.0,9.24
A004,2026-11-09,784,173.0,9.66
A004,2026-11-09,785,176.0,10.0
A004,2026-11-09,786,177.0,10.53
A004,2026-11-09,787,170.0,10.1
A004,2026-11-09,788,175.0,10.42
A004,2026-11-09,789,176.0,9.83
A004,2026-11-09,790,175.0,9.35
A004,2026-11-09,791,176.0,9.62
A004,2026-11-09,792,173.0,10.11
A004,2026-11-09,793,171.0,10.28
A004,2026-11-09,794,170.0,9.54
A004,2026-11-09,795,175.0,9.03
A004,2026-11-09,796,174.0,9.75
A004,2026-11-09,797,175.0,9.8
A004,2026-11-09,798,171.0,10.22
A004,2026-11-09,799,174.0,9.04
A004,2026-11-09,800,169.0,9.01
A004,2026-11-09,801,170.0,9.83
A004,2026-11-09,802,171.0,9.1
A004,2026-11-09,803,172.0,9.04
A004,2026-11-09,804,174.0,10.03
A004,2026-11-09,805,170.0,8.42
A004,2026-11-09,806,169.0,10.45
A004,2026-11-09,807,168.0,8.82
A004,2026-11-09,808,168.0,9.67
A004,2026-11-09,809,174.0,9.06
A004,2026-11-09,810,171.0,9.26
A004,2026-11-09,811,171.0,8.91
A004,2026-11-09,812,169.0,9.55
A004,2026-11-09,813,169.0,8.8
A004,2026-11-09,814,170.0,8.64
A004,2026-11-09,815,167.0,10.04
A004,2026-11-09,816,168.0,8.95
A004,2026-11-09,817,167.0,8.5
A004,2026-11-09,818,167.0,7.99
A004,2026-11-09,819,168.0,9.98
A004,2026-11-09,820,166.0,8.5
A004,2026-11-09,821,168.0,10.05
A004,2026-11-09,822,168.0,9.03
A004,2026-11-09,823,167.0,8.85
A004,2026-11-09,824,165.0,8.85
A004,2026-11-09,825,167.0,10.06
A004,2026-11-09,826,166.0,7.39
A004,2026-11-09,827,167.0,8.82
A004,2026-11-09,828,169.0,8.51
A004,2026-11-09,829,164.0,8.53
A004,2026-11-09,830,171.0,8.73
A004,2026-11-09,831,166.0,8.47
A004,2026-11-09,832,167.0,8.73
A004,2026-11-09,833,164.0,8.59
A004,2026-11-09,834,168.0,7.8
A004,2026-11-09,835,166.0,8.8
A004,2026-11-09,836,165.0,8.99
A004,2026-11-09,837,164.0,8.23
A004,2026-11-09,838,165.0,9.67
A004,2026-11-09,839,166.0,9.34
A004,2026-11-09,840,166.0,9.04
A004,2026-11-09,841,165.0,9.02
A004,2026-11-09,842,164.0,8.53
A004,2026-11-09,843,164.0,9.2
A004,2026-11-09,844,164.0,9.45
A004,2026-11-09,845,166.0,8.99
A004,2026-11-09,846,167.0,8.16
A004,2026-11-09,847,167.0,8.48
A004,2026-11-09,848,165.0,8.84
A004,2026-11-09,849,166.0,9.0
A004,2026-11-09,850,165.0,8.45
A004,2026-11-09,851,162.0,8.16
A004,2026-11-09,852,165.0,9.46
A004,2026-11-09,853,165.0,7.87
A004,2026-11-09,854,163.0,7.95
A004,2026-11-09,855,164.0,7.72
A004,2026-11-09,856,166.0,7.96
A004,2026-11-09,857,163.0,9.28
A004,2026-11-09,858,164.0,9.31
A004,2026-11-09,859,169.0,8.51
A004,2026-11-09,860,162.0,8.86
A004,2026-11-09,861,165.0,8.56
A004,2026-11-09,862,163.0,7.87
A004,2026-11-09,863,164.0,9.92
A004,2026-11-09,864,166.0,9.43
A004,2026-11-09,865,164.0,8.83
A004,2026-11-09,866,167.0,8.12
A004,2026-11-09,867,169.0,8.52
A004,2026-11-09,868,168.0,8.25
A004,2026-11-09,869,169.0,8.74
A004,2026-11-09,870,164.0,8.89
A004,2026-11-09,871,166.0,8.51
A004,2026-11-09,872,168.0,7.87
A004,2026-11-09,873,169.0,10.04
A004,2026-11-09,874,171.0,8.92
A004,2026-11-09,875,169.0,9.07
A004,2026-11-09,876,169.0,8.57
A004,2026-11-09,877,173.0,7.91
A004,2026-11-09,878,168.0,8.82
A004,2026-11-09,879,167.0,8.7
A004,2026-11-09,880,169.0,9.34
A004,2026-11-09,881,167.0,9.49
A004,2026-11-09,882,169.0,9.43
A004,2026-11-09,883,165.0,9.59
A004,2026-11-09,884,168.0,10.11
A004,2026-11-09,885,169.0,9.29
A004,2026-11-09,886,171.0,9.74
A004,2026-11-09,887,172.0,9.41
A004,2026-11-09,888,168.0,8.0
A004,2026-11-09,889,174.0,9.08
A004,2026-11-09,890,170.0,8.68
A004,2026-11-09,891,171.0,9.37
A004,2026-11-09,892,167.0,8.79
A004,2026-11-09,893,170.0,9.66
A004,2026-11-09,894,173.0,9.92
A004,2026-11-09,895,172.0,10.09
A004,2026-11-09,896,172.0,10.37
A004,2026-11-09,897,172.0,8.43
A004,2026-11-09,898,169.0,8.75
A004,2026-11-09,899,172.0,11.26
A004,2026-11-09,900,175.0,10.14
A004,2026-11-09,901,175.0,9.71
A004,2026-11-09,902,173.0,9.63
A004,2026-11-09,903,176.0,9.61
A004,2026-11-09,904,171.0,8.52
A004,2026-11-09,905,172.0,9.25
A004,2026-11-09,906,178.0,9.69
A004,2026-11-09,907,175.0,9.36
A004,2026-11-09,908,174.0,9.48
A004,2026-11-09,909,175.0,11.4
A004,2026-11-09,910,174.0,9.75
A004,2026-11-09,911,176.0,10.11
A004,2026-11-09,912,176.0,10.13
A004,2026-11-09,913,176.0,10.37
A004,2026-11-09,914,174.0,9.77
A004,2026-11-09,915,177.0,10.85
A004,2026-11-09,916,176.0,10.4
A004,2026-11-09,917,175.0,9.4
A004,2026-11-09,918,180.0,10.15
A004,2026-11-09,919,182.0,10.15
A004,2026-11-09,920,182.0,10.16
A004,2026-11-09,921,179.0,10.64
A004,2026-11-09,922,178.0,10.75
A004,2026-11-09,923,179.0,10.72
A004,2026-11-09,924,180.0,10.65
A004,2026-11-09,925,178.0,10.54
A004,2026-11-09,926,182.0,9.23
A004,2026-11-09,927,176.0,11.03
A004,2026-11-09,928,179.0,10.89
A004,2026-11-09,929,182.0,10.05
A004,2026-11-09,930,179.0,10.85
A004,2026-11-09,931,180.0,11.1
A004,2026-11-09,932,182.0,11.45
A004,2026-11-09,933,184.0,11.09
A004,2026-11-09,934,179.0,11.02
A004,2026-11-09,935,179.0,11.43
A004,2026-11-09,936,180.0,10.71
A004,2026-11-09,937,179.0,11.18
A004,2026-11-09,938,180.0,10.6
A004,2026-11-09,939,181.0,11.67
A004,2026-11-09,940,186.0,10.07
A004,2026-11-09,941,183.0,11.56
A004,2026-11-09,942,184.0,11.12
A004,2026-11-09,943,182.0,11.72
A004,2026-11-09,944,185.0,10.71
A004,2026-11-09,945,188.0,11.26
A004,2026-11-09,946,183.0,11.28
A004,2026-11-09,947,188.0,11.53
A004,2026-11-09,948,186.0,10.68
A004,2026-11-09,949,185.0,11.72
A004,2026-11-09,950,186.0,10.26
A004,2026-11-09,951,186.0,10.99
A004,2026-11-09,952,190.0,10.49
A004,2026-11-09,953,187.0,11.95
A004,2026-11-09,954,187.0,11.72
A004,2026-11-09,955,186.0,11.78
A004,2026-11-09,956,188.0,12.42
A004,2026-11-09,957,185.0,11.37
A004,2026-11-09,958,187.0,11.95
A004,2026-11-09,959,193.0,11.65
A004,2026-11-09,960,182.0,11.58
A004,2026-11-09,961,188.0,12.44
A004,2026-11-09,962,188.0,12.93
A004,2026-11-09,963,187.0,11.44
A004,2026-11-09,964,188.0,12.22
A004,2026-11-09,965,188.0,11.94
A004,2026-11-09,966,188.0,11.96
A004,2026-11-09,967,189.0,11.93
A004,2026-11-09,968,188.0,11.6
A004,2026-11-09,969,193.0,9.67
A004,2026-11-09,970,188.0,12.76
A004,2026-11-09,971,190.0,11.44
A004,2026-11-09,972,188.0,11.72
A004,2026-11-09,973,191.0,11.75
A004,2026-11-09,974,191.0,11.43
A004,2026-11-09,975,190.0,12.05
A004,2026-11-09,976,187.0,11.89
A004,2026-11-09,977,188.0,11.5
A004,2026-11-09,978,193.0,12.03
A004,2026-11-09,979,188.0,11.93
A004,2026-11-09,980,191.0,12.52
A004,2026-11-09,981,188.0,11.16
A004,2026-11-09,982,192.0,11.49
A004,2026-11-09,983,188.0,12.42
A004,2026-11-09,984,188.0,11.6
A004,2026-11-09,985,188.0,11.45
A004,2026-11-09,986,189.0,11.64
A004,2026-11-09,987,191.0,11.94
A004,2026-11-09,988,190.0,11.94
A004,2026-11-09,989,188.0,11.87
A004,2026-11-09,990,190.0,11.38
A004,2026-11-09,991,188.0,12.46
A004,2026-11-09,992,191.0,12.79
A004,2026-11-09,993,192.0,10.85
A004,2026-11-09,994,190.0,11.06
A004,2026-11-09,995,190.0,12.59
A004,2026-11-09,996,193.0,12.92
A004,2026-11-09,997,189.0,10.7
A004,2026-11-09,998,188.0,12.46
A004,2026-11-09,999,191.0,12.94
A004,2026-11-09,1000,187.0,11.44
A004,2026-11-09,1001,189.0,12.89
A004,2026-11-09,1002,188.0,11.83
A004,2026-11-09,1003,188.0,12.11
A004,2026-11-09,1004,189.0,11.48
A004,2026-11-09,1005,191.0,12.5
A004,2026-11-09,1006,191.0,12.39
A004,2026-11-09,1007,191.0,12.91
A004,2026-11-09,1008,190.0,12.72
A004,2026-11-09,1009,188.0,11.83
A004,2026-11-09,1010,184.0,13.69
A004,2026-11-09,1011,189.0,12.62
A004,2026-11-09,1012,184.0,12.11
A004,2026-11-09,1013,184.0,11.17
A004,2026-11-09,1014,188.0,10.83
A004,2026-11-09,1015,189.0,10.86
A004,2026-11-09,1016,187.0,11.15
A004,2026-11-09,1017,191.0,12.51
A004,2026-11-09,1018,188.0,11.96
A004,2026-11-09,1019,187.0,11.27
A004,2026-11-09,1020,190.0,11.53
A004,2026-11-09,1021,190.0,11.44
A004,2026-11-09,1022,188.0,12.05
A004,2026-11-09,1023,185.0,11.01
A004,2026-11-09,1024,185.0,11.72
A004,2026-11-09,1025,183.0,11.67
A004,2026-11-09,1026,186.0,10.95
A004,2026-11-09,1027,184.0,12.38
A004,2026-11-09,1028,185.0,11.22
A004,2026-11-09,1029,186.0,10.78
A004,2026-11-09,1030,181.0,11.85
A004,2026-11-09,1031,183.0,11.34
A004,2026-11-09,1032,184.0,11.52
A004,2026-11-09,1033,184.0,10.54
A004,2026-11-09,1034,183.0,11.7
A004,2026-11-09,1035,184.0,12.49
A004,2026-11-09,1036,182.0,10.39
A004,2026-11-09,1037,181.0,11.33
A004,2026-11-09,1038,182.0,10.61
A004,2026-11-09,1039,183.0,12.66
A004,2026-11-09,1040,182.0,11.76
A004,2026-11-09,1041,183.0,11.15
A004,2026-11-09,1042,183.0,10.21
A004,2026-11-09,1043,184.0,10.31
A004,2026-11-09,1044,181.0,11.32
A004,2026-11-09,1045,179.0,10.02
A004,2026-11-09,1046,184.0,10.0
A004,2026-11-09,1047,182.0,10.76
A004,2026-11-09,1048,179.0,10.8
A004,2026-11-09,1049,181.0,10.91
A004,2026-11-09,1050,182.0,10.38
A004,2026-11-09,1051,184.0,11.16
A004,2026-11-09,1052,180.0,10.05
A004,2026-11-09,1053,182.0,10.91
A004,2026-11-09,1054,177.0,10.62
A004,2026-11-09,1055,179.0,10.82
A004,2026-11-09,1056,178.0,11.13
A004,2026-11-09,1057,179.0,10.1
A004,2026-11-09,1058,181.0,9.94
A004,2026-11-09,1059,178.0,9.29
A004,2026-11-09,1060,176.0,9.05
A004,2026-11-09,1061,175.0,10.12
A004,2026-11-09,1062,180.0,10.12
A004,2026-11-09,1063,178.0,9.49
A004,2026-11-09,1064,177.0,9.58
A004,2026-11-09,1065,176.0,10.98
A004,2026-11-09,1066,177.0,10.55
A004,2026-11-09,1067,174.0,9.23
A004,2026-11-09,1068,176.0,9.69
A004,2026-11-09,1069,173.0,10.16
A004,2026-11-09,1070,,9.5
A004,2026-11-09,1071,173.0,9.35
A004,2026-11-09,1072,168.0,9.6
A004,2026-11-09,1073,173.0,10.42
A004,2026-11-09,1074,172.0,10.43
A004,2026-11-09,1075,173.0,9.25
A004,2026-11-09,1076,173.0,9.93
A004,2026-11-09,1077,177.0,9.61
A004,2026-11-09,1078,173.0,8.97
A004,2026-11-09,1079,173.0,9.36
A004,2026-11-09,1080,173.0,8.75
A004,2026-11-09,1081,174.0,10.17
A004,2026-11-09,1082,173.0,10.37
A004,2026-11-09,1083,172.0,9.16
A004,2026-11-09,1084,173.0,8.98
A004,2026-11-09,1085,166.0,9.97
A004,2026-11-09,1086,175.0,10.03
A004,2026-11-09,1087,174.0,8.6
A004,2026-11-09,1088,171.0,9.15
A004,2026-11-09,1089,167.0,9.17
A004,2026-11-09,1090,172.0,8.71
A004,2026-11-09,1091,168.0,9.38
A004,2026-11-09,1092,171.0,8.7
A004,2026-11-09,1093,167.0,8.76
A004,2026-11-09,1094,174.0,9.0
A004,2026-11-09,1095,166.0,8.14
A004,2026-11-09,1096,169.0,7.77
A004,2026-11-09,1097,164.0,9.53
A004,2026-11-09,1098,168.0,8.5
A004,2026-11-09,1099,167.0,10.2
A004,2026-11-09,1100,170.0,10.08
A004,2026-11-09,1101,167.0,8.57
A004,2026-11-09,1102,170.0,10.25
A004,2026-11-09,1103,165.0,9.39
A004,2026-11-09,1104,167.0,8.42
A004,2026-11-09,1105,167.0,7.23
A004,2026-11-09,1106,168.0,9.18
A004,2026-11-09,1107,168.0,8.76
A004,2026-11-09,1108,168.0,8.98
A004,2026-11-09,1109,167.0,8.57
A004,2026-11-09,1110,168.0,8.0
A004,2026-11-09,1111,165.0,8.41
A004,2026-11-09,1112,167.0,9.08
A004,2026-11-09,1113,169.0,8.43
A004,2026-11-09,1114,163.0,8.41
A004,2026-11-09,1115,167.0,7.7
A004,2026-11-09,1116,167.0,8.65
A004,2026-11-09,1117,169.0,7.92
A004,2026-11-09,1118,167.0,9.12
A004,2026-11-09,1119,166.0,8.12
A004,2026-11-09,1120,166.0,8.37
A004,2026-11-09,1121,164.0,9.84
A004,2026-11-09,1122,165.0,8.35
A004,2026-11-09,1123,163.0,8.26
A004,2026-11-09,1124,168.0,8.87
A004,2026-11-09,1125,166.0,7.44
A004,2026-11-09,1126,163.0,9.26
A004,2026-11-09,1127,166.0,9.1
A004,2026-11-09,1128,168.0,8.82
A004,2026-11-09,1129,167.0,6.48
A004,2026-11-09,1130,163.0,8.34
A004,2026-11-09,1131,159.0,7.74
A004,2026-11-09,1132,166.0,9.17
A004,2026-11-09,1133,163.0,9.13
A004,2026-11-09,1134,166.0,8.74
A004,2026-11-09,1135,167.0,7.79
A004,2026-11-09,1136,168.0,9.41
A004,2026-11-09,1137,169.0,8.36
A004,2026-11-09,1138,168.0,9.6
A004,2026-11-09,1139,169.0,8.69
A004,2026-11-09,1140,168.0,8.84
A004,2026-11-09,1141,168.0,8.27
A004,2026-11-09,1142,166.0,9.4
A004,2026-11-09,1143,163.0,8.93
A004,2026-11-09,1144,171.0,9.44
A004,2026-11-09,1145,166.0,8.69
A004,2026-11-09,1146,168.0,8.57
A004,2026-11-09,1147,165.0,8.97
A004,2026-11-09,1148,168.0,9.49
A004,2026-11-09,1149,161.0,9.25
A004,2026-11-09,1150,165.0,8.74
A004,2026-11-09,1151,166.0,7.56
A004,2026-11-09,1152,167.0,9.17
A004,2026-11-09,1153,169.0,7.84
A004,2026-11-09,1154,165.0,8.75
A004,2026-11-09,1155,168.0,8.67
A004,2026-11-09,1156,170.0,7.91
A004,2026-11-09,1157,172.0,9.01
A004,2026-11-09,1158,169.0,10.1
A004,2026-11-09,1159,167.0,8.64
A004,2026-11-09,1160,165.0,9.31
A004,2026-11-09,1161,172.0,10.29
A004,2026-11-09,1162,170.0,9.42
A004,2026-11-09,1163,168.0,8.54
A004,2026-11-09,1164,165.0,9.09
A004,2026-11-09,1165,167.0,9.27
A004,2026-11-09,1166,170.0,9.86
A004,2026-11-09,1167,170.0,9.76
A004,2026-11-09,1168,165.0,7.4
A004,2026-11-09,1169,171.0,8.57
A004,2026-11-09,1170,166.0,9.08
A004,2026-11-09,1171,173.0,8.54
A004,2026-11-09,1172,170.0,6.96
A004,2026-11-09,1173,169.0,8.77
A004,2026-11-09,1174,172.0,9.24
A004,2026-11-09,1175,171.0,8.96
A004,2026-11-09,1176,174.0,8.71
A004,2026-11-09,1177,171.0,9.36
A004,2026-11-09,1178,172.0,9.58
A004,2026-11-09,1179,171.0,9.12
A004,2026-11-09,1180,172.0,10.26
A004,2026-11-09,1181,175.0,9.51
A004,2026-11-09,1182,171.0,8.99
A004,2026-11-09,1183,174.0,8.87
A004,2026-11-09,1184,171.0,9.45
A004,2026-11-09,1185,169.0,10.28
A004,2026-11-09,1186,174.0,9.16
A004,2026-11-09,1187,174.0,10.05
A004,2026-11-09,1188,174.0,9.78
A004,2026-11-09,1189,171.0,10.96
A004,2026-11-09,1190,175.0,10.04
A004,2026-11-09,1191,175.0,9.42
A004,2026-11-09,1192,173.0,10.32
A004,2026-11-09,1193,172.0,10.38
A004,2026-11-09,1194,175.0,9.72
A004,2026-11-09,1195,177.0,9.29
A004,2026-11-09,1196,177.0,10.35
A004,2026-11-09,1197,175.0,10.11
A004,2026-11-09,1198,177.0,9.2
A004,2026-11-09,1199,179.0,10.3
A004,2026-11-09,1200,175.0,9.8
A004,2026-11-09,1201,178.0,9.32
A004,2026-11-09,1202,180.0,10.05
A004,2026-11-09,1203,175.0,11.07
A004,2026-11-09,1204,181.0,11.07
A004,2026-11-09,1205,182.0,10.95
A004,2026-11-09,1206,178.0,10.58
A004,2026-11-09,1207,178.0,10.81
A004,2026-11-09,1208,181.0,10.55
A004,2026-11-09,1209,179.0,9.87
A004,2026-11-09,1210,175.0,10.03
A004,2026-11-09,1211,180.0,10.25
A004,2026-11-09,1212,181.0,11.49
A004,2026-11-09,1213,182.0,11.33
A004,2026-11-09,1214,179.0,10.08
A004,2026-11-09,1215,181.0,10.79
A004,2026-11-09,1216,183.0,10.56
A004,2026-11-09,1217,182.0,10.74
A004,2026-11-09,1218,179.0,10.55
A004,2026-11-09,1219,185.0,11.75
A004,2026-11-09,1220,182.0,10.93
A004,2026-11-09,1221,185.0,11.11
A004,2026-11-09,1222,180.0,11.15
A004,2026-11-09,1223,183.0,10.43
A004,2026-11-09,1224,184.0,11.15
A004,2026-11-09,1225,184.0,11.75
A004,2026-11-09,1226,182.0,12.03
A004,2026-11-09,1227,179.0,10.5
A004,2026-11-09,1228,187.0,10.31
A004,2026-11-09,1229,185.0,11.29
A004,2026-11-09,1230,187.0,11.95
A004,2026-11-09,1231,187.0,11.53
A004,2026-11-09,1232,186.0,11.75
A004,2026-11-09,1233,185.0,10.56
A004,2026-11-09,1234,187.0,11.06
A004,2026-11-09,1235,189.0,10.11
A004,2026-11-09,1236,186.0,11.37
A004,2026-11-09,1237,190.0,10.19
A004,2026-11-09,1238,183.0,12.31
A004,2026-11-09,1239,183.0,12.47
A004,2026-11-09,1240,189.0,11.65
A004,2026-11-09,1241,185.0,10.68
A004,2026-11-09,1242,191.0,11.84
A004,2026-11-09,1243,190.0,12.76
A004,2026-11-09,1244,191.0,11.95
A004,2026-11-09,1245,189.0,12.4
A004,2026-11-09,1246,186.0,11.42
A004,2026-11-09,1247,185.0,11.21
A004,2026-11-09,1248,191.0,11.71
A004,2026-11-09,1249,185.0,10.61
A004,2026-11-09,1250,192.0,13.15
A004,2026-11-09,1251,190.0,11.89
A004,2026-11-09,1252,189.0,12.34
A004,2026-11-09,1253,190.0,11.56
A004,2026-11-09,1254,190.0,10.93
A004,2026-11-09,1255,189.0,12.73
A004,2026-11-09,1256,192.0,11.21
A004,2026-11-09,1257,192.0,12.11
A004,2026-11-09,1258,190.0,12.18
A004,2026-11-09,1259,188.0,11.97
A004,2026-11-09,1260,192.0,11.46
A004,2026-11-09,1261,185.0,11.85
A004,2026-11-09,1262,190.0,11.38
A004,2026-11-09,1263,191.0,12.45
A004,2026-11-09,1264,188.0,12.31
A004,2026-11-09,1265,192.0,11.96
A004,2026-11-09,1266,190.0,11.64
A004,2026-11-09,1267,189.0,13.25
A004,2026-11-09,1268,192.0,11.21
A004,2026-11-09,1269,188.0,11.07
A004,2026-11-09,1270,192.0,11.95
A004,2026-11-09,1271,186.0,11.84
A004,2026-11-09,1272,190.0,12.66
A004,2026-11-09,1273,190.0,12.39
A004,2026-11-09,1274,189.0,12.02
A004,2026-11-09,1275,191.0,12.3
A004,2026-11-09,1276,190.0,12.28
A004,2026-11-09,1277,192.0,13.25
A004,2026-11-09,1278,191.0,12.14
A004,2026-11-09,1279,191.0,11.57
A004,2026-11-09,1280,190.0,12.09
A004,2026-11-09,1281,189.0,10.4
A004,2026-11-09,1282,189.0,11.94
A004,2026-11-09,1283,190.0,12.61
A004,2026-11-09,1284,189.0,12.3
A004,2026-11-09,1285,192.0,12.11
A004,2026-11-09,1286,190.0,12.31
A004,2026-11-09,1287,190.0,12.57
A004,2026-11-09,1288,186.0,12.75
A004,2026-11-09,1289,191.0,12.15
A004,2026-11-09,1290,188.0,11.68
A004,2026-11-09,1291,187.0,10.46
A004,2026-11-09,1292,192.0,12.42
A004,2026-11-09,1293,190.0,12.13
A004,2026-11-09,1294,190.0,11.89
A004,2026-11-09,1295,189.0,11.37
A004,2026-11-09,1296,188.0,12.34
A004,2026-11-09,1297,188.0,11.59
A004,2026-11-09,1298,190.0,11.7
A004,2026-11-09,1299,190.0,11.67
A004,2026-11-09,1300,188.0,11.95
A004,2026-11-09,1301,192.0,10.97
A004,2026-11-09,1302,187.0,11.97
A004,2026-11-09,1303,184.0,11.18
A004,2026-11-09,1304,184.0,11.17
A004,2026-11-09,1305,183.0,12.09
A004,2026-11-09,1306,186.0,10.94
A004,2026-11-09,1307,186.0,12.04
A004,2026-11-09,1308,188.0,11.54
A004,2026-11-09,1309,186.0,10.46
A004,2026-11-09,1310,188.0,12.24
A004,2026-11-09,1311,186.0,11.58
A004,2026-11-09,1312,185.0,11.6
A004,2026-11-09,1313,184.0,11.94
A004,2026-11-09,1314,188.0,12.2
A004,2026-11-09,1315,182.0,11.39
A004,2026-11-09,1316,185.0,11.61
A004,2026-11-09,1317,184.0,11.43
A004,2026-11-09,1318,186.0,10.97
A004,2026-11-09,1319,184.0,10.19
A004,2026-11-09,1320,184.0,11.24
A004,2026-11-09,1321,183.0,11.9
A004,2026-11-09,1322,186.0,11.39
A004,2026-11-09,1323,183.0,10.36
A004,2026-11-09,1324,187.0,11.63
A004,2026-11-09,1325,183.0,10.75
A004,2026-11-09,1326,182.0,9.64
A004,2026-11-09,1327,182.0,11.47
A004,2026-11-09,1328,183.0,10.26
A004,2026-11-09,1329,180.0,11.86
A004,2026-11-09,1330,181.0,11.44
A004,2026-11-09,1331,181.0,10.58
A004,2026-11-09,1332,181.0,10.95
A004,2026-11-09,1333,181.0,12.09
A004,2026-11-09,1334,181.0,11.2
A004,2026-11-09,1335,180.0,10.7
A004,2026-11-09,1336,183.0,12.26
A004,2026-11-09,1337,180.0,10.55
A004,2026-11-09,1338,184.0,10.79
A004,2026-11-09,1339,179.0,9.84
A004,2026-11-09,1340,180.0,9.36
A004,2026-11-09,1341,177.0,10.16
A004,2026-11-09,1342,181.0,10.31
A004,2026-11-09,1343,176.0,10.45
A004,2026-11-09,1344,178.0,9.36
A004,2026-11-09,1345,176.0,10.57
A004,2026-11-09,1346,178.0,9.64
A004,2026-11-09,1347,176.0,10.46
A004,2026-11-09,1348,175.0,10.62
A004,2026-11-09,1349,175.0,9.78
A004,2026-11-09,1350,179.0,9.4
A004,2026-11-09,1351,176.0,10.87
A004,2026-11-09,1352,173.0,10.43
A004,2026-11-09,1353,177.0,9.96
A004,2026-11-09,1354,173.0,10.71
A004,2026-11-09,1355,176.0,9.84
A004,2026-11-09,1356,175.0,9.38
A004,2026-11-09,1357,175.0,9.11
A004,2026-11-09,1358,177.0,9.61
A004,2026-11-09,1359,172.0,10.1
A004,2026-11-09,1360,174.0,10.44
A004,2026-11-09,1361,175.0,9.58
A004,2026-11-09,1362,171.0,10.26
A004,2026-11-09,1363,171.0,9.37
A004,2026-11-09,1364,171.0,8.99
A004,2026-11-09,1365,172.0,8.65
A004,2026-11-09,1366,169.0,9.09
A004,2026-11-09,1367,172.0,8.6
A004,2026-11-09,1368,168.0,10.53
A004,2026-11-09,1369,173.0,9.56
A004,2026-11-09,1370,172.0,9.21
A004,2026-11-09,1371,174.0,10.26
A004,2026-11-09,1372,171.0,8.42
A004,2026-11-09,1373,169.0,9.09
A004,2026-11-09,1374,168.0,10.34
A004,2026-11-09,1375,170.0,9.02
A004,2026-11-09,1376,169.0,10.55
A004,2026-11-09,1377,171.0,9.52
A004,2026-11-09,1378,167.0,9.81
A004,2026-11-09,1379,173.0,9.8
A004,2026-11-09,1380,171.0,8.97
A004,2026-11-09,1381,168.0,8.65
A004,2026-11-09,1382,172.0,8.85
A004,2026-11-09,1383,166.0,8.3
A004,2026-11-09,1384,168.0,8.83
A004,2026-11-09,1385,165.0,8.84
A004,2026-11-09,1386,171.0,9.84
A004,2026-11-09,1387,164.0,9.16
A004,2026-11-09,1388,164.0,10.2
A004,2026-11-09,1389,166.0,7.46
A004,2026-11-09,1390,170.0,8.01
A004,2026-11-09,1391,169.0,8.51
A004,2026-11-09,1392,167.0,9.6
A004,2026-11-09,1393,169.0,8.62
A004,2026-11-09,1394,166.0,7.78
A004,2026-11-09,1395,167.0,8.5
A004,2026-11-09,1396,169.0,7.92
A004,2026-11-09,1397,166.0,7.78
A004,2026-11-09,1398,164.0,9.8
A004,2026-11-09,1399,167.0,8.38
A004,2026-11-09,1400,167.0,8.68
A004,2026-11-09,1401,166.0,8.51
A004,2026-11-09,1402,168.0,8.41
A004,2026-11-09,1403,165.0,8.04
A004,2026-11-09,1404,166.0,8.35
A004,2026-11-09,1405,166.0,8.74
A004,2026-11-09,1406,166.0,9.38
A004,2026-11-09,1407,169.0,9.09
A004,2026-11-09,1408,166.0,7.78
A004,2026-11-09,1409,165.0,9.1
A004,2026-11-09,1410,166.0,8.79
A004,2026-11-09,1411,167.0,8.13
A004,2026-11-09,1412,167.0,8.61
A004,2026-11-09,1413,167.0,8.84
A004,2026-11-09,1414,162.0,8.53
A004,2026-11-09,1415,160.0,8.79
A004,2026-11-09,1416,168.0,7.98
A004,2026-11-09,1417,166.0,9.7
A004,2026-11-09,1418,165.0,7.35
A004,2026-11-09,1419,167.0,8.86
A004,2026-11-09,1420,169.0,8.74
A004,2026-11-09,1421,168.0,8.91
A004,2026-11-09,1422,167.0,8.1
A004,2026-11-09,1423,164.0,9.24
A004,2026-11-09,1424,164.0,8.48
A004,2026-11-09,1425,161.0,7.84
A004,2026-11-09,1426,167.0,7.91
A004,2026-11-09,1427,168.0,8.65
A004,2026-11-09,1428,168.0,7.63
A004,2026-11-09,1429,167.0,9.68
A004,2026-11-09,1430,166.0,9.24
A004,2026-11-09,1431,165.0,9.72
A004,2026-11-09,1432,165.0,9.68
A004,2026-11-09,1433,166.0,8.45
A004,2026-11-09,1434,165.0,8.15
A004,2026-11-09,1435,170.0,7.09
A004,2026-11-09,1436,164.0,8.47
A004,2026-11-09,1437,166.0,9.79
A004,2026-11-09,1438,163.0,8.25
A004,2026-11-09,1439,168.0,8.64
A004,2026-11-09,1440,167.0,8.46
A004,2026-11-09,1441,167.0,9.04
A004,2026-11-09,1442,166.0,9.61
A004,2026-11-09,1443,168.0,7.93
A004,2026-11-09,1444,167.0,8.07
A004,2026-11-09,1445,168.0,9.8
A004,2026-11-09,1446,172.0,9.37
A004,2026-11-09,1447,169.0,8.8
A004,2026-11-09,1448,170.0,10.01
A004,2026-11-09,1449,168.0,8.19
A004,2026-11-09,1450,167.0,9.6
A004,2026-11-09,1451,169.0,9.03
A004,2026-11-09,1452,174.0,9.46
A004,2026-11-09,1453,169.0,7.69
A004,2026-11-09,1454,171.0,9.0
A004,2026-11-09,1455,168.0,9.63
A004,2026-11-09,1456,165.0,9.18
A004,2026-11-09,1457,169.0,10.0
A004,2026-11-09,1458,175.0,10.01
A004,2026-11-09,1459,172.0,8.74
A004,2026-11-09,1460,174.0,9.84
A004,2026-11-09,1461,171.0,8.78
A004,2026-11-09,1462,167.0,9.45
A004,2026-11-09,1463,170.0,9.84
A004,2026-11-09,1464,173.0,8.98
A004,2026-11-09,1465,173.0,9.99
A004,2026-11-09,1466,173.0,9.25
A004,2026-11-09,1467,172.0,9.24
A004,2026-11-09,1468,175.0,10.05
A004,2026-11-09,1469,172.0,9.16
A004,2026-11-09,1470,174.0,9.17
A004,2026-11-09,1471,174.0,10.36
A004,2026-11-09,1472,173.0,9.84
A004,2026-11-09,1473,173.0,8.94
A004,2026-11-09,1474,174.0,10.36
A004,2026-11-09,1475,179.0,9.64
A004,2026-11-09,1476,177.0,9.08
A004,2026-11-09,1477,178.0,8.46
A004,2026-11-09,1478,174.0,10.54
A004,2026-11-09,1479,173.0,9.52
A004,2026-11-09,1480,179.0,9.33
A004,2026-11-09,1481,178.0,10.5
A004,2026-11-09,1482,177.0,10.64
A004,2026-11-09,1483,176.0,9.72
A004,2026-11-09,1484,175.0,10.78
A004,2026-11-09,1485,179.0,11.51
A004,2026-11-09,1486,180.0,11.12
A004,2026-11-09,1487,177.0,11.07
A004,2026-11-09,1488,177.0,10.58
A004,2026-11-09,1489,181.0,10.16
A004,2026-11-09,1490,178.0,10.43
A004,2026-11-09,1491,183.0,10.77
A004,2026-11-09,1492,179.0,9.79
A004,2026-11-09,1493,179.0,10.12
A004,2026-11-09,1494,180.0,9.76
A004,2026-11-09,1495,180.0,10.8
A004,2026-11-09,1496,183.0,10.75
A004,2026-11-09,1497,183.0,10.34
A004,2026-11-09,1498,183.0,11.26
A004,2026-11-09,1499,182.0,10.18
A004,2026-11-09,1500,181.0,10.43
A004,2026-11-09,1501,182.0,11.35
A004,2026-11-09,1502,181.0,11.47
A004,2026-11-09,1503,185.0,10.48
A004,2026-11-09,1504,185.0,11.13
A004,2026-11-09,1505,183.0,10.56
A004,2026-11-09,1506,181.0,10.94
A004,2026-11-09,1507,187.0,11.18
A004,2026-11-09,1508,184.0,11.46
A004,2026-11-09,1509,184.0,11.35
A004,2026-11-09,1510,187.0,11.36
A004,2026-11-09,1511,183.0,10.58
A004,2026-11-09,1512,184.0,11.49
A004,2026-11-09,1513,184.0,11.62
A004,2026-11-09,1514,182.0,11.73
A004,2026-11-09,1515,186.0,10.92
A004,2026-11-09,1516,184.0,11.93
A004,2026-11-09,1517,185.0,10.62
A004,2026-11-09,1518,185.0,11.18
A004,2026-11-09,1519,185.0,11.3
A004,2026-11-09,1520,185.0,10.74
A004,2026-11-09,1521,187.0,11.35
A004,2026-11-09,1522,186.0,11.68
A004,2026-11-09,1523,187.0,10.48
A004,2026-11-09,1524,192.0,11.36
A004,2026-11-09,1525,187.0,10.57
A004,2026-11-09,1526,189.0,12.87
A004,2026-11-09,1527,189.0,11.8
A004,2026-11-09,1528,188.0,11.77
A004,2026-11-09,1529,188.0,11.85
A004,2026-11-09,1530,188.0,12.1
A004,2026-11-09,1531,189.0,12.34
A004,2026-11-09,1532,187.0,10.84
A004,2026-11-09,1533,187.0,12.58
A004,2026-11-09,1534,189.0,12.56
A004,2026-11-09,1535,185.0,11.79
A004,2026-11-09,1536,192.0,11.77
A004,2026-11-09,1537,193.0,10.0
A004,2026-11-09,1538,189.0,11.13
A004,2026-11-09,1539,190.0,12.2
A004,2026-11-09,1540,191.0,12.62
A004,2026-11-09,1541,187.0,12.35
A004,2026-11-09,1542,191.0,11.88
A004,2026-11-09,1543,189.0,13.09
A004,2026-11-09,1544,194.0,12.55
A004,2026-11-09,1545,189.0,11.72
A004,2026-11-09,1546,191.0,13.27
A004,2026-11-09,1547,189.0,11.31
A004,2026-11-09,1548,194.0,11.1
A004,2026-11-09,1549,189.0,11.73
A004,2026-11-09,1550,192.0,11.53
A004,2026-11-09,1551,191.0,11.77
A004,2026-11-09,1552,191.0,12.47
A004,2026-11-09,1553,190.0,11.98
A004,2026-11-09,1554,189.0,11.99
A004,2026-11-09,1555,185.0,12.04
A004,2026-11-09,1556,192.0,10.61
A004,2026-11-09,1557,189.0,11.09
A004,2026-11-09,1558,192.0,11.77
A004,2026-11-09,1559,191.0,11.49
A004,2026-11-09,1560,192.0,11.85
A004,2026-11-09,1561,191.0,12.83
A004,2026-11-09,1562,185.0,11.93
A004,2026-11-09,1563,191.0,11.18
A004,2026-11-09,1564,189.0,11.49
A004,2026-11-09,1565,192.0,12.98
A004,2026-11-09,1566,191.0,12.87
A004,2026-11-09,1567,191.0,12.3
A004,2026-11-09,1568,189.0,10.99
A004,2026-11-09,1569,187.0,12.1
A004,2026-11-09,1570,188.0,12.14
A004,2026-11-09,1571,186.0,11.91
A004,2026-11-09,1572,188.0,11.54
A004,2026-11-09,1573,186.0,11.65
A004,2026-11-09,1574,186.0,11.46
A004,2026-11-09,1575,189.0,11.14
A004,2026-11-09,1576,190.0,12.63
A004,2026-11-09,1577,188.0,12.33
A004,2026-11-09,1578,187.0,11.61
A004,2026-11-09,1579,186.0,11.97
A004,2026-11-09,1580,187.0,11.97
A004,2026-11-09,1581,186.0,13.12
A004,2026-11-09,1582,188.0,12.22
A004,2026-11-09,1583,185.0,12.17
A004,2026-11-09,1584,189.0,11.67
A004,2026-11-09,1585,186.0,11.37
A004,2026-11-09,1586,188.0,12.43
A004,2026-11-09,1587,189.0,11.97
A004,2026-11-09,1588,187.0,11.05
A004,2026-11-09,1589,188.0,11.8
A004,2026-11-09,1590,182.0,12.0
A004,2026-11-09,1591,185.0,10.21
A004,2026-11-09,1592,188.0,10.89
A004,2026-11-09,1593,187.0,11.63
A004,2026-11-09,1594,189.0,10.23
A004,2026-11-09,1595,,10.3
A004,2026-11-09,1596,186.0,11.16
A004,2026-11-09,1597,184.0,11.59
A004,2026-11-09,1598,183.0,11.59
A004,2026-11-09,1599,184.0,12.18
A004,2026-11-09,1600,183.0,11.25
A004,2026-11-09,1601,183.0,10.94
A004,2026-11-09,1602,182.0,10.35
A004,2026-11-09,1603,184.0,10.87
A004,2026-11-09,1604,187.0,11.49
A004,2026-11-09,1605,185.0,11.48
A004,2026-11-09,1606,182.0,11.15
A004,2026-11-09,1607,185.0,11.29
A004,2026-11-09,1608,183.0,11.69
A004,2026-11-09,1609,182.0,10.93
A004,2026-11-09,1610,182.0,11.67
A004,2026-11-09,1611,181.0,10.38
A004,2026-11-09,1612,183.0,10.73
A004,2026-11-09,1613,181.0,10.45
A004,2026-11-09,1614,179.0,11.18
A004,2026-11-09,1615,179.0,10.06
A004,2026-11-09,1616,181.0,10.43
A004,2026-11-09,1617,181.0,9.47
A004,2026-11-09,1618,179.0,10.91
A004,2026-11-09,1619,177.0,11.26
A004,2026-11-09,1620,182.0,11.02
A004,2026-11-09,1621,181.0,10.92
A004,2026-11-09,1622,175.0,10.9
A004,2026-11-09,1623,181.0,10.78
A004,2026-11-09,1624,178.0,10.69
A004,2026-11-09,1625,178.0,10.69
A004,2026-11-09,1626,180.0,9.85
A004,2026-11-09,1627,181.0,10.08
A004,2026-11-09,1628,179.0,10.21
A004,2026-11-09,1629,177.0,9.92
A004,2026-11-09,1630,174.0,9.15
A004,2026-11-09,1631,172.0,9.31
A004,2026-11-09,1632,178.0,10.15
A004,2026-11-09,1633,178.0,10.51
A004,2026-11-09,1634,174.0,9.94
A004,2026-11-09,1635,175.0,11.55
A004,2026-11-09,1636,174.0,9.3
A004,2026-11-09,1637,173.0,10.08
A004,2026-11-09,1638,176.0,10.56
A004,2026-11-09,1639,174.0,10.38
A004,2026-11-09,1640,173.0,10.1
A004,2026-11-09,1641,179.0,10.31
A004,2026-11-09,1642,170.0,9.67
A004,2026-11-09,1643,174.0,10.59
A004,2026-11-09,1644,171.0,10.33
A004,2026-11-09,1645,172.0,9.01
A004,2026-11-09,1646,172.0,9.68
A004,2026-11-09,1647,174.0,8.53
A004,2026-11-09,1648,171.0,10.33
A004,2026-11-09,1649,171.0,9.52
A004,2026-11-09,1650,171.0,10.16
A004,2026-11-09,1651,169.0,9.25
A004,2026-11-09,1652,172.0,8.17
A004,2026-11-09,1653,171.0,10.84
A004,2026-11-09,1654,171.0,9.3
A004,2026-11-09,1655,170.0,8.59
A004,2026-11-09,1656,169.0,9.85
A004,2026-11-09,1657,172.0,10.35
A004,2026-11-09,1658,172.0,8.98
A004,2026-11-09,1659,172.0,9.01
A004,2026-11-09,1660,170.0,9.19
A004,2026-11-09,1661,172.0,8.35
A004,2026-11-09,1662,168.0,8.57
A004,2026-11-09,1663,168.0,10.03
A004,2026-11-09,1664,171.0,8.86
A004,2026-11-09,1665,170.0,8.41
A004,2026-11-09,1666,167.0,8.61
A004,2026-11-09,1667,166.0,9.51
A004,2026-11-09,1668,167.0,7.65
A004,2026-11-09,1669,166.0,8.97
A004,2026-11-09,1670,171.0,10.27
A004,2026-11-09,1671,169.0,9.99
A004,2026-11-09,1672,165.0,9.1
A004,2026-11-09,1673,165.0,9.52
A004,2026-11-09,1674,165.0,9.5
A004,2026-11-09,1675,165.0,8.62
A004,2026-11-09,1676,166.0,9.23
A004,2026-11-09,1677,169.0,9.73
A004,2026-11-09,1678,164.0,7.89
A004,2026-11-09,1679,171.0,8.98
A004,2026-11-09,1680,164.0,8.83
A004,2026-11-09,1681,163.0,8.66
A004,2026-11-09,1682,169.0,8.6
A004,2026-11-09,1683,168.0,8.72
A004,2026-11-09,1684,165.0,8.76
A004,2026-11-09,1685,166.0,9.23
A004,2026-11-09,1686,166.0,8.83
A004,2026-11-09,1687,166.0,8.43
A004,2026-11-09,1688,163.0,8.03
A004,2026-11-09,1689,160.0,8.24
A004,2026-11-09,1690,164.0,8.67
A004,2026-11-09,1691,169.0,8.09
A004,2026-11-09,1692,169.0,9.08
A004,2026-11-09,1693,165.0,8.76
A004,2026-11-09,1694,163.0,9.19
A004,2026-11-09,1695,166.0,8.12
A004,2026-11-09,1696,166.0,8.0
A004,2026-11-09,1697,166.0,9.18
A004,2026-11-09,1698,160.0,8.58
A004,2026-11-09,1699,172.0,8.38
A004,2026-11-09,1700,168.0,8.92
A004,2026-11-09,1701,165.0,8.91
A004,2026-11-09,1702,164.0,7.76
A004,2026-11-09,1703,167.0,9.35
A004,2026-11-09,1704,166.0,8.28
A004,2026-11-09,1705,166.0,9.55
A004,2026-11-09,1706,166.0,7.74
A004,2026-11-09,1707,165.0,8.74
A004,2026-11-09,1708,166.0,8.45
A004,2026-11-09,1709,167.0,7.38
A004,2026-11-09,1710,,8.97
A004,2026-11-09,1711,166.0,7.44
A004,2026-11-09,1712,169.0,8.43
A004,2026-11-09,1713,163.0,9.28
A004,2026-11-09,1714,165.0,8.31
A004,2026-11-09,1715,166.0,8.1
A004,2026-11-09,1716,165.0,9.14
A004,2026-11-09,1717,166.0,8.53
A004,2026-11-09,1718,169.0,8.45
A004,2026-11-09,1719,166.0,9.48
A004,2026-11-09,1720,163.0,8.03
A004,2026-11-09,1721,166.0,8.48
A004,2026-11-09,1722,167.0,9.29
A004,2026-11-09,1723,167.0,8.06
A004,2026-11-09,1724,169.0,9.88
A004,2026-11-09,1725,169.0,8.71
A004,2026-11-09,1726,168.0,9.39
A004,2026-11-09,1727,166.0,9.41
A004,2026-11-09,1728,167.0,8.82
A004,2026-11-09,1729,167.0,8.65
A004,2026-11-09,1730,168.0,8.94
A004,2026-11-09,1731,170.0,9.42
A004,2026-11-09,1732,170.0,8.43
A004,2026-11-09,1733,171.0,8.32
A004,2026-11-09,1734,169.0,9.96
A004,2026-11-09,1735,172.0,8.66
A004,2026-11-09,1736,171.0,9.35
A004,2026-11-09,1737,170.0,9.04
A004,2026-11-09,1738,171.0,9.1
A004,2026-11-09,1739,169.0,10.08
A004,2026-11-09,1740,166.0,9.21
A004,2026-11-09,1741,170.0,9.08
A004,2026-11-09,1742,173.0,9.16
A004,2026-11-09,1743,171.0,9.05
A004,2026-11-09,1744,171.0,8.99
A004,2026-11-09,1745,170.0,9.12
A004,2026-11-09,1746,168.0,10.46
A004,2026-11-09,1747,175.0,9.92
A004,2026-11-09,1748,172.0,9.32
A004,2026-11-09,1749,172.0,10.15
A004,2026-11-09,1750,172.0,8.65
A004,2026-11-09,1751,176.0,10.46
A004,2026-11-09,1752,175.0,10.45
A004,2026-11-09,1753,172.0,11.05
A004,2026-11-09,1754,176.0,10.35
A004,2026-11-09,1755,174.0,10.05
A004,2026-11-09,1756,173.0,10.6
A004,2026-11-09,1757,174.0,9.48
A004,2026-11-09,1758,174.0,9.66
A004,2026-11-09,1759,173.0,9.9
A004,2026-11-09,1760,177.0,10.79
A004,2026-11-09,1761,175.0,9.5
A004,2026-11-09,1762,177.0,9.47
A004,2026-11-09,1763,177.0,10.23
A004,2026-11-09,1764,178.0,10.56
A004,2026-11-09,1765,173.0,9.74
A004,2026-11-09,1766,176.0,10.61
A004,2026-11-09,1767,179.0,11.07
A004,2026-11-09,1768,175.0,11.0
A004,2026-11-09,1769,179.0,10.53
A004,2026-11-09,1770,176.0,10.31
A004,2026-11-09,1771,179.0,11.44
A004,2026-11-09,1772,182.0,10.45
A004,2026-11-09,1773,181.0,11.04
A004,2026-11-09,1774,176.0,11.69
A004,2026-11-09,1775,181.0,11.06
A004,2026-11-09,1776,184.0,9.99
A004,2026-11-09,1777,186.0,9.89
A004,2026-11-09,1778,181.0,10.49
A004,2026-11-09,1779,178.0,11.13
A004,2026-11-09,1780,182.0,11.01
A004,2026-11-09,1781,184.0,12.1
A004,2026-11-09,1782,181.0,11.08
A004,2026-11-09,1783,184.0,10.66
A004,2026-11-09,1784,180.0,10.21
A004,2026-11-09,1785,183.0,11.63
A004,2026-11-09,1786,178.0,10.96
A004,2026-11-09,1787,181.0,10.09
A004,2026-11-09,1788,183.0,11.05
A004,2026-11-09,1789,183.0,10.47
A004,2026-11-09,1790,181.0,10.85
A004,2026-11-09,1791,183.0,11.14
A004,2026-11-09,1792,185.0,10.63
A004,2026-11-09,1793,184.0,10.91
A004,2026-11-09,1794,185.0,10.79
A004,2026-11-09,1795,186.0,10.83
A004,2026-11-09,1796,184.0,10.69
A004,2026-11-09,1797,188.0,11.04
A004,2026-11-09,1798,183.0,10.82
A004,2026-11-09,1799,189.0,11.74
A004,2026-11-09,1800,188.0,11.54
A004,2026-11-09,1801,185.0,12.16
A004,2026-11-09,1802,186.0,12.61
A004,2026-11-09,1803,187.0,11.91
A004,2026-11-09,1804,188.0,11.8
A004,2026-11-09,1805,189.0,12.0
A004,2026-11-09,1806,184.0,11.86
A004,2026-11-09,1807,188.0,11.64
A004,2026-11-09,1808,183.0,11.61
A004,2026-11-09,1809,187.0,11.04
A004,2026-11-09,1810,191.0,12.18
A004,2026-11-09,1811,185.0,11.68
A004,2026-11-09,1812,185.0,12.59
A004,2026-11-09,1813,189.0,12.29
A004,2026-11-09,1814,191.0,11.38
A004,2026-11-09,1815,189.0,12.53
A004,2026-11-09,1816,185.0,10.26
A004,2026-11-09,1817,185.0,12.97
A004,2026-11-09,1818,189.0,11.03
A004,2026-11-09,1819,186.0,12.15
A004,2026-11-09,1820,189.0,12.12
A004,2026-11-09,1821,189.0,12.55
A004,2026-11-09,1822,188.0,11.7
A004,2026-11-09,1823,193.0,10.62
A004,2026-11-09,1824,191.0,11.72
A004,2026-11-09,1825,192.0,11.8
A004,2026-11-09,1826,191.0,10.71
A004,2026-11-09,1827,189.0,11.98
A004,2026-11-09,1828,189.0,11.31
A004,2026-11-09,1829,189.0,12.36
A004,2026-11-09,1830,191.0,11.83
A004,2026-11-09,1831,188.0,13.16
A004,2026-11-09,1832,193.0,11.83
A004,2026-11-09,1833,188.0,12.25
A004,2026-11-09,1834,190.0,11.87
A004,2026-11-09,1835,189.0,11.02
A004,2026-11-09,1836,189.0,11.88
A004,2026-11-09,1837,194.0,12.45
A004,2026-11-09,1838,189.0,12.36
A004,2026-11-09,1839,189.0,11.82
A004,2026-11-09,1840,189.0,11.12
A004,2026-11-09,1841,190.0,12.38
A004,2026-11-09,1842,190.0,12.24
A004,2026-11-09,1843,188.0,12.49
A004,2026-11-09,1844,189.0,11.82
A004,2026-11-09,1845,191.0,10.97
A004,2026-11-09,1846,192.0,12.29
A004,2026-11-09,1847,190.0,11.96
A004,2026-11-09,1848,190.0,12.79
A004,2026-11-09,1849,189.0,11.96
A004,2026-11-09,1850,188.0,11.91
A004,2026-11-09,1851,188.0,12.18
A004,2026-11-09,1852,186.0,11.56
A004,2026-11-09,1853,188.0,11.51
A004,2026-11-09,1854,191.0,11.83
A004,2026-11-09,1855,188.0,11.32
A004,2026-11-09,1856,188.0,11.72
A004,2026-11-09,1857,188.0,13.01
A004,2026-11-09,1858,191.0,12.45
A004,2026-11-09,1859,187.0,11.99
A004,2026-11-09,1860,189.0,12.72
A004,2026-11-09,1861,188.0,11.28
A004,2026-11-09,1862,188.0,13.25
A004,2026-11-09,1863,189.0,11.46
A004,2026-11-09,1864,188.0,12.91
A004,2026-11-09,1865,189.0,12.89
A004,2026-11-09,1866,188.0,10.62
A004,2026-11-09,1867,191.0,12.53
A004,2026-11-09,1868,187.0,11.45
A004,2026-11-09,1869,184.0,11.26
A004,2026-11-09,1870,188.0,11.89
A004,2026-11-09,1871,187.0,10.94
A004,2026-11-09,1872,187.0,11.82
A004,2026-11-09,1873,186.0,10.93
A004,2026-11-09,1874,182.0,11.57
A004,2026-11-09,1875,182.0,12.24
A004,2026-11-09,1876,189.0,11.64
A004,2026-11-09,1877,184.0,11.16
A004,2026-11-09,1878,187.0,11.67
A004,2026-11-09,1879,182.0,10.47
A004,2026-11-09,1880,183.0,10.78
A004,2026-11-09,1881,186.0,11.0
A004,2026-11-09,1882,,11.69
A004,2026-11-09,1883,185.0,11.43
A004,2026-11-09,1884,184.0,11.48
A004,2026-11-09,1885,183.0,11.11
A004,2026-11-09,1886,182.0,10.62
A004,2026-11-09,1887,181.0,11.95
A004,2026-11-09,1888,186.0,10.6
A004,2026-11-09,1889,186.0,11.24
A004,2026-11-09,1890,180.0,10.88
A004,2026-11-09,1891,180.0,11.25
A004,2026-11-09,1892,181.0,10.51
A004,2026-11-09,1893,182.0,11.47
A004,2026-11-09,1894,181.0,11.63
A004,2026-11-09,1895,182.0,11.36
A004,2026-11-09,1896,181.0,10.83
A004,2026-11-09,1897,180.0,10.43
A004,2026-11-09,1898,185.0,12.35
A004,2026-11-09,1899,179.0,10.02
A004,2026-11-09,1900,183.0,11.11
A004,2026-11-09,1901,183.0,10.74
A004,2026-11-09,1902,180.0,10.47
A004,2026-11-09,1903,175.0,10.58
A004,2026-11-09,1904,179.0,10.12
A004,2026-11-09,1905,177.0,10.64
A004,2026-11-09,1906,178.0,10.54
A004,2026-11-09,1907,176.0,11.92
A004,2026-11-09,1908,179.0,10.91
A004,2026-11-09,1909,179.0,10.54
A004,2026-11-09,1910,179.0,10.54
A004,2026-11-09,1911,176.0,11.26
A004,2026-11-09,1912,174.0,9.53
A004,2026-11-09,1913,177.0,9.97
A004,2026-11-09,1914,180.0,8.89
A004,2026-11-09,1915,176.0,10.33
A004,2026-11-09,1916,176.0,10.47
A004,2026-11-09,1917,175.0,9.32
A004,2026-11-09,1918,174.0,10.75
A004,2026-11-09,1919,176.0,9.41
A004,2026-11-09,1920,174.0,9.6
A004,2026-11-09,1921,175.0,9.84
A004,2026-11-09,1922,175.0,10.69
A004,2026-11-09,1923,174.0,9.18
A004,2026-11-09,1924,175.0,9.83
A004,2026-11-09,1925,171.0,10.09
A004,2026-11-09,1926,171.0,9.93
A004,2026-11-09,1927,173.0,9.91
A004,2026-11-09,1928,172.0,9.97
A004,2026-11-09,1929,171.0,9.15
A004,2026-11-09,1930,172.0,10.46
A004,2026-11-09,1931,173.0,9.34
A004,2026-11-09,1932,174.0,9.23
A004,2026-11-09,1933,174.0,10.15
A004,2026-11-09,1934,168.0,8.93
A004,2026-11-09,1935,168.0,9.47
A004,2026-11-09,1936,170.0,8.81
A004,2026-11-09,1937,170.0,10.73
A004,2026-11-09,1938,170.0,10.57
A004,2026-11-09,1939,169.0,9.09
A004,2026-11-09,1940,169.0,9.44
A004,2026-11-09,1941,170.0,9.1
A004,2026-11-09,1942,167.0,8.86
A004,2026-11-09,1943,174.0,9.11
A004,2026-11-09,1944,169.0,8.98
A004,2026-11-09,1945,171.0,8.07
A004,2026-11-09,1946,167.0,9.11
A004,2026-11-09,1947,169.0,8.9
A004,2026-11-09,1948,168.0,9.09
A004,2026-11-09,1949,170.0,8.83
A004,2026-11-09,1950,167.0,8.64
A004,2026-11-09,1951,171.0,9.36
A004,2026-11-09,1952,164.0,9.13
A004,2026-11-09,1953,169.0,9.63
A004,2026-11-09,1954,167.0,9.06
A004,2026-11-09,1955,165.0,8.63
A004,2026-11-09,1956,171.0,9.1
A004,2026-11-09,1957,170.0,7.52
A004,2026-11-09,1958,162.0,9.95
A004,2026-11-09,1959,167.0,8.84
A004,2026-11-09,1960,168.0,9.97
A004,2026-11-09,1961,167.0,8.12
A004,2026-11-09,1962,169.0,7.96
A004,2026-11-09,1963,169.0,8.83
A004,2026-11-09,1964,166.0,8.82
A004,2026-11-09,1965,170.0,8.79
A004,2026-11-09,1966,168.0,8.69
A004,2026-11-09,1967,165.0,8.19
A004,2026-11-09,1968,165.0,7.66
A004,2026-11-09,1969,168.0,8.71
A004,2026-11-09,1970,164.0,7.77
A004,2026-11-09,1971,165.0,7.7
A004,2026-11-09,1972,165.0,8.29
A004,2026-11-09,1973,166.0,8.77
A004,2026-11-09,1974,165.0,9.7
A004,2026-11-09,1975,163.0,9.1
A004,2026-11-09,1976,168.0,9.36
A004,2026-11-09,1977,164.0,8.89
A004,2026-11-09,1978,169.0,8.72
A004,2026-11-09,1979,166.0,10.0
A004,2026-11-09,1980,168.0,7.71
A004,2026-11-09,1981,166.0,8.25
A004,2026-11-09,1982,168.0,8.3
A004,2026-11-09,1983,166.0,9.04
A004,2026-11-09,1984,166.0,7.92
A004,2026-11-09,1985,168.0,8.97
A004,2026-11-09,1986,170.0,8.87
A004,2026-11-09,1987,165.0,9.01
A004,2026-11-09,1988,167.0,9.01
A004,2026-11-09,1989,166.0,9.46
A004,2026-11-09,1990,167.0,8.52
A004,2026-11-09,1991,166.0,8.88
A004,2026-11-09,1992,161.0,8.13
A004,2026-11-09,1993,165.0,8.0
A004,2026-11-09,1994,168.0,9.65
A004,2026-11-09,1995,164.0,8.12
A004,2026-11-09,1996,168.0,9.01
A004,2026-11-09,1997,167.0,8.95
A004,2026-11-09,1998,166.0,9.36
A004,2026-11-09,1999,168.0,7.67
A004,2026-11-09,2000,168.0,9.22
A004,2026-11-09,2001,167.0,8.67
A004,2026-11-09,2002,169.0,8.36
A004,2026-11-09,2003,167.0,8.59
A004,2026-11-09,2004,164.0,9.38
A004,2026-11-09,2005,166.0,9.22
A004,2026-11-09,2006,164.0,8.72
A004,2026-11-09,2007,169.0,8.14
A004,2026-11-09,2008,169.0,8.21
A004,2026-11-09,2009,170.0,9.32
A004,2026-11-09,2010,169.0,8.13
A004,2026-11-09,2011,170.0,8.85
A004,2026-11-09,2012,165.0,10.55
A004,2026-11-09,2013,168.0,9.25
A004,2026-11-09,2014,166.0,9.44
A004,2026-11-09,2015,168.0,8.39
A004,2026-11-09,2016,172.0,8.32
A004,2026-11-09,2017,172.0,9.56
A004,2026-11-09,2018,171.0,8.94
A004,2026-11-09,2019,169.0,9.85
A004,2026-11-09,2020,168.0,9.26
A004,2026-11-09,2021,171.0,11.34
A004,2026-11-09,2022,173.0,8.95
A004,2026-11-09,2023,171.0,9.5
A004,2026-11-09,2024,168.0,8.82
A004,2026-11-09,2025,171.0,10.01
A004,2026-11-09,2026,167.0,9.69
A004,2026-11-09,2027,173.0,8.88
A004,2026-11-09,2028,170.0,9.3
A004,2026-11-09,2029,170.0,10.35
A004,2026-11-09,2030,174.0,10.31
A004,2026-11-09,2031,174.0,8.75
A004,2026-11-09,2032,173.0,9.35
A004,2026-11-09,2033,177.0,10.76
A004,2026-11-09,2034,175.0,9.6
A004,2026-11-09,2035,172.0,9.85
A004,2026-11-09,2036,175.0,10.39
A004,2026-11-09,2037,174.0,9.02
A004,2026-11-09,2038,177.0,9.29
A004,2026-11-09,2039,175.0,9.7
A004,2026-11-09,2040,176.0,10.65
A004,2026-11-09,2041,172.0,10.53
A004,2026-11-09,2042,175.0,10.35
A004,2026-11-09,2043,175.0,9.83
A004,2026-11-09,2044,173.0,10.58
A004,2026-11-09,2045,174.0,9.81
A004,2026-11-09,2046,175.0,10.24
A004,2026-11-09,2047,175.0,10.43
A004,2026-11-09,2048,172.0,10.9
A004,2026-11-09,2049,174.0,9.84
A004,2026-11-09,2050,173.0,9.65
A004,2026-11-09,2051,175.0,10.63
A004,2026-11-09,2052,174.0,10.67
A004,2026-11-09,2053,173.0,9.51
A004,2026-11-09,2054,173.0,9.17
A004,2026-11-09,2055,174.0,10.55
A004,2026-11-09,2056,176.0,8.83
A004,2026-11-09,2057,175.0,8.79
A004,2026-11-09,2058,177.0,9.63
A004,2026-11-09,2059,176.0,9.79
A004,2026-11-09,2060,177.0,9.08
A004,2026-11-09,2061,176.0,9.84
A004,2026-11-09,2062,177.0,9.85
A004,2026-11-09,2063,171.0,9.39
A004,2026-11-09,2064,175.0,10.89
A004,2026-11-09,2065,176.0,9.92
A004,2026-11-09,2066,176.0,10.32
A004,2026-11-09,2067,172.0,8.76
A004,2026-11-09,2068,174.0,8.74
A004,2026-11-09,2069,173.0,9.88
A004,2026-11-09,2070,177.0,10.7
A004,2026-11-09,2071,170.0,8.97
A004,2026-11-09,2072,171.0,9.64
A004,2026-11-09,2073,169.0,8.8
A004,2026-11-09,2074,173.0,9.09
A004,2026-11-09,2075,177.0,9.62
A004,2026-11-09,2076,172.0,9.19
A004,2026-11-09,2077,172.0,8.69
A004,2026-11-09,2078,173.0,8.65
A004,2026-11-09,2079,172.0,8.3
A004,2026-11-09,2080,172.0,9.7
A004,2026-11-09,2081,172.0,9.75
A004,2026-11-09,2082,,9.72
A004,2026-11-09,2083,171.0,8.8
A004,2026-11-09,2084,172.0,9.92
A004,2026-11-09,2085,173.0,9.72
A004,2026-11-09,2086,173.0,9.28
A004,2026-11-09,2087,171.0,9.15
A004,2026-11-09,2088,171.0,8.83
A004,2026-11-09,2089,172.0,9.31
A004,2026-11-09,2090,169.0,10.14
A004,2026-11-09,2091,168.0,9.82
A004,2026-11-09,2092,169.0,8.95
A004,2026-11-09,2093,167.0,9.4
A004,2026-11-09,2094,170.0,8.39
A004,2026-11-09,2095,171.0,9.45
A004,2026-11-09,2096,167.0,8.49
A004,2026-11-09,2097,169.0,9.37
A004,2026-11-09,2098,167.0,10.7
A004,2026-11-09,2099,166.0,8.54
A004,2026-11-09,2100,172.0,10.6
A004,2026-11-09,2101,165.0,9.11
A004,2026-11-09,2102,165.0,8.33
A004,2026-11-09,2103,167.0,8.26
A004,2026-11-09,2104,167.0,10.12
A004,2026-11-09,2105,168.0,8.96
A004,2026-11-09,2106,170.0,8.29
A004,2026-11-09,2107,164.0,8.46
A004,2026-11-09,2108,164.0,8.8
A004,2026-11-09,2109,168.0,8.5
A004,2026-11-09,2110,167.0,8.67
A004,2026-11-09,2111,166.0,9.48
A004,2026-11-09,2112,163.0,7.7
A004,2026-11-09,2113,166.0,8.72
A004,2026-11-09,2114,165.0,8.24
A004,2026-11-09,2115,164.0,7.94
A004,2026-11-09,2116,162.0,8.84
A004,2026-11-09,2117,,7.27
A004,2026-11-09,2118,166.0,6.68
A004,2026-11-09,2119,160.0,8.18
A004,2026-11-09,2120,160.0,7.92
A004,2026-11-09,2121,160.0,7.14
A004,2026-11-09,2122,160.0,6.87
A004,2026-11-09,2123,161.0,9.01
A004,2026-11-09,2124,162.0,8.07
A004,2026-11-09,2125,161.0,7.76
A004,2026-11-09,2126,160.0,9.01
A004,2026-11-09,2127,160.0,8.25
A004,2026-11-09,2128,160.0,8.64
A004,2026-11-09,2129,155.0,6.82
A004,2026-11-09,2130,160.0,6.74
A004,2026-11-09,2131,156.0,7.79
A004,2026-11-09,2132,156.0,7.61
A004,2026-11-09,2133,,8.05
A004,2026-11-09,2134,156.0,6.26
A004,2026-11-09,2135,157.0,7.61
A004,2026-11-09,2136,156.0,7.72
A004,2026-11-09,2137,155.0,7.63
A004,2026-11-09,2138,158.0,6.76
A004,2026-11-09,2139,156.0,7.26
A004,2026-11-09,2140,154.0,6.42
A004,2026-11-09,2141,155.0,6.65
A004,2026-11-09,2142,152.0,6.13
A004,2026-11-09,2143,157.0,6.24
A004,2026-11-09,2144,150.0,6.49
A004,2026-11-09,2145,152.0,6.28
A004,2026-11-09,2146,151.0,6.05
A004,2026-11-09,2147,150.0,5.66
A004,2026-11-09,2148,149.0,7.56
A004,2026-11-09,2149,148.0,6.01
A004,2026-11-09,2150,152.0,6.45
A004,2026-11-09,2151,146.0,5.13
A004,2026-11-09,2152,150.0,6.93
A004,2026-11-09,2153,149.0,6.15
A004,2026-11-09,2154,147.0,5.72
A004,2026-11-09,2155,148.0,5.66
A004,2026-11-09,2156,146.0,6.37
A004,2026-11-09,2157,144.0,4.01
A004,2026-11-09,2158,143.0,5.22
A004,2026-11-09,2159,146.0,5.58
A004,2026-11-09,2160,146.0,5.5
A004,2026-11-09,2161,145.0,7.02
A004,2026-11-09,2162,143.0,5.24
A004,2026-11-09,2163,143.0,5.97
A004,2026-11-09,2164,142.0,6.39
A004,2026-11-09,2165,139.0,5.64
A004,2026-11-09,2166,142.0,4.76
A004,2026-11-09,2167,142.0,4.33
A004,2026-11-09,2168,141.0,5.48
A004,2026-11-09,2169,144.0,5.95
A004,2026-11-09,2170,138.0,5.22
A004,2026-11-09,2171,138.0,5.56
A004,2026-11-09,2172,139.0,6.31
A004,2026-11-09,2173,139.0,5.18
A004,2026-11-09,2174,134.0,3.95
A004,2026-11-09,2175,139.0,4.57
A004,2026-11-09,2176,137.0,5.3
A004,2026-11-09,2177,132.0,4.25
A004,2026-11-09,2178,136.0,5.24
A004,2026-11-09,2179,134.0,4.22
A004,2026-11-09,2180,134.0,4.4
A004,2026-11-09,2181,132.0,3.92
A004,2026-11-09,2182,135.0,4.15
A004,2026-11-09,2183,137.0,4.12
A004,2026-11-09,2184,133.0,2.95
A004,2026-11-09,2185,128.0,3.58
A004,2026-11-09,2186,133.0,3.04
A004,2026-11-09,2187,131.0,3.47
A004,2026-11-09,2188,129.0,3.17
A004,2026-11-09,2189,131.0,4.18
A004,2026-11-09,2190,132.0,4.12
A004,2026-11-09,2191,128.0,3.78
A004,2026-11-09,2192,126.0,2.61
A004,2026-11-09,2193,125.0,3.25
A004,2026-11-09,2194,127.0,2.43
A004,2026-11-09,2195,127.0,3.08
A004,2026-11-09,2196,126.0,3.49
A004,2026-11-09,2197,125.0,3.63
A004,2026-11-09,2198,127.0,3.26
A004,2026-11-09,2199,127.0,3.66
A004,2026-11-09,2200,126.0,3.0
A004,2026-11-09,2201,126.0,2.63
A004,2026-11-09,2202,123.0,3.23
A004,2026-11-09,2203,122.0,3.19
A004,2026-11-09,2204,122.0,2.27
A004,2026-11-09,2205,122.0,2.74
A004,2026-11-09,2206,118.0,2.28
A004,2026-11-09,2207,121.0,1.19
A004,2026-11-09,2208,124.0,2.59
A004,2026-11-09,2209,123.0,1.49
A004,2026-11-09,2210,122.0,2.4
A004,2026-11-09,2211,121.0,1.22
A004,2026-11-09,2212,123.0,1.65
A004,2026-11-09,2213,117.0,1.76
A004,2026-11-09,2214,117.0,2.72
A004,2026-11-09,2215,121.0,1.68
A004,2026-11-09,2216,118.0,1.36
A004,2026-11-09,2217,116.0,2.22
A004,2026-11-09,2218,119.0,1.87
A004,2026-11-09,2219,116.0,2.47
A004,2026-11-09,2220,115.0,1.39
A004,2026-11-09,2221,114.0,2.13
A004,2026-11-09,2222,116.0,3.48
A004,2026-11-09,2223,116.0,1.86
A004,2026-11-09,2224,118.0,2.11
A004,2026-11-09,2225,114.0,1.0
A004,2026-11-09,2226,114.0,1.49
A004,2026-11-09,2227,117.0,2.28
A004,2026-11-09,2228,115.0,1.8
A004,2026-11-09,2229,113.0,2.37
A004,2026-11-09,2230,110.0,2.25
A004,2026-11-09,2231,111.0,1.21
A004,2026-11-09,2232,110.0,2.61
A004,2026-11-09,2233,112.0,1.25
A004,2026-11-09,2234,110.0,1.54
A004,2026-11-09,2235,114.0,2.14
A004,2026-11-09,2236,107.0,2.94
A004,2026-11-09,2237,108.0,1.4
A004,2026-11-09,2238,110.0,2.09
A004,2026-11-09,2239,110.0,2.09
A004,2026-11-09,2240,104.0,2.39
A004,2026-11-09,2241,105.0,2.71
A004,2026-11-09,2242,108.0,1.76
A004,2026-11-09,2243,111.0,2.61
A004,2026-11-09,2244,111.0,2.8
A004,2026-11-09,2245,107.0,3.07
A004,2026-11-09,2246,107.0,2.3
A004,2026-11-09,2247,105.0,2.09
A004,2026-11-09,2248,108.0,1.72
A004,2026-11-09,2249,109.0,1.12
A004,2026-11-09,2250,108.0,1.83
A004,2026-11-09,2251,105.0,2.07
A004,2026-11-09,2252,103.0,1.93
A004,2026-11-09,2253,105.0,2.36
A004,2026-11-09,2254,107.0,1.13
A004,2026-11-09,2255,103.0,1.89
A004,2026-11-09,2256,100.0,3.2
A004,2026-11-09,2257,103.0,2.6
A004,2026-11-09,2258,103.0,2.37
A004,2026-11-09,2259,99.0,2.23
A004,2026-11-09,2260,103.0,1.78
A004,2026-11-09,2261,103.0,0.95
A004,2026-11-09,2262,106.0,2.27
A004,2026-11-09,2263,99.0,0.53
A004,2026-11-09,2264,103.0,1.8
A004,2026-11-09,2265,103.0,2.0
A004,2026-11-09,2266,102.0,1.73
A004,2026-11-09,2267,99.0,3.3
A004,2026-11-09,2268,98.0,3.09
A004,2026-11-09,2269,100.0,2.62
A004,2026-11-09,2270,100.0,1.44
A004,2026-11-09,2271,99.0,3.15
A004,2026-11-09,2272,102.0,2.37
A004,2026-11-09,2273,98.0,1.43
A004,2026-11-09,2274,95.0,2.02
A004,2026-11-09,2275,98.0,2.58
A004,2026-11-09,2276,99.0,1.64
A004,2026-11-09,2277,99.0,2.08
A004,2026-11-09,2278,99.0,2.19
A004,2026-11-09,2279,101.0,1.34
A004,2026-11-09,2280,95.0,1.84
A004,2026-11-09,2281,96.0,1.38
A004,2026-11-09,2282,100.0,2.52
A004,2026-11-09,2283,93.0,1.46
A004,2026-11-09,2284,96.0,2.18
A004,2026-11-09,2285,99.0,1.17
A004,2026-11-09,2286,98.0,1.32
A004,2026-11-09,2287,97.0,1.29
A004,2026-11-09,2288,97.0,1.83
A004,2026-11-09,2289,93.0,2.11
A004,2026-11-09,2290,98.0,2.22
A004,2026-11-09,2291,92.0,0.94
A004,2026-11-09,2292,92.0,1.9
A004,2026-11-09,2293,95.0,1.55
A004,2026-11-09,2294,93.0,2.32
A004,2026-11-09,2295,94.0,1.84
A004,2026-11-09,2296,94.0,1.95
A004,2026-11-09,2297,97.0,1.55
A004,2026-11-09,2298,94.0,3.03
A004,2026-11-09,2299,92.0,1.23
A004,2026-11-09,2300,94.0,1.76
A004,2026-11-09,2301,91.0,2.06
A004,2026-11-09,2302,94.0,1.85
A004,2026-11-09,2303,92.0,1.54
A004,2026-11-09,2304,92.0,0.91
A004,2026-11-09,2305,88.0,1.59
A004,2026-11-09,2306,87.0,1.42
A004,2026-11-09,2307,88.0,3.01
A004,2026-11-09,2308,94.0,3.36
A004,2026-11-09,2309,88.0,1.97
A004,2026-11-09,2310,92.0,1.16
A004,2026-11-09,2311,89.0,2.44
A004,2026-11-09,2312,89.0,1.41
A004,2026-11-09,2313,89.0,1.67
A004,2026-11-09,2314,92.0,1.62
A004,2026-11-09,2315,90.0,1.7
A004,2026-11-09,2316,89.0,1.79
A004,2026-11-09,2317,91.0,1.21
A004,2026-11-09,2318,87.0,1.58
A004,2026-11-09,2319,90.0,2.61
A004,2026-11-09,2320,90.0,1.98
A004,2026-11-09,2321,89.0,2.08
A004,2026-11-09,2322,87.0,0.66
A004,2026-11-09,2323,86.0,2.57
A004,2026-11-09,2324,85.0,1.59
A004,2026-11-09,2325,85.0,2.67
A004,2026-11-09,2326,84.0,2.09
A004,2026-11-09,2327,87.0,1.66
A004,2026-11-09,2328,85.0,0.99
A004,2026-11-09,2329,86.0,3.3
A004,2026-11-09,2330,86.0,2.48
A004,2026-11-09,2331,83.0,2.52
A004,2026-11-09,2332,82.0,3.09
A004,2026-11-09,2333,84.0,2.13
A004,2026-11-09,2334,83.0,2.81
A004,2026-11-09,2335,82.0,1.71
A004,2026-11-09,2336,88.0,2.44
A004,2026-11-09,2337,81.0,1.62
A004,2026-11-09,2338,88.0,1.7
A004,2026-11-09,2339,85.0,2.06
A004,2026-11-09,2340,86.0,1.24
A004,2026-11-09,2341,86.0,2.2
A004,2026-11-09,2342,85.0,1.81
A004,2026-11-09,2343,87.0,0.81
A004,2026-11-09,2344,82.0,1.73
A004,2026-11-09,2345,84.0,1.79
A004,2026-11-09,2346,82.0,2.51
A004,2026-11-09,2347,81.0,2.17
A004,2026-11-09,2348,83.0,2.87
A004,2026-11-09,2349,88.0,2.31
A004,2026-11-09,2350,84.0,1.67
A004,2026-11-09,2351,88.0,1.96
A004,2026-11-09,2352,88.0,1.79
A004,2026-11-09,2353,90.0,2.29
A004,2026-11-09,2354,88.0,2.04
A004,2026-11-09,2355,89.0,1.62
A004,2026-11-09,2356,85.0,2.01
A004,2026-11-09,2357,85.0,2.28
A004,2026-11-09,2358,85.0,1.4
A004,2026-11-09,2359,84.0,2.19
A004,2026-11-09,2360,84.0,1.05
A004,2026-11-09,2361,86.0,2.66
A004,2026-11-09,2362,83.0,2.32
A004,2026-11-09,2363,81.0,2.98
A004,2026-11-09,2364,85.0,1.33
A004,2026-11-09,2365,83.0,2.68
A004,2026-11-09,2366,83.0,2.56
A004,2026-11-09,2367,84.0,1.89
A004,2026-11-09,2368,83.0,1.77
A004,2026-11-09,2369,86.0,1.35
A004,2026-11-09,2370,84.0,1.19
A004,2026-11-09,2371,86.0,1.55
A004,2026-11-09,2372,85.0,1.25
A004,2026-11-09,2373,84.0,2.96
A004,2026-11-09,2374,84.0,1.1
A004,2026-11-09,2375,82.0,2.09
A004,2026-11-09,2376,85.0,2.26
A004,2026-11-09,2377,86.0,2.21
A004,2026-11-09,2378,86.0,2.27
A004,2026-11-09,2379,81.0,2.57
A004,2026-11-09,2380,81.0,1.73
A004,2026-11-09,2381,83.0,2.05
A004,2026-11-09,2382,87.0,1.82
A004,2026-11-09,2383,85.0,2.78
A004,2026-11-09,2384,83.0,3.26
A004,2026-11-09,2385,81.0,1.28
A004,2026-11-09,2386,83.0,0.78
A004,2026-11-09,2387,83.0,2.34
A004,2026-11-09,2388,86.0,2.64
A004,2026-11-09,2389,86.0,3.17
A004,2026-11-09,2390,82.0,2.44
A004,2026-11-09,2391,86.0,2.84
A004,2026-11-09,2392,85.0,3.0
A004,2026-11-09,2393,82.0,2.88
A004,2026-11-09,2394,84.0,2.53
A004,2026-11-09,2395,85.0,1.23
A004,2026-11-09,2396,84.0,1.99
A004,2026-11-09,2397,81.0,2.18
A004,2026-11-09,2398,84.0,1.94
A004,2026-11-09,2399,85.0,1.98
A005,2026-11-09,0,88.0,1.42
A005,2026-11-09,1,92.0,2.11
A005,2026-11-09,2,91.0,2.51
A005,2026-11-09,3,88.0,1.82
A005,2026-11-09,4,88.0,2.82
A005,2026-11-09,5,87.0,1.74
A005,2026-11-09,6,91.0,1.93
A005,2026-11-09,7,90.0,1.4
A005,2026-11-09,8,88.0,2.08
A005,2026-11-09,9,86.0,2.0
A005,2026-11-09,10,91.0,2.38
A005,2026-11-09,11,90.0,1.62
A005,2026-11-09,12,89.0,1.59
A005,2026-11-09,13,88.0,2.28
A005,2026-11-09,14,89.0,2.84
A005,2026-11-09,15,91.0,2.38
A005,2026-11-09,16,89.0,3.11
A005,2026-11-09,17,88.0,2.33
A005,2026-11-09,18,90.0,2.31
A005,2026-11-09,19,92.0,2.41
A005,2026-11-09,20,90.0,2.89
A005,2026-11-09,21,90.0,2.74
A005,2026-11-09,22,89.0,1.35
A005,2026-11-09,23,88.0,2.48
A005,2026-11-09,24,88.0,2.16
A005,2026-11-09,25,87.0,1.88
A005,2026-11-09,26,92.0,0.94
A005,2026-11-09,27,91.0,1.08
A005,2026-11-09,28,90.0,1.78
A005,2026-11-09,29,91.0,1.12
A005,2026-11-09,30,91.0,1.79
A005,2026-11-09,31,88.0,2.43
A005,2026-11-09,32,89.0,1.65
A005,2026-11-09,33,89.0,2.05
A005,2026-11-09,34,95.0,1.36
A005,2026-11-09,35,92.0,2.18
A005,2026-11-09,36,90.0,2.3
A005,2026-11-09,37,93.0,1.15
A005,2026-11-09,38,92.0,1.55
A005,2026-11-09,39,87.0,1.24
A005,2026-11-09,40,90.0,2.31
A005,2026-11-09,41,90.0,2.1
A005,2026-11-09,42,91.0,1.97
A005,2026-11-09,43,90.0,1.92
A005,2026-11-09,44,90.0,2.19
A005,2026-11-09,45,89.0,2.21
A005,2026-11-09,46,92.0,1.7
A005,2026-11-09,47,87.0,1.62
A005,2026-11-09,48,89.0,1.96
A005,2026-11-09,49,86.0,1.89
A005,2026-11-09,50,88.0,3.24
A005,2026-11-09,51,91.0,1.77
A005,2026-11-09,52,91.0,2.17
A005,2026-11-09,53,89.0,2.28
A005,2026-11-09,54,92.0,2.84
A005,2026-11-09,55,93.0,1.51
A005,2026-11-09,56,90.0,2.8
A005,2026-11-09,57,90.0,1.91
A005,2026-11-09,58,89.0,3.5
A005,2026-11-09,59,91.0,2.22
A005,2026-11-09,60,88.0,1.26
A005,2026-11-09,61,94.0,1.88
A005,2026-11-09,62,92.0,2.8
A005,2026-11-09,63,88.0,2.05
A005,2026-11-09,64,88.0,1.96
A005,2026-11-09,65,91.0,2.43
A005,2026-11-09,66,89.0,1.79
A005,2026-11-09,67,91.0,1.87
A005,2026-11-09,68,89.0,1.43
A005,2026-11-09,69,93.0,3.04
A005,2026-11-09,70,90.0,1.27
A005,2026-11-09,71,95.0,2.1
A005,2026-11-09,72,91.0,2.29
A005,2026-11-09,73,87.0,1.99
A005,2026-11-09,74,94.0,1.25
A005,2026-11-09,75,92.0,1.4
A005,2026-11-09,76,91.0,2.31
A005,2026-11-09,77,91.0,1.53
A005,2026-11-09,78,88.0,0.76
A005,2026-11-09,79,86.0,2.23
A005,2026-11-09,80,90.0,1.48
A005,2026-11-09,81,93.0,2.38
A005,2026-11-09,82,91.0,1.88
A005,2026-11-09,83,93.0,1.85
A005,2026-11-09,84,93.0,2.03
A005,2026-11-09,85,90.0,1.32
A005,2026-11-09,86,92.0,1.5
A005,2026-11-09,87,93.0,1.84
A005,2026-11-09,88,90.0,1.31
A005,2026-11-09,89,90.0,2.43
A005,2026-11-09,90,91.0,1.82
A005,2026-11-09,91,87.0,1.13
A005,2026-11-09,92,92.0,1.66
A005,2026-11-09,93,93.0,2.06
A005,2026-11-09,94,93.0,1.73
A005,2026-11-09,95,93.0,2.24
A005,2026-11-09,96,93.0,2.34
A005,2026-11-09,97,89.0,3.44
A005,2026-11-09,98,97.0,2.69
A005,2026-11-09,99,93.0,1.02
A005,2026-11-09,100,93.0,1.78
A005,2026-11-09,101,97.0,1.84
A005,2026-11-09,102,97.0,2.35
A005,2026-11-09,103,95.0,1.44
A005,2026-11-09,104,97.0,1.68
A005,2026-11-09,105,93.0,1.25
A005,2026-11-09,106,96.0,1.64
A005,2026-11-09,107,99.0,1.66
A005,2026-11-09,108,95.0,1.81
A005,2026-11-09,109,95.0,1.29
A005,2026-11-09,110,97.0,2.59
A005,2026-11-09,111,97.0,2.28
A005,2026-11-09,112,99.0,1.13
A005,2026-11-09,113,95.0,2.02
A005,2026-11-09,114,93.0,1.06
A005,2026-11-09,115,100.0,2.81
A005,2026-11-09,116,96.0,2.97
A005,2026-11-09,117,98.0,1.97
A005,2026-11-09,118,95.0,1.49
A005,2026-11-09,119,101.0,1.6
A005,2026-11-09,120,100.0,1.73
A005,2026-11-09,121,100.0,1.94
A005,2026-11-09,122,101.0,2.82
A005,2026-11-09,123,96.0,2.57
A005,2026-11-09,124,99.0,2.58
A005,2026-11-09,125,100.0,2.1
A005,2026-11-09,126,100.0,1.31
A005,2026-11-09,127,101.0,1.54
A005,2026-11-09,128,102.0,2.04
A005,2026-11-09,129,104.0,1.28
A005,2026-11-09,130,99.0,2.18
A005,2026-11-09,131,103.0,2.48
A005,2026-11-09,132,104.0,2.33
A005,2026-11-09,133,101.0,2.3
A005,2026-11-09,134,103.0,0.88
A005,2026-11-09,135,105.0,2.8
A005,2026-11-09,136,104.0,1.06
A005,2026-11-09,137,105.0,1.91
A005,2026-11-09,138,105.0,2.37
A005,2026-11-09,139,104.0,2.22
A005,2026-11-09,140,103.0,1.23
A005,2026-11-09,141,106.0,1.34
A005,2026-11-09,142,106.0,2.17
A005,2026-11-09,143,104.0,2.31
A005,2026-11-09,144,107.0,1.34
A005,2026-11-09,145,109.0,2.24
A005,2026-11-09,146,105.0,1.09
A005,2026-11-09,147,105.0,2.37
A005,2026-11-09,148,105.0,1.47
A005,2026-11-09,149,104.0,2.05
A005,2026-11-09,150,111.0,1.95
A005,2026-11-09,151,107.0,2.7
A005,2026-11-09,152,106.0,2.15
A005,2026-11-09,153,106.0,1.64
A005,2026-11-09,154,107.0,2.22
A005,2026-11-09,155,107.0,3.29
A005,2026-11-09,156,112.0,2.44
A005,2026-11-09,157,106.0,1.96
A005,2026-11-09,158,106.0,1.5
A005,2026-11-09,159,110.0,1.63
A005,2026-11-09,160,109.0,2.41
A005,2026-11-09,161,109.0,1.47
A005,2026-11-09,162,111.0,2.0
A005,2026-11-09,163,110.0,2.86
A005,2026-11-09,164,110.0,2.09
A005,2026-11-09,165,108.0,1.35
A005,2026-11-09,166,107.0,3.31
A005,2026-11-09,167,110.0,3.06
A005,2026-11-09,168,109.0,2.3
A005,2026-11-09,169,112.0,2.77
A005,2026-11-09,170,108.0,1.84
A005,2026-11-09,171,111.0,2.43
A005,2026-11-09,172,112.0,1.75
A005,2026-11-09,173,112.0,1.19
A005,2026-11-09,174,113.0,3.56
A005,2026-11-09,175,112.0,1.16
A005,2026-11-09,176,111.0,2.18
A005,2026-11-09,177,115.0,2.17
A005,2026-11-09,178,112.0,2.31
A005,2026-11-09,179,116.0,1.95
A005,2026-11-09,180,113.0,1.95
A005,2026-11-09,181,114.0,2.08
A005,2026-11-09,182,113.0,2.29
A005,2026-11-09,183,114.0,2.0
A005,2026-11-09,184,113.0,1.96
A005,2026-11-09,185,114.0,1.21
A005,2026-11-09,186,117.0,3.21
A005,2026-11-09,187,117.0,2.32
A005,2026-11-09,188,117.0,2.13
A005,2026-11-09,189,112.0,1.63
A005,2026-11-09,190,113.0,1.4
A005,2026-11-09,191,116.0,2.52
A005,2026-11-09,192,117.0,1.9
A005,2026-11-09,193,114.0,2.37
A005,2026-11-09,194,114.0,1.19
A005,2026-11-09,195,118.0,2.93
A005,2026-11-09,196,117.0,2.54
A005,2026-11-09,197,118.0,1.95
A005,2026-11-09,198,115.0,2.28
A005,2026-11-09,199,115.0,2.44
A005,2026-11-09,200,118.0,1.2
A005,2026-11-09,201,116.0,3.01
A005,2026-11-09,202,115.0,2.29
A005,2026-11-09,203,115.0,1.58
A005,2026-11-09,204,116.0,1.34
A005,2026-11-09,205,119.0,2.59
A005,2026-11-09,206,114.0,2.13
A005,2026-11-09,207,118.0,2.29
A005,2026-11-09,208,116.0,2.02
A005,2026-11-09,209,117.0,1.4
A005,2026-11-09,210,117.0,2.31
A005,2026-11-09,211,117.0,1.88
A005,2026-11-09,212,117.0,1.99
A005,2026-11-09,213,117.0,3.43
A005,2026-11-09,214,117.0,2.52
A005,2026-11-09,215,121.0,2.56
A005,2026-11-09,216,118.0,3.63
A005,2026-11-09,217,118.0,2.23
A005,2026-11-09,218,117.0,2.07
A005,2026-11-09,219,118.0,1.59
A005,2026-11-09,220,117.0,1.73
A005,2026-11-09,221,120.0,0.77
A005,2026-11-09,222,117.0,2.47
A005,2026-11-09,223,114.0,1.24
A005,2026-11-09,224,119.0,2.54
A005,2026-11-09,225,119.0,1.97
A005,2026-11-09,226,118.0,2.08
A005,2026-11-09,227,121.0,1.97
A005,2026-11-09,228,114.0,2.83
A005,2026-11-09,229,123.0,2.73
A005,2026-11-09,230,122.0,1.98
A005,2026-11-09,231,118.0,1.46
A005,2026-11-09,232,119.0,2.55
A005,2026-11-09,233,121.0,1.42
A005,2026-11-09,234,121.0,1.07
A005,2026-11-09,235,119.0,2.3
A005,2026-11-09,236,117.0,2.73
A005,2026-11-09,237,125.0,1.76
A005,2026-11-09,238,122.0,2.24
A005,2026-11-09,239,121.0,1.75
A005,2026-11-09,240,121.0,2.43
A005,2026-11-09,241,122.0,2.66
A005,2026-11-09,242,122.0,1.84
A005,2026-11-09,243,117.0,1.38
A005,2026-11-09,244,120.0,1.13
A005,2026-11-09,245,120.0,2.56
A005,2026-11-09,246,121.0,1.32
A005,2026-11-09,247,123.0,2.22
A005,2026-11-09,248,118.0,2.47
A005,2026-11-09,249,119.0,1.7
A005,2026-11-09,250,120.0,1.9
A005,2026-11-09,251,122.0,2.6
A005,2026-11-09,252,124.0,1.52
A005,2026-11-09,253,125.0,1.45
A005,2026-11-09,254,122.0,1.86
A005,2026-11-09,255,124.0,2.77
A005,2026-11-09,256,124.0,2.97
A005,2026-11-09,257,124.0,1.94
A005,2026-11-09,258,123.0,1.57
A005,2026-11-09,259,122.0,2.64
A005,2026-11-09,260,121.0,1.0
A005,2026-11-09,261,121.0,2.15
A005,2026-11-09,262,124.0,1.99
A005,2026-11-09,263,123.0,2.81
A005,2026-11-09,264,123.0,2.89
A005,2026-11-09,265,125.0,1.51
A005,2026-11-09,266,123.0,2.2
A005,2026-11-09,267,122.0,1.78
A005,2026-11-09,268,124.0,1.97
A005,2026-11-09,269,126.0,2.54
A005,2026-11-09,270,122.0,1.99
A005,2026-11-09,271,125.0,2.34
A005,2026-11-09,272,125.0,2.82
A005,2026-11-09,273,123.0,3.18
A005,2026-11-09,274,125.0,2.47
A005,2026-11-09,275,122.0,2.39
A005,2026-11-09,276,126.0,1.68
A005,2026-11-09,277,123.0,3.33
A005,2026-11-09,278,128.0,2.7
A005,2026-11-09,279,126.0,2.51
A005,2026-11-09,280,125.0,2.51
A005,2026-11-09,281,129.0,2.71
A005,2026-11-09,282,125.0,2.98
A005,2026-11-09,283,125.0,3.09
A005,2026-11-09,284,123.0,3.55
A005,2026-11-09,285,130.0,2.76
A005,2026-11-09,286,131.0,3.69
A005,2026-11-09,287,124.0,3.31
A005,2026-11-09,288,126.0,2.67
A005,2026-11-09,289,128.0,1.74
A005,2026-11-09,290,127.0,2.83
A005,2026-11-09,291,129.0,3.74
A005,2026-11-09,292,129.0,2.38
A005,2026-11-09,293,130.0,2.93
A005,2026-11-09,294,127.0,3.01
A005,2026-11-09,295,130.0,3.52
A005,2026-11-09,296,128.0,2.76
A005,2026-11-09,297,129.0,2.5
A005,2026-11-09,298,127.0,3.41
A005,2026-11-09,299,130.0,2.66
A005,2026-11-09,300,130.0,2.04
A005,2026-11-09,301,133.0,4.29
A005,2026-11-09,302,131.0,3.78
A005,2026-11-09,303,132.0,4.39
A005,2026-11-09,304,132.0,3.83
A005,2026-11-09,305,128.0,3.76
A005,2026-11-09,306,128.0,3.61
A005,2026-11-09,307,132.0,3.32
A005,2026-11-09,308,134.0,3.78
A005,2026-11-09,309,133.0,3.19
A005,2026-11-09,310,132.0,2.92
A005,2026-11-09,311,133.0,3.41
A005,2026-11-09,312,134.0,4.43
A005,2026-11-09,313,136.0,2.96
A005,2026-11-09,314,136.0,3.02
A005,2026-11-09,315,134.0,4.15
A005,2026-11-09,316,135.0,3.6
A005,2026-11-09,317,136.0,4.19
A005,2026-11-09,318,137.0,4.54
A005,2026-11-09,319,140.0,4.27
A005,2026-11-09,320,137.0,3.66
A005,2026-11-09,321,139.0,4.86
A005,2026-11-09,322,135.0,4.59
A005,2026-11-09,323,137.0,4.21
A005,2026-11-09,324,134.0,4.24
A005,2026-11-09,325,139.0,4.53
A005,2026-11-09,326,140.0,4.17
A005,2026-11-09,327,134.0,3.43
A005,2026-11-09,328,140.0,4.91
A005,2026-11-09,329,141.0,4.93
A005,2026-11-09,330,141.0,3.19
A005,2026-11-09,331,138.0,4.94
A005,2026-11-09,332,143.0,5.74
A005,2026-11-09,333,141.0,4.06
A005,2026-11-09,334,143.0,4.75
A005,2026-11-09,335,142.0,4.75
A005,2026-11-09,336,143.0,5.91
A005,2026-11-09,337,145.0,5.64
A005,2026-11-09,338,143.0,4.5
A005,2026-11-09,339,144.0,5.29
A005,2026-11-09,340,147.0,6.53
A005,2026-11-09,341,144.0,4.83
A005,2026-11-09,342,143.0,5.26
A005,2026-11-09,343,147.0,5.63
A005,2026-11-09,344,149.0,5.02
A005,2026-11-09,345,149.0,6.5
A005,2026-11-09,346,148.0,5.22
A005,2026-11-09,347,142.0,4.73
A005,2026-11-09,348,146.0,5.31
A005,2026-11-09,349,147.0,6.08
A005,2026-11-09,350,148.0,5.27
A005,2026-11-09,351,152.0,6.0
A005,2026-11-09,352,147.0,6.21
A005,2026-11-09,353,154.0,5.21
A005,2026-11-09,354,149.0,5.66
A005,2026-11-09,355,149.0,6.27
A005,2026-11-09,356,152.0,6.55
A005,2026-11-09,357,153.0,5.87
A005,2026-11-09,358,153.0,6.34
A005,2026-11-09,359,150.0,6.14
A005,2026-11-09,360,153.0,6.82
A005,2026-11-09,361,151.0,6.75
A005,2026-11-09,362,152.0,6.28
A005,2026-11-09,363,153.0,6.86
A005,2026-11-09,364,152.0,6.38
A005,2026-11-09,365,157.0,6.97
A005,2026-11-09,366,154.0,7.04
A005,2026-11-09,367,155.0,8.24
A005,2026-11-09,368,154.0,6.68
A005,2026-11-09,369,158.0,6.86
A005,2026-11-09,370,155.0,6.62
A005,2026-11-09,371,159.0,6.46
A005,2026-11-09,372,160.0,6.86
A005,2026-11-09,373,157.0,7.6
A005,2026-11-09,374,158.0,7.71
A005,2026-11-09,375,158.0,7.5
A005,2026-11-09,376,160.0,7.21
A005,2026-11-09,377,159.0,7.15
A005,2026-11-09,378,159.0,6.96
A005,2026-11-09,379,160.0,7.24
A005,2026-11-09,380,158.0,6.86
A005,2026-11-09,381,161.0,8.51
A005,2026-11-09,382,163.0,8.86
A005,2026-11-09,383,162.0,6.66
A005,2026-11-09,384,164.0,8.05
A005,2026-11-09,385,162.0,8.1
A005,2026-11-09,386,162.0,8.12
A005,2026-11-09,387,161.0,7.7
A005,2026-11-09,388,163.0,8.73
A005,2026-11-09,389,168.0,8.42
A005,2026-11-09,390,165.0,8.86
A005,2026-11-09,391,164.0,7.85
A005,2026-11-09,392,163.0,7.52
A005,2026-11-09,393,163.0,8.67
A005,2026-11-09,394,165.0,7.89
A005,2026-11-09,395,168.0,9.15
A005,2026-11-09,396,166.0,7.3
A005,2026-11-09,397,165.0,8.35
A005,2026-11-09,398,166.0,8.32
A005,2026-11-09,399,169.0,8.54
A005,2026-11-09,400,168.0,8.95
A005,2026-11-09,401,167.0,9.09
A005,2026-11-09,402,168.0,9.29
A005,2026-11-09,403,174.0,9.41
A005,2026-11-09,404,172.0,8.9
A005,2026-11-09,405,173.0,10.32
A005,2026-11-09,406,167.0,9.94
A005,2026-11-09,407,170.0,8.97
A005,2026-11-09,408,170.0,9.12
A005,2026-11-09,409,173.0,9.05
A005,2026-11-09,410,174.0,9.52
A005,2026-11-09,411,173.0,8.77
A005,2026-11-09,412,171.0,8.92
A005,2026-11-09,413,171.0,8.14
A005,2026-11-09,414,174.0,9.25
A005,2026-11-09,415,175.0,10.17
A005,2026-11-09,416,174.0,9.48
A005,2026-11-09,417,174.0,9.56
A005,2026-11-09,418,174.0,9.83
A005,2026-11-09,419,175.0,9.1
A005,2026-11-09,420,176.0,9.76
A005,2026-11-09,421,176.0,10.32
A005,2026-11-09,422,175.0,10.01
A005,2026-11-09,423,175.0,10.45
A005,2026-11-09,424,176.0,10.66
A005,2026-11-09,425,174.0,10.33
A005,2026-11-09,426,175.0,9.55
A005,2026-11-09,427,178.0,9.8
A005,2026-11-09,428,175.0,11.2
A005,2026-11-09,429,179.0,10.27
A005,2026-11-09,430,177.0,10.22
A005,2026-11-09,431,179.0,9.63
A005,2026-11-09,432,179.0,10.12
A005,2026-11-09,433,179.0,10.64
A005,2026-11-09,434,177.0,10.25
A005,2026-11-09,435,179.0,9.95
A005,2026-11-09,436,180.0,10.12
A005,2026-11-09,437,175.0,11.04
A005,2026-11-09,438,182.0,10.75
A005,2026-11-09,439,183.0,10.7
A005,2026-11-09,440,181.0,10.67
A005,2026-11-09,441,181.0,9.72
A005,2026-11-09,442,181.0,10.61
A005,2026-11-09,443,179.0,11.11
A005,2026-11-09,444,179.0,10.34
A005,2026-11-09,445,182.0,11.1
A005,2026-11-09,446,178.0,10.86
A005,2026-11-09,447,178.0,11.05
A005,2026-11-09,448,179.0,10.61
A005,2026-11-09,449,182.0,11.13
A005,2026-11-09,450,179.0,9.73
A005,2026-11-09,451,180.0,10.65
A005,2026-11-09,452,180.0,11.07
A005,2026-11-09,453,179.0,10.84
A005,2026-11-09,454,176.0,11.33
A005,2026-11-09,455,179.0,10.59
A005,2026-11-09,456,182.0,10.37
A005,2026-11-09,457,182.0,9.73
A005,2026-11-09,458,182.0,10.56
A005,2026-11-09,459,183.0,11.04
A005,2026-11-09,460,180.0,11.2
A005,2026-11-09,461,180.0,9.91
A005,2026-11-09,462,182.0,11.47
A005,2026-11-09,463,181.0,10.19
A005,2026-11-09,464,183.0,10.71
A005,2026-11-09,465,182.0,10.44
A005,2026-11-09,466,184.0,11.04
A005,2026-11-09,467,181.0,10.85
A005,2026-11-09,468,184.0,11.21
A005,2026-11-09,469,186.0,11.91
A005,2026-11-09,470,182.0,11.05
A005,2026-11-09,471,183.0,10.47
A005,2026-11-09,472,180.0,11.09
A005,2026-11-09,473,184.0,11.98
A005,2026-11-09,474,184.0,11.21
A005,2026-11-09,475,181.0,11.39
A005,2026-11-09,476,183.0,9.86
A005,2026-11-09,477,182.0,11.05
A005,2026-11-09,478,183.0,10.66
A005,2026-11-09,479,183.0,10.41
A005,2026-11-09,480,183.0,10.8
A005,2026-11-09,481,181.0,10.84
A005,2026-11-09,482,183.0,10.37
A005,2026-11-09,483,183.0,10.82
A005,2026-11-09,484,180.0,10.56
A005,2026-11-09,485,181.0,11.05
A005,2026-11-09,486,177.0,10.73
A005,2026-11-09,487,181.0,10.78
A005,2026-11-09,488,182.0,11.1
A005,2026-11-09,489,179.0,10.81
A005,2026-11-09,490,180.0,10.43
A005,2026-11-09,491,179.0,9.15
A005,2026-11-09,492,178.0,10.67
A005,2026-11-09,493,179.0,9.77
A005,2026-11-09,494,177.0,10.23
A005,2026-11-09,495,178.0,10.46
A005,2026-11-09,496,176.0,11.0
A005,2026-11-09,497,179.0,11.27
A005,2026-11-09,498,,9.57
A005,2026-11-09,499,176.0,9.3
A005,2026-11-09,500,177.0,10.24
A005,2026-11-09,501,176.0,10.16
A005,2026-11-09,502,178.0,9.25
A005,2026-11-09,503,175.0,9.92
A005,2026-11-09,504,177.0,10.25
A005,2026-11-09,505,174.0,9.12
A005,2026-11-09,506,177.0,9.22
A005,2026-11-09,507,177.0,9.39
A005,2026-11-09,508,177.0,9.62
A005,2026-11-09,509,177.0,10.12
A005,2026-11-09,510,175.0,9.47
A005,2026-11-09,511,176.0,9.67
A005,2026-11-09,512,177.0,10.95
A005,2026-11-09,513,171.0,8.99
A005,2026-11-09,514,172.0,9.13
A005,2026-11-09,515,170.0,9.9
A005,2026-11-09,516,175.0,10.05
A005,2026-11-09,517,170.0,9.67
A005,2026-11-09,518,169.0,10.47
A005,2026-11-09,519,170.0,9.54
A005,2026-11-09,520,168.0,8.13
A005,2026-11-09,521,172.0,9.35
A005,2026-11-09,522,169.0,8.91
A005,2026-11-09,523,168.0,10.05
A005,2026-11-09,524,171.0,9.77
A005,2026-11-09,525,171.0,8.21
A005,2026-11-09,526,167.0,9.94
A005,2026-11-09,527,169.0,9.67
A005,2026-11-09,528,170.0,8.88
A005,2026-11-09,529,169.0,9.0
A005,2026-11-09,530,169.0,9.85
A005,2026-11-09,531,172.0,7.81
A005,2026-11-09,532,174.0,9.23
A005,2026-11-09,533,169.0,9.59
A005,2026-11-09,534,167.0,8.86
A005,2026-11-09,535,169.0,9.28
A005,2026-11-09,536,169.0,8.92
A005,2026-11-09,537,169.0,8.37
A005,2026-11-09,538,170.0,8.33
A005,2026-11-09,539,173.0,9.22
A005,2026-11-09,540,165.0,8.39
A005,2026-11-09,541,167.0,7.84
A005,2026-11-09,542,171.0,8.81
A005,2026-11-09,543,167.0,8.41
A005,2026-11-09,544,169.0,7.98
A005,2026-11-09,545,169.0,8.72
A005,2026-11-09,546,170.0,9.12
A005,2026-11-09,547,171.0,8.66
A005,2026-11-09,548,168.0,7.99
A005,2026-11-09,549,164.0,8.91
A005,2026-11-09,550,166.0,9.22
A005,2026-11-09,551,171.0,9.92
A005,2026-11-09,552,164.0,9.44
A005,2026-11-09,553,168.0,7.96
A005,2026-11-09,554,162.0,9.07
A005,2026-11-09,555,164.0,8.7
A005,2026-11-09,556,168.0,7.85
A005,2026-11-09,557,167.0,8.7
A005,2026-11-09,558,166.0,9.68
A005,2026-11-09,559,165.0,9.24
A005,2026-11-09,560,163.0,7.9
A005,2026-11-09,561,168.0,8.52
A005,2026-11-09,562,166.0,8.8
A005,2026-11-09,563,163.0,7.46
A005,2026-11-09,564,166.0,7.48
A005,2026-11-09,565,168.0,8.59
A005,2026-11-09,566,166.0,8.6
A005,2026-11-09,567,167.0,7.4
A005,2026-11-09,568,167.0,8.74
A005,2026-11-09,569,165.0,9.16
A005,2026-11-09,570,167.0,8.38
A005,2026-11-09,571,168.0,8.55
A005,2026-11-09,572,169.0,8.86
A005,2026-11-09,573,168.0,8.79
A005,2026-11-09,574,165.0,7.53
A005,2026-11-09,575,,8.0
A005,2026-11-09,576,168.0,8.31
A005,2026-11-09,577,165.0,8.04
A005,2026-11-09,578,166.0,9.45
A005,2026-11-09,579,168.0,8.96
A005,2026-11-09,580,170.0,7.92
A005,2026-11-09,581,163.0,8.47
A005,2026-11-09,582,170.0,9.29
A005,2026-11-09,583,170.0,8.24
A005,2026-11-09,584,168.0,9.16
A005,2026-11-09,585,167.0,9.49
A005,2026-11-09,586,168.0,9.41
A005,2026-11-09,587,166.0,8.8
A005,2026-11-09,588,167.0,9.47
A005,2026-11-09,589,165.0,8.42
A005,2026-11-09,590,165.0,10.24
A005,2026-11-09,591,173.0,8.92
A005,2026-11-09,592,169.0,9.48
A005,2026-11-09,593,169.0,8.6
A005,2026-11-09,594,169.0,9.14
A005,2026-11-09,595,167.0,9.19
A005,2026-11-09,596,168.0,8.33
A005,2026-11-09,597,169.0,8.34
A005,2026-11-09,598,169.0,8.81
A005,2026-11-09,599,168.0,9.63
A005,2026-11-09,600,171.0,7.89
A005,2026-11-09,601,170.0,8.8
A005,2026-11-09,602,171.0,9.83
A005,2026-11-09,603,172.0,8.33
A005,2026-11-09,604,170.0,9.86
A005,2026-11-09,605,170.0,8.46
A005,2026-11-09,606,174.0,8.61
A005,2026-11-09,607,169.0,9.1
A005,2026-11-09,608,167.0,10.35
A005,2026-11-09,609,173.0,8.87
A005,2026-11-09,610,170.0,8.25
A005,2026-11-09,611,170.0,8.48
A005,2026-11-09,612,174.0,9.91
A005,2026-11-09,613,172.0,8.58
A005,2026-11-09,614,170.0,10.13
A005,2026-11-09,615,177.0,9.5
A005,2026-11-09,616,170.0,9.47
A005,2026-11-09,617,173.0,9.71
A005,2026-11-09,618,170.0,9.08
A005,2026-11-09,619,174.0,9.68
A005,2026-11-09,620,173.0,8.92
A005,2026-11-09,621,176.0,10.48
A005,2026-11-09,622,174.0,9.09
A005,2026-11-09,623,177.0,10.01
A005,2026-11-09,624,174.0,9.16
A005,2026-11-09,625,172.0,9.5
A005,2026-11-09,626,176.0,9.63
A005,2026-11-09,627,175.0,11.68
A005,2026-11-09,628,172.0,9.93
A005,2026-11-09,629,174.0,9.48
A005,2026-11-09,630,175.0,9.74
A005,2026-11-09,631,180.0,9.15
A005,2026-11-09,632,178.0,9.99
A005,2026-11-09,633,177.0,11.24
A005,2026-11-09,634,178.0,10.37
A005,2026-11-09,635,174.0,10.75
A005,2026-11-09,636,177.0,9.7
A005,2026-11-09,637,179.0,10.16
A005,2026-11-09,638,179.0,10.44
A005,2026-11-09,639,178.0,9.92
A005,2026-11-09,640,179.0,10.64
A005,2026-11-09,641,180.0,10.81
A005,2026-11-09,642,180.0,10.8
A005,2026-11-09,643,182.0,10.42
A005,2026-11-09,644,181.0,11.21
A005,2026-11-09,645,181.0,10.44
A005,2026-11-09,646,184.0,10.42
A005,2026-11-09,647,182.0,11.53
A005,2026-11-09,648,185.0,10.04
A005,2026-11-09,649,180.0,9.72
A005,2026-11-09,650,178.0,10.26
A005,2026-11-09,651,182.0,11.05
A005,2026-11-09,652,182.0,11.62
A005,2026-11-09,653,185.0,10.49
A005,2026-11-09,654,180.0,12.01
A005,2026-11-09,655,183.0,10.98
A005,2026-11-09,656,184.0,10.93
A005,2026-11-09,657,183.0,10.52
A005,2026-11-09,658,183.0,12.24
A005,2026-11-09,659,184.0,11.01
A005,2026-11-09,660,186.0,10.33
A005,2026-11-09,661,187.0,12.64
A005,2026-11-09,662,184.0,11.44
A005,2026-11-09,663,183.0,11.71
A005,2026-11-09,664,188.0,12.27
A005,2026-11-09,665,183.0,11.66
A005,2026-11-09,666,189.0,11.91
A005,2026-11-09,667,188.0,11.39
A005,2026-11-09,668,189.0,11.83
A005,2026-11-09,669,187.0,11.4
A005,2026-11-09,670,182.0,11.43
A005,2026-11-09,671,184.0,11.55
A005,2026-11-09,672,187.0,11.26
A005,2026-11-09,673,185.0,11.83
A005,2026-11-09,674,186.0,11.85
A005,2026-11-09,675,188.0,12.07
A005,2026-11-09,676,187.0,11.99
A005,2026-11-09,677,185.0,12.83
A005,2026-11-09,678,189.0,12.28
A005,2026-11-09,679,189.0,11.55
A005,2026-11-09,680,187.0,11.97
A005,2026-11-09,681,189.0,12.57
A005,2026-11-09,682,188.0,11.17
A005,2026-11-09,683,191.0,12.97
A005,2026-11-09,684,189.0,11.31
A005,2026-11-09,685,191.0,12.34
A005,2026-11-09,686,185.0,11.82
A005,2026-11-09,687,190.0,11.8
A005,2026-11-09,688,188.0,11.07
A005,2026-11-09,689,187.0,12.41
A005,2026-11-09,690,191.0,11.11
A005,2026-11-09,691,191.0,11.03
A005,2026-11-09,692,185.0,12.6
A005,2026-11-09,693,191.0,12.99
A005,2026-11-09,694,190.0,11.53
A005,2026-11-09,695,188.0,12.54
A005,2026-11-09,696,188.0,12.43
A005,2026-11-09,697,186.0,11.9
A005,2026-11-09,698,189.0,12.77
A005,2026-11-09,699,189.0,11.88
A005,2026-11-09,700,191.0,12.29
A005,2026-11-09,701,190.0,11.23
A005,2026-11-09,702,188.0,11.26
A005,2026-11-09,703,190.0,12.69
A005,2026-11-09,704,189.0,12.33
A005,2026-11-09,705,188.0,11.91
A005,2026-11-09,706,187.0,13.14
A005,2026-11-09,707,191.0,13.14
A005,2026-11-09,708,191.0,12.26
A005,2026-11-09,709,191.0,11.12
A005,2026-11-09,710,188.0,11.93
A005,2026-11-09,711,190.0,11.49
A005,2026-11-09,712,187.0,12.04
A005,2026-11-09,713,188.0,11.42
A005,2026-11-09,714,190.0,11.26
A005,2026-11-09,715,190.0,10.61
A005,2026-11-09,716,186.0,12.06
A005,2026-11-09,717,187.0,10.58
A005,2026-11-09,718,189.0,11.75
A005,2026-11-09,719,191.0,12.35
A005,2026-11-09,720,188.0,11.49
A005,2026-11-09,721,189.0,11.26
A005,2026-11-09,722,190.0,11.86
A005,2026-11-09,723,188.0,11.39
A005,2026-11-09,724,189.0,11.99
A005,2026-11-09,725,186.0,11.24
A005,2026-11-09,726,187.0,11.78
A005,2026-11-09,727,191.0,11.62
A005,2026-11-09,728,191.0,11.8
A005,2026-11-09,729,190.0,12.77
A005,2026-11-09,730,190.0,11.89
A005,2026-11-09,731,184.0,12.06
A005,2026-11-09,732,186.0,11.36
A005,2026-11-09,733,187.0,11.85
A005,2026-11-09,734,192.0,11.53
A005,2026-11-09,735,187.0,11.69
A005,2026-11-09,736,189.0,12.04
A005,2026-11-09,737,188.0,11.32
A005,2026-11-09,738,188.0,11.36
A005,2026-11-09,739,187.0,11.28
A005,2026-11-09,740,184.0,11.24
A005,2026-11-09,741,181.0,11.62
A005,2026-11-09,742,189.0,11.27
A005,2026-11-09,743,185.0,12.36
A005,2026-11-09,744,182.0,13.04
A005,2026-11-09,745,187.0,11.07
A005,2026-11-09,746,186.0,11.56
A005,2026-11-09,747,187.0,11.97
A005,2026-11-09,748,187.0,11.16
A005,2026-11-09,749,183.0,10.69
A005,2026-11-09,750,183.0,12.3
A005,2026-11-09,751,184.0,11.64
A005,2026-11-09,752,186.0,11.38
A005,2026-11-09,753,180.0,12.03
A005,2026-11-09,754,184.0,11.59
A005,2026-11-09,755,186.0,11.06
A005,2026-11-09,756,185.0,10.47
A005,2026-11-09,757,185.0,10.73
A005,2026-11-09,758,185.0,11.71
A005,2026-11-09,759,177.0,11.36
A005,2026-11-09,760,186.0,10.8
A005,2026-11-09,761,183.0,11.94
A005,2026-11-09,762,185.0,10.75
A005,2026-11-09,763,179.0,11.4
A005,2026-11-09,764,178.0,10.9
A005,2026-11-09,765,185.0,11.89
A005,2026-11-09,766,179.0,11.15
A005,2026-11-09,767,180.0,10.68
A005,2026-11-09,768,182.0,10.51
A005,2026-11-09,769,182.0,10.57
A005,2026-11-09,770,182.0,10.11
A005,2026-11-09,771,180.0,9.68
A005,2026-11-09,772,177.0,10.65
A005,2026-11-09,773,181.0,10.11
A005,2026-11-09,774,180.0,10.07
A005,2026-11-09,775,175.0,10.3
A005,2026-11-09,776,181.0,10.34
A005,2026-11-09,777,173.0,10.28
A005,2026-11-09,778,180.0,11.28
A005,2026-11-09,779,176.0,10.59
A005,2026-11-09,780,179.0,11.42
A005,2026-11-09,781,178.0,9.85
A005,2026-11-09,782,177.0,10.55
A005,2026-11-09,783,178.0,9.81
A005,2026-11-09,784,176.0,9.66
A005,2026-11-09,785,178.0,11.25
A005,2026-11-09,786,180.0,9.46
A005,2026-11-09,787,173.0,8.55
A005,2026-11-09,788,169.0,9.42
A005,2026-11-09,789,174.0,8.6
A005,2026-11-09,790,174.0,9.2
A005,2026-11-09,791,174.0,9.22
A005,2026-11-09,792,173.0,9.72
A005,2026-11-09,793,176.0,8.43
A005,2026-11-09,794,171.0,10.34
A005,2026-11-09,795,175.0,8.46
A005,2026-11-09,796,175.0,9.48
A005,2026-11-09,797,174.0,9.32
A005,2026-11-09,798,174.0,9.98
A005,2026-11-09,799,175.0,9.66
A005,2026-11-09,800,173.0,10.12
A005,2026-11-09,801,172.0,9.16
A005,2026-11-09,802,173.0,9.07
A005,2026-11-09,803,173.0,9.56
A005,2026-11-09,804,173.0,9.9
A005,2026-11-09,805,,9.74
A005,2026-11-09,806,171.0,9.41
A005,2026-11-09,807,169.0,9.32
A005,2026-11-09,808,172.0,9.13
A005,2026-11-09,809,172.0,9.37
A005,2026-11-09,810,170.0,10.32
A005,2026-11-09,811,169.0,8.92
A005,2026-11-09,812,171.0,8.82
A005,2026-11-09,813,170.0,8.74
A005,2026-11-09,814,172.0,9.22
A005,2026-11-09,815,173.0,7.68
A005,2026-11-09,816,171.0,8.85
A005,2026-11-09,817,170.0,9.43
A005,2026-11-09,818,173.0,8.56
A005,2026-11-09,819,169.0,8.97
A005,2026-11-09,820,168.0,10.1
A005,2026-11-09,821,167.0,9.01
A005,2026-11-09,822,167.0,7.45
A005,2026-11-09,823,168.0,7.92
A005,2026-11-09,824,169.0,8.6
A005,2026-11-09,825,165.0,8.25
A005,2026-11-09,826,167.0,8.77
A005,2026-11-09,827,168.0,8.51
A005,2026-11-09,828,169.0,9.37
A005,2026-11-09,829,167.0,8.0
A005,2026-11-09,830,168.0,8.52
A005,2026-11-09,831,165.0,8.76
A005,2026-11-09,832,165.0,8.82
A005,2026-11-09,833,167.0,8.69
A005,2026-11-09,834,168.0,7.14
A005,2026-11-09,835,167.0,8.63
A005,2026-11-09,836,165.0,8.47
A005,2026-11-09,837,166.0,9.07
A005,2026-11-09,838,170.0,8.98
A005,2026-11-09,839,168.0,8.68
A005,2026-11-09,840,166.0,8.72
A005,2026-11-09,841,165.0,9.33
A005,2026-11-09,842,165.0,9.21
A005,2026-11-09,843,167.0,8.68
A005,2026-11-09,844,167.0,9.79
A005,2026-11-09,845,168.0,8.13
A005,2026-11-09,846,167.0,7.79
A005,2026-11-09,847,166.0,8.49
A005,2026-11-09,848,,8.28
A005,2026-11-09,849,171.0,7.02
A005,2026-11-09,850,165.0,8.11
A005,2026-11-09,851,164.0,8.71
A005,2026-11-09,852,163.0,8.47
A005,2026-11-09,853,166.0,8.04
A005,2026-11-09,854,168.0,8.54
A005,2026-11-09,855,165.0,8.59
A005,2026-11-09,856,170.0,8.96
A005,2026-11-09,857,167.0,8.15
A005,2026-11-09,858,169.0,9.07
A005,2026-11-09,859,165.0,7.9
A005,2026-11-09,860,165.0,8.26
A005,2026-11-09,861,167.0,9.59
A005,2026-11-09,862,168.0,7.97
A005,2026-11-09,863,167.0,8.2
A005,2026-11-09,864,168.0,7.85
A005,2026-11-09,865,168.0,8.12
A005,2026-11-09,866,164.0,8.72
A005,2026-11-09,867,167.0,9.07
A005,2026-11-09,868,166.0,8.66
A005,2026-11-09,869,167.0,8.49
A005,2026-11-09,870,169.0,7.96
A005,2026-11-09,871,167.0,8.28
A005,2026-11-09,872,164.0,7.81
A005,2026-11-09,873,168.0,9.2
A005,2026-11-09,874,166.0,9.26
A005,2026-11-09,875,169.0,8.78
A005,2026-11-09,876,170.0,9.09
A005,2026-11-09,877,164.0,9.37
A005,2026-11-09,878,167.0,8.93
A005,2026-11-09,879,170.0,9.73
A005,2026-11-09,880,166.0,8.3
A005,2026-11-09,881,171.0,8.73
A005,2026-11-09,882,172.0,8.69
A005,2026-11-09,883,169.0,9.39
A005,2026-11-09,884,168.0,8.16
A005,2026-11-09,885,165.0,9.92
A005,2026-11-09,886,172.0,9.42
A005,2026-11-09,887,174.0,10.16
A005,2026-11-09,888,174.0,9.12
A005,2026-11-09,889,170.0,8.84
A005,2026-11-09,890,169.0,9.6
A005,2026-11-09,891,173.0,9.85
A005,2026-11-09,892,171.0,8.84
A005,2026-11-09,893,173.0,8.1
A005,2026-11-09,894,173.0,8.23
A005,2026-11-09,895,172.0,9.52
A005,2026-11-09,896,174.0,10.32
A005,2026-11-09,897,175.0,8.65
A005,2026-11-09,898,172.0,9.3
A005,2026-11-09,899,171.0,9.29
A005,2026-11-09,900,168.0,10.69
A005,2026-11-09,901,173.0,10.93
A005,2026-11-09,902,172.0,9.86
A005,2026-11-09,903,175.0,10.18
A005,2026-11-09,904,174.0,10.2
A005,2026-11-09,905,174.0,8.95
A005,2026-11-09,906,176.0,10.17
A005,2026-11-09,907,176.0,9.18
A005,2026-11-09,908,175.0,9.73
A005,2026-11-09,909,179.0,10.55
A005,2026-11-09,910,177.0,9.95
A005,2026-11-09,911,175.0,10.61
A005,2026-11-09,912,176.0,10.76
A005,2026-11-09,913,178.0,8.97
A005,2026-11-09,914,177.0,8.75
A005,2026-11-09,915,175.0,10.8
A005,2026-11-09,916,179.0,10.86
A005,2026-11-09,917,180.0,10.33
A005,2026-11-09,918,180.0,10.45
A005,2026-11-09,919,181.0,10.79
A005,2026-11-09,920,182.0,10.82
A005,2026-11-09,921,182.0,10.15
A005,2026-11-09,922,180.0,10.94
A005,2026-11-09,923,179.0,10.2
A005,2026-11-09,924,176.0,10.59
A005,2026-11-09,925,180.0,10.61
A005,2026-11-09,926,181.0,10.01
A005,2026-11-09,927,180.0,10.12
A005,2026-11-09,928,177.0,11.94
A005,2026-11-09,929,180.0,10.1
A005,2026-11-09,930,182.0,10.9
A005,2026-11-09,931,179.0,11.06
A005,2026-11-09,932,182.0,10.72
A005,2026-11-09,933,183.0,11.19
A005,2026-11-09,934,184.0,11.02
A005,2026-11-09,935,186.0,10.34
A005,2026-11-09,936,182.0,11.22
A005,2026-11-09,937,183.0,10.61
A005,2026-11-09,938,183.0,12.01
A005,2026-11-09,939,184.0,11.26
A005,2026-11-09,940,184.0,10.62
A005,2026-11-09,941,186.0,11.28
A005,2026-11-09,942,179.0,10.55
A005,2026-11-09,943,185.0,11.3
A005,2026-11-09,944,185.0,11.04
A005,2026-11-09,945,184.0,10.71
A005,2026-11-09,946,180.0,10.74
A005,2026-11-09,947,185.0,12.73
A005,2026-11-09,948,184.0,11.36
A005,2026-11-09,949,189.0,11.08
A005,2026-11-09,950,186.0,11.0
A005,2026-11-09,951,184.0,11.68
A005,2026-11-09,952,182.0,11.04
A005,2026-11-09,953,187.0,10.8
A005,2026-11-09,954,188.0,11.46
A005,2026-11-09,955,186.0,11.48
A005,2026-11-09,956,188.0,11.28
A005,2026-11-09,957,186.0,11.03
A005,2026-11-09,958,189.0,11.35
A005,2026-11-09,959,189.0,11.33
A005,2026-11-09,960,184.0,11.27
A005,2026-11-09,961,185.0,11.82
A005,2026-11-09,962,192.0,13.02
A005,2026-11-09,963,190.0,12.5
A005,2026-11-09,964,185.0,12.89
A005,2026-11-09,965,185.0,11.4
A005,2026-11-09,966,189.0,12.77
A005,2026-11-09,967,186.0,11.92
A005,2026-11-09,968,188.0,12.39
A005,2026-11-09,969,188.0,12.09
A005,2026-11-09,970,188.0,11.63
A005,2026-11-09,971,191.0,12.28
A005,2026-11-09,972,192.0,12.16
A005,2026-11-09,973,188.0,10.82
A005,2026-11-09,974,187.0,11.82
A005,2026-11-09,975,190.0,12.43
A005,2026-11-09,976,192.0,12.09
A005,2026-11-09,977,188.0,12.21
A005,2026-11-09,978,191.0,11.49
A005,2026-11-09,979,188.0,12.11
A005,2026-11-09,980,189.0,11.9
A005,2026-11-09,981,187.0,11.85
A005,2026-11-09,982,190.0,11.57
A005,2026-11-09,983,189.0,12.53
A005,2026-11-09,984,191.0,12.19
A005,2026-11-09,985,193.0,12.14
A005,2026-11-09,986,189.0,13.22
A005,2026-11-09,987,186.0,12.28
A005,2026-11-09,988,189.0,12.72
A005,2026-11-09,989,190.0,12.16
A005,2026-11-09,990,190.0,11.79
A005,2026-11-09,991,189.0,11.36
A005,2026-11-09,992,193.0,12.14
A005,2026-11-09,993,190.0,10.4
A005,2026-11-09,994,189.0,12.16
A005,2026-11-09,995,188.0,12.18
A005,2026-11-09,996,186.0,11.85
A005,2026-11-09,997,190.0,11.92
A005,2026-11-09,998,190.0,11.22
A005,2026-11-09,999,187.0,12.79
A005,2026-11-09,1000,189.0,11.75
A005,2026-11-09,1001,189.0,11.36
A005,2026-11-09,1002,188.0,12.26
A005,2026-11-09,1003,188.0,11.99
A005,2026-11-09,1004,190.0,11.7
A005,2026-11-09,1005,189.0,11.62
A005,2026-11-09,1006,188.0,11.88
A005,2026-11-09,1007,187.0,12.68
A005,2026-11-09,1008,188.0,12.14
A005,2026-11-09,1009,190.0,11.82
A005,2026-11-09,1010,189.0,12.33
A005,2026-11-09,1011,188.0,11.82
A005,2026-11-09,1012,189.0,12.03
A005,2026-11-09,1013,191.0,11.86
A005,2026-11-09,1014,189.0,12.1
A005,2026-11-09,1015,188.0,11.46
A005,2026-11-09,1016,189.0,11.02
A005,2026-11-09,1017,187.0,12.23
A005,2026-11-09,1018,188.0,12.57
A005,2026-11-09,1019,186.0,10.98
A005,2026-11-09,1020,184.0,11.72
A005,2026-11-09,1021,188.0,11.32
A005,2026-11-09,1022,188.0,12.1
A005,2026-11-09,1023,186.0,11.69
A005,2026-11-09,1024,189.0,13.51
A005,2026-11-09,1025,185.0,11.31
A005,2026-11-09,1026,183.0,12.38
A005,2026-11-09,1027,185.0,12.41
A005,2026-11-09,1028,183.0,11.72
A005,2026-11-09,1029,186.0,11.39
A005,2026-11-09,1030,184.0,11.4
A005,2026-11-09,1031,187.0,11.32
A005,2026-11-09,1032,187.0,11.96
A005,2026-11-09,1033,183.0,10.72
A005,2026-11-09,1034,183.0,11.12
A005,2026-11-09,1035,185.0,11.01
A005,2026-11-09,1036,186.0,10.11
A005,2026-11-09,1037,180.0,11.63
A005,2026-11-09,1038,184.0,11.72
A005,2026-11-09,1039,179.0,10.67
A005,2026-11-09,1040,182.0,11.63
A005,2026-11-09,1041,185.0,10.03
A005,2026-11-09,1042,189.0,10.96
A005,2026-11-09,1043,182.0,10.83
A005,2026-11-09,1044,180.0,10.92
A005,2026-11-09,1045,181.0,10.88
A005,2026-11-09,1046,182.0,10.75
A005,2026-11-09,1047,180.0,10.53
A005,2026-11-09,1048,179.0,10.66
A005,2026-11-09,1049,180.0,11.5
A005,2026-11-09,1050,181.0,10.3
A005,2026-11-09,1051,180.0,11.96
A005,2026-11-09,1052,178.0,10.19
A005,2026-11-09,1053,179.0,10.68
A005,2026-11-09,1054,179.0,10.84
A005,2026-11-09,1055,177.0,10.28
A005,2026-11-09,1056,178.0,11.25
A005,2026-11-09,1057,180.0,10.7
A005,2026-11-09,1058,178.0,10.22
A005,2026-11-09,1059,175.0,11.12
A005,2026-11-09,1060,180.0,9.65
A005,2026-11-09,1061,179.0,9.88
A005,2026-11-09,1062,175.0,10.52
A005,2026-11-09,1063,177.0,10.63
A005,2026-11-09,1064,176.0,10.3
A005,2026-11-09,1065,178.0,9.99
A005,2026-11-09,1066,176.0,9.88
A005,2026-11-09,1067,176.0,10.67
A005,2026-11-09,1068,176.0,10.1
A005,2026-11-09,1069,173.0,9.39
A005,2026-11-09,1070,178.0,9.32
A005,2026-11-09,1071,177.0,10.75
A005,2026-11-09,1072,174.0,9.37
A005,2026-11-09,1073,175.0,9.93
A005,2026-11-09,1074,177.0,10.54
A005,2026-11-09,1075,174.0,10.01
A005,2026-11-09,1076,177.0,9.2
A005,2026-11-09,1077,180.0,9.01
A005,2026-11-09,1078,173.0,10.7
A005,2026-11-09,1079,172.0,8.92
A005,2026-11-09,1080,171.0,9.18
A005,2026-11-09,1081,168.0,9.7
A005,2026-11-09,1082,175.0,9.31
A005,2026-11-09,1083,172.0,9.75
A005,2026-11-09,1084,174.0,8.49
A005,2026-11-09,1085,174.0,9.21
A005,2026-11-09,1086,170.0,9.71
A005,2026-11-09,1087,170.0,9.68
A005,2026-11-09,1088,175.0,8.9
A005,2026-11-09,1089,171.0,8.59
A005,2026-11-09,1090,170.0,9.3
A005,2026-11-09,1091,169.0,8.36
A005,2026-11-09,1092,170.0,9.89
A005,2026-11-09,1093,173.0,9.18
A005,2026-11-09,1094,172.0,8.64
A005,2026-11-09,1095,170.0,8.4
A005,2026-11-09,1096,173.0,8.62
A005,2026-11-09,1097,172.0,8.04
A005,2026-11-09,1098,170.0,9.25
A005,2026-11-09,1099,175.0,8.44
A005,2026-11-09,1100,169.0,9.14
A005,2026-11-09,1101,171.0,9.2
A005,2026-11-09,1102,168.0,9.43
A005,2026-11-09,1103,170.0,8.98
A005,2026-11-09,1104,168.0,9.48
A005,2026-11-09,1105,169.0,9.62
A005,2026-11-09,1106,173.0,8.92
A005,2026-11-09,1107,170.0,8.93
A005,2026-11-09,1108,169.0,8.39
A005,2026-11-09,1109,166.0,8.11
A005,2026-11-09,1110,168.0,9.46
A005,2026-11-09,1111,166.0,9.03
A005,2026-11-09,1112,169.0,9.07
A005,2026-11-09,1113,169.0,8.28
A005,2026-11-09,1114,167.0,9.6
A005,2026-11-09,1115,170.0,8.47
A005,2026-11-09,1116,170.0,8.11
A005,2026-11-09,1117,167.0,8.24
A005,2026-11-09,1118,168.0,9.51
A005,2026-11-09,1119,166.0,7.89
A005,2026-11-09,1120,166.0,8.1
A005,2026-11-09,1121,165.0,10.28
A005,2026-11-09,1122,166.0,9.1
A005,2026-11-09,1123,166.0,8.09
A005,2026-11-09,1124,163.0,7.87
A005,2026-11-09,1125,168.0,7.51
A005,2026-11-09,1126,169.0,8.57
A005,2026-11-09,1127,166.0,8.94
A005,2026-11-09,1128,161.0,9.42
A005,2026-11-09,1129,166.0,7.37
A005,2026-11-09,1130,164.0,7.71
A005,2026-11-09,1131,165.0,8.43
A005,2026-11-09,1132,169.0,10.17
A005,2026-11-09,1133,162.0,9.03
A005,2026-11-09,1134,165.0,8.73
A005,2026-11-09,1135,168.0,7.77
A005,2026-11-09,1136,165.0,7.24
A005,2026-11-09,1137,165.0,8.54
A005,2026-11-09,1138,171.0,8.46
A005,2026-11-09,1139,167.0,8.37
A005,2026-11-09,1140,169.0,8.31
A005,2026-11-09,1141,168.0,8.09
A005,2026-11-09,1142,167.0,7.97
A005,2026-11-09,1143,169.0,9.4
A005,2026-11-09,1144,171.0,8.04
A005,2026-11-09,1145,164.0,8.42
A005,2026-11-09,1146,167.0,8.57
A005,2026-11-09,1147,167.0,9.03
A005,2026-11-09,1148,166.0,8.11
A005,2026-11-09,1149,169.0,9.23
A005,2026-11-09,1150,168.0,8.31
A005,2026-11-09,1151,171.0,8.57
A005,2026-11-09,1152,170.0,9.67
A005,2026-11-09,1153,171.0,8.12
A005,2026-11-09,1154,166.0,9.16
A005,2026-11-09,1155,166.0,9.35
A005,2026-11-09,1156,167.0,8.95
A005,2026-11-09,1157,171.0,8.71
A005,2026-11-09,1158,167.0,10.08
A005,2026-11-09,1159,167.0,8.82
A005,2026-11-09,1160,167.0,8.97
A005,2026-11-09,1161,174.0,8.67
A005,2026-11-09,1162,169.0,8.99
A005,2026-11-09,1163,170.0,9.5
A005,2026-11-09,1164,167.0,8.79
A005,2026-11-09,1165,172.0,7.71
A005,2026-11-09,1166,166.0,9.31
A005,2026-11-09,1167,168.0,8.38
A005,2026-11-09,1168,169.0,9.5
A005,2026-11-09,1169,171.0,9.09
A005,2026-11-09,1170,169.0,9.68
A005,2026-11-09,1171,174.0,8.58
A005,2026-11-09,1172,172.0,8.86
A005,2026-11-09,1173,170.0,9.01
A005,2026-11-09,1174,173.0,8.35
A005,2026-11-09,1175,171.0,9.94
A005,2026-11-09,1176,171.0,8.33
A005,2026-11-09,1177,174.0,10.0
A005,2026-11-09,1178,167.0,9.63
A005,2026-11-09,1179,174.0,9.29
A005,2026-11-09,1180,171.0,9.65
A005,2026-11-09,1181,171.0,9.67
A005,2026-11-09,1182,177.0,9.27
A005,2026-11-09,1183,172.0,9.72
A005,2026-11-09,1184,176.0,10.02
A005,2026-11-09,1185,174.0,9.05
A005,2026-11-09,1186,175.0,9.86
A005,2026-11-09,1187,174.0,8.11
A005,2026-11-09,1188,174.0,8.57
A005,2026-11-09,1189,178.0,10.1
A005,2026-11-09,1190,177.0,9.55
A005,2026-11-09,1191,174.0,9.33
A005,2026-11-09,1192,173.0,9.85
A005,2026-11-09,1193,175.0,9.68
A005,2026-11-09,1194,178.0,9.36
A005,2026-11-09,1195,179.0,9.01
A005,2026-11-09,1196,178.0,8.85
A005,2026-11-09,1197,174.0,10.51
A005,2026-11-09,1198,179.0,9.85
A005,2026-11-09,1199,180.0,10.73
A005,2026-11-09,1200,178.0,9.93
A005,2026-11-09,1201,182.0,10.44
A005,2026-11-09,1202,176.0,10.19
A005,2026-11-09,1203,180.0,10.33
A005,2026-11-09,1204,177.0,10.4
A005,2026-11-09,1205,,10.11
A005,2026-11-09,1206,180.0,9.68
A005,2026-11-09,1207,183.0,10.92
A005,2026-11-09,1208,181.0,11.45
A005,2026-11-09,1209,179.0,11.53
A005,2026-11-09,1210,179.0,10.24
A005,2026-11-09,1211,180.0,10.17
A005,2026-11-09,1212,180.0,10.32
A005,2026-11-09,1213,184.0,10.58
A005,2026-11-09,1214,184.0,10.69
A005,2026-11-09,1215,178.0,10.16
A005,2026-11-09,1216,182.0,9.91
A005,2026-11-09,1217,182.0,10.87
A005,2026-11-09,1218,181.0,8.75
A005,2026-11-09,1219,183.0,10.85
A005,2026-11-09,1220,186.0,10.38
A005,2026-11-09,1221,185.0,11.45
A005,2026-11-09,1222,186.0,11.64
A005,2026-11-09,1223,182.0,11.69
A005,2026-11-09,1224,184.0,10.88
A005,2026-11-09,1225,182.0,10.44
A005,2026-11-09,1226,185.0,10.66
A005,2026-11-09,1227,185.0,11.36
A005,2026-11-09,1228,186.0,10.23
A005,2026-11-09,1229,187.0,12.09
A005,2026-11-09,1230,186.0,11.08
A005,2026-11-09,1231,183.0,11.61
A005,2026-11-09,1232,183.0,10.27
A005,2026-11-09,1233,187.0,10.82
A005,2026-11-09,1234,189.0,10.26
A005,2026-11-09,1235,186.0,12.04
A005,2026-11-09,1236,183.0,11.36
A005,2026-11-09,1237,190.0,11.83
A005,2026-11-09,1238,187.0,11.55
A005,2026-11-09,1239,187.0,11.82
A005,2026-11-09,1240,184.0,11.36
A005,2026-11-09,1241,187.0,11.47
A005,2026-11-09,1242,189.0,11.56
A005,2026-11-09,1243,188.0,11.88
A005,2026-11-09,1244,186.0,11.92
A005,2026-11-09,1245,188.0,13.37
A005,2026-11-09,1246,187.0,12.72
A005,2026-11-09,1247,191.0,10.66
A005,2026-11-09,1248,190.0,11.66
A005,2026-11-09,1249,187.0,11.53
A005,2026-11-09,1250,186.0,12.56
A005,2026-11-09,1251,189.0,11.62
A005,2026-11-09,1252,188.0,12.1
A005,2026-11-09,1253,188.0,10.44
A005,2026-11-09,1254,186.0,10.95
A005,2026-11-09,1255,187.0,13.13
A005,2026-11-09,1256,189.0,11.92
A005,2026-11-09,1257,188.0,11.3
A005,2026-11-09,1258,194.0,12.06
A005,2026-11-09,1259,190.0,11.29
A005,2026-11-09,1260,187.0,11.76
A005,2026-11-09,1261,186.0,11.07
A005,2026-11-09,1262,190.0,11.48
A005,2026-11-09,1263,189.0,11.71
A005,2026-11-09,1264,192.0,12.64
A005,2026-11-09,1265,190.0,12.26
A005,2026-11-09,1266,186.0,12.37
A005,2026-11-09,1267,188.0,11.97
A005,2026-11-09,1268,188.0,12.49
A005,2026-11-09,1269,191.0,11.47
A005,2026-11-09,1270,188.0,11.56
A005,2026-11-09,1271,190.0,12.24
A005,2026-11-09,1272,187.0,11.83
A005,2026-11-09,1273,190.0,11.99
A005,2026-11-09,1274,190.0,11.9
A005,2026-11-09,1275,193.0,12.75
A005,2026-11-09,1276,190.0,12.78
A005,2026-11-09,1277,188.0,11.61
A005,2026-11-09,1278,193.0,10.93
A005,2026-11-09,1279,189.0,11.55
A005,2026-11-09,1280,191.0,11.44
A005,2026-11-09,1281,188.0,12.47
A005,2026-11-09,1282,190.0,12.51
A005,2026-11-09,1283,188.0,11.33
A005,2026-11-09,1284,190.0,11.49
A005,2026-11-09,1285,191.0,11.04
A005,2026-11-09,1286,188.0,12.0
A005,2026-11-09,1287,188.0,11.88
A005,2026-11-09,1288,190.0,12.37
A005,2026-11-09,1289,187.0,12.18
A005,2026-11-09,1290,186.0,12.23
A005,2026-11-09,1291,189.0,10.93
A005,2026-11-09,1292,188.0,11.46
A005,2026-11-09,1293,188.0,12.39
A005,2026-11-09,1294,189.0,11.48
A005,2026-11-09,1295,190.0,10.81
A005,2026-11-09,1296,188.0,12.25
A005,2026-11-09,1297,186.0,11.4
A005,2026-11-09,1298,187.0,12.36
A005,2026-11-09,1299,189.0,11.69
A005,2026-11-09,1300,188.0,11.51
A005,2026-11-09,1301,186.0,12.47
A005,2026-11-09,1302,186.0,10.85
A005,2026-11-09,1303,188.0,12.47
A005,2026-11-09,1304,186.0,11.2
A005,2026-11-09,1305,188.0,11.66
A005,2026-11-09,1306,188.0,11.64
A005,2026-11-09,1307,186.0,11.25
A005,2026-11-09,1308,188.0,11.02
A005,2026-11-09,1309,186.0,11.23
A005,2026-11-09,1310,186.0,10.81
A005,2026-11-09,1311,181.0,12.57
A005,2026-11-09,1312,184.0,11.07
A005,2026-11-09,1313,183.0,12.03
A005,2026-11-09,1314,184.0,11.92
A005,2026-11-09,1315,185.0,11.49
A005,2026-11-09,1316,185.0,11.16
A005,2026-11-09,1317,185.0,11.32
A005,2026-11-09,1318,183.0,11.52
A005,2026-11-09,1319,185.0,11.2
A005,2026-11-09,1320,187.0,10.17
A005,2026-11-09,1321,183.0,9.98
A005,2026-11-09,1322,182.0,11.94
A005,2026-11-09,1323,182.0,9.42
A005,2026-11-09,1324,183.0,11.09
A005,2026-11-09,1325,182.0,10.79
A005,2026-11-09,1326,179.0,10.99
A005,2026-11-09,1327,179.0,10.18
A005,2026-11-09,1328,184.0,11.03
A005,2026-11-09,1329,184.0,10.91
A005,2026-11-09,1330,185.0,12.41
A005,2026-11-09,1331,182.0,10.79
A005,2026-11-09,1332,179.0,11.48
A005,2026-11-09,1333,180.0,9.74
A005,2026-11-09,1334,177.0,11.21
A005,2026-11-09,1335,177.0,10.7
A005,2026-11-09,1336,180.0,10.68
A005,2026-11-09,1337,181.0,10.65
A005,2026-11-09,1338,183.0,11.47
A005,2026-11-09,1339,179.0,10.56
A005,2026-11-09,1340,176.0,9.9
A005,2026-11-09,1341,178.0,9.96
A005,2026-11-09,1342,178.0,10.78
A005,2026-11-09,1343,177.0,10.52
A005,2026-11-09,1344,178.0,9.29
A005,2026-11-09,1345,175.0,10.48
A005,2026-11-09,1346,178.0,9.49
A005,2026-11-09,1347,178.0,10.36
A005,2026-11-09,1348,180.0,9.57
A005,2026-11-09,1349,177.0,9.85
A005,2026-11-09,1350,178.0,9.65
A005,2026-11-09,1351,175.0,10.85
A005,2026-11-09,1352,175.0,10.14
A005,2026-11-09,1353,178.0,10.62
A005,2026-11-09,1354,173.0,11.56
A005,2026-11-09,1355,174.0,9.82
A005,2026-11-09,1356,177.0,10.65
A005,2026-11-09,1357,174.0,9.3
A005,2026-11-09,1358,174.0,10.43
A005,2026-11-09,1359,173.0,9.16
A005,2026-11-09,1360,174.0,9.59
A005,2026-11-09,1361,176.0,9.89
A005,2026-11-09,1362,175.0,9.95
A005,2026-11-09,1363,173.0,8.74
A005,2026-11-09,1364,175.0,8.94
A005,2026-11-09,1365,173.0,9.8
A005,2026-11-09,1366,174.0,9.17
A005,2026-11-09,1367,170.0,8.52
A005,2026-11-09,1368,175.0,9.29
A005,2026-11-09,1369,172.0,9.22
A005,2026-11-09,1370,166.0,9.37
A005,2026-11-09,1371,175.0,9.55
A005,2026-11-09,1372,171.0,9.48
A005,2026-11-09,1373,170.0,8.71
A005,2026-11-09,1374,169.0,8.89
A005,2026-11-09,1375,171.0,9.67
A005,2026-11-09,1376,169.0,8.75
A005,2026-11-09,1377,169.0,8.81
A005,2026-11-09,1378,169.0,8.12
A005,2026-11-09,1379,169.0,8.98
A005,2026-11-09,1380,169.0,9.18
A005,2026-11-09,1381,171.0,7.76
A005,2026-11-09,1382,170.0,8.27
A005,2026-11-09,1383,170.0,8.04
A005,2026-11-09,1384,170.0,9.34
A005,2026-11-09,1385,169.0,7.7
A005,2026-11-09,1386,167.0,8.77
A005,2026-11-09,1387,172.0,9.23
A005,2026-11-09,1388,170.0,8.89
A005,2026-11-09,1389,171.0,8.49
A005,2026-11-09,1390,170.0,8.95
A005,2026-11-09,1391,167.0,9.34
A005,2026-11-09,1392,163.0,8.64
A005,2026-11-09,1393,165.0,7.34
A005,2026-11-09,1394,169.0,9.35
A005,2026-11-09,1395,167.0,8.89
A005,2026-11-09,1396,166.0,8.61
A005,2026-11-09,1397,162.0,7.43
A005,2026-11-09,1398,167.0,8.43
A005,2026-11-09,1399,165.0,8.07
A005,2026-11-09,1400,166.0,7.85
A005,2026-11-09,1401,169.0,8.49
A005,2026-11-09,1402,165.0,8.24
A005,2026-11-09,1403,165.0,8.27
A005,2026-11-09,1404,167.0,8.98
A005,2026-11-09,1405,168.0,8.69
A005,2026-11-09,1406,166.0,8.23
A005,2026-11-09,1407,169.0,8.15
A005,2026-11-09,1408,164.0,8.24
A005,2026-11-09,1409,164.0,8.36
A005,2026-11-09,1410,163.0,8.86
A005,2026-11-09,1411,163.0,7.88
A005,2026-11-09,1412,167.0,9.38
A005,2026-11-09,1413,164.0,8.85
A005,2026-11-09,1414,164.0,6.86
A005,2026-11-09,1415,167.0,8.55
A005,2026-11-09,1416,168.0,9.13
A005,2026-11-09,1417,169.0,8.74
A005,2026-11-09,1418,168.0,8.26
A005,2026-11-09,1419,165.0,8.48
A005,2026-11-09,1420,167.0,8.62
A005,2026-11-09,1421,168.0,8.98
A005,2026-11-09,1422,166.0,7.68
A005,2026-11-09,1423,167.0,8.17
A005,2026-11-09,1424,164.0,9.53
A005,2026-11-09,1425,166.0,8.57
A005,2026-11-09,1426,168.0,9.48
A005,2026-11-09,1427,170.0,10.37
A005,2026-11-09,1428,169.0,8.29
A005,2026-11-09,1429,168.0,7.88
A005,2026-11-09,1430,167.0,8.45
A005,2026-11-09,1431,167.0,9.29
A005,2026-11-09,1432,164.0,9.39
A005,2026-11-09,1433,166.0,10.02
A005,2026-11-09,1434,166.0,8.65
A005,2026-11-09,1435,169.0,8.98
A005,2026-11-09,1436,170.0,8.28
A005,2026-11-09,1437,169.0,7.22
A005,2026-11-09,1438,170.0,8.72
A005,2026-11-09,1439,168.0,8.08
A005,2026-11-09,1440,166.0,9.18
A005,2026-11-09,1441,168.0,7.68
A005,2026-11-09,1442,167.0,8.39
A005,2026-11-09,1443,170.0,9.02
A005,2026-11-09,1444,168.0,9.1
A005,2026-11-09,1445,169.0,8.88
A005,2026-11-09,1446,171.0,10.05
A005,2026-11-09,1447,168.0,9.9
A005,2026-11-09,1448,172.0,8.57
A005,2026-11-09,1449,167.0,9.98
A005,2026-11-09,1450,171.0,10.1
A005,2026-11-09,1451,170.0,8.99
A005,2026-11-09,1452,172.0,9.12
A005,2026-11-09,1453,168.0,9.1
A005,2026-11-09,1454,168.0,8.77
A005,2026-11-09,1455,172.0,8.86
A005,2026-11-09,1456,170.0,10.01
A005,2026-11-09,1457,171.0,9.51
A005,2026-11-09,1458,170.0,8.95
A005,2026-11-09,1459,174.0,8.76
A005,2026-11-09,1460,173.0,8.89
A005,2026-11-09,1461,173.0,9.28
A005,2026-11-09,1462,170.0,9.96
A005,2026-11-09,1463,174.0,8.93
A005,2026-11-09,1464,171.0,10.02
A005,2026-11-09,1465,172.0,9.64
A005,2026-11-09,1466,171.0,9.64
A005,2026-11-09,1467,173.0,10.21
A005,2026-11-09,1468,176.0,10.13
A005,2026-11-09,1469,175.0,8.82
A005,2026-11-09,1470,174.0,9.05
A005,2026-11-09,1471,175.0,9.6
A005,2026-11-09,1472,175.0,9.99
A005,2026-11-09,1473,175.0,10.63
A005,2026-11-09,1474,176.0,9.89
A005,2026-11-09,1475,174.0,10.91
A005,2026-11-09,1476,176.0,9.5
A005,2026-11-09,1477,173.0,9.64
A005,2026-11-09,1478,178.0,9.82
A005,2026-11-09,1479,174.0,9.55
A005,2026-11-09,1480,179.0,10.77
A005,2026-11-09,1481,172.0,8.46
A005,2026-11-09,1482,181.0,9.85
A005,2026-11-09,1483,174.0,10.88
A005,2026-11-09,1484,176.0,10.05
A005,2026-11-09,1485,179.0,10.92
A005,2026-11-09,1486,180.0,11.63
A005,2026-11-09,1487,178.0,10.4
A005,2026-11-09,1488,181.0,11.09
A005,2026-11-09,1489,178.0,11.88
A005,2026-11-09,1490,179.0,10.71
A005,2026-11-09,1491,179.0,10.48
A005,2026-11-09,1492,179.0,11.09
A005,2026-11-09,1493,176.0,11.29
A005,2026-11-09,1494,180.0,10.6
A005,2026-11-09,1495,181.0,10.37
A005,2026-11-09,1496,183.0,11.73
A005,2026-11-09,1497,179.0,10.57
A005,2026-11-09,1498,180.0,11.49
A005,2026-11-09,1499,184.0,10.97
A005,2026-11-09,1500,183.0,11.94
A005,2026-11-09,1501,183.0,10.37
A005,2026-11-09,1502,183.0,10.41
A005,2026-11-09,1503,184.0,11.47
A005,2026-11-09,1504,187.0,10.31
A005,2026-11-09,1505,183.0,11.09
A005,2026-11-09,1506,181.0,11.99
A005,2026-11-09,1507,185.0,10.02
A005,2026-11-09,1508,183.0,11.37
A005,2026-11-09,1509,184.0,11.89
A005,2026-11-09,1510,185.0,11.18
A005,2026-11-09,1511,183.0,10.67
A005,2026-11-09,1512,184.0,11.1
A005,2026-11-09,1513,186.0,10.79
A005,2026-11-09,1514,184.0,11.36
A005,2026-11-09,1515,187.0,11.18
A005,2026-11-09,1516,184.0,11.07
A005,2026-11-09,1517,184.0,11.69
A005,2026-11-09,1518,190.0,12.39
A005,2026-11-09,1519,183.0,11.66
A005,2026-11-09,1520,186.0,12.3
A005,2026-11-09,1521,190.0,12.47
A005,2026-11-09,1522,187.0,11.2
A005,2026-11-09,1523,190.0,11.74
A005,2026-11-09,1524,188.0,11.34
A005,2026-11-09,1525,187.0,10.73
A005,2026-11-09,1526,187.0,11.86
A005,2026-11-09,1527,183.0,11.04
A005,2026-11-09,1528,187.0,11.98
A005,2026-11-09,1529,188.0,10.78
A005,2026-11-09,1530,188.0,11.84
A005,2026-11-09,1531,193.0,10.81
A005,2026-11-09,1532,189.0,12.18
A005,2026-11-09,1533,190.0,11.56
A005,2026-11-09,1534,191.0,11.52
A005,2026-11-09,1535,190.0,12.5
A005,2026-11-09,1536,188.0,11.65
A005,2026-11-09,1537,189.0,11.93
A005,2026-11-09,1538,188.0,11.76
A005,2026-11-09,1539,190.0,12.19
A005,2026-11-09,1540,189.0,12.53
A005,2026-11-09,1541,190.0,12.42
A005,2026-11-09,1542,187.0,11.65
A005,2026-11-09,1543,190.0,12.66
A005,2026-11-09,1544,192.0,11.4
A005,2026-11-09,1545,189.0,11.51
A005,2026-11-09,1546,193.0,11.89
A005,2026-11-09,1547,190.0,12.6
A005,2026-11-09,1548,189.0,11.28
A005,2026-11-09,1549,190.0,12.52
A005,2026-11-09,1550,189.0,11.96
A005,2026-11-09,1551,186.0,11.73
A005,2026-11-09,1552,191.0,12.65
A005,2026-11-09,1553,194.0,11.52
A005,2026-11-09,1554,191.0,13.37
A005,2026-11-09,1555,191.0,11.89
A005,2026-11-09,1556,189.0,12.09
A005,2026-11-09,1557,192.0,12.92
A005,2026-11-09,1558,190.0,12.1
A005,2026-11-09,1559,190.0,12.71
A005,2026-11-09,1560,187.0,10.82
A005,2026-11-09,1561,189.0,11.72
A005,2026-11-09,1562,190.0,12.22
A005,2026-11-09,1563,191.0,12.62
A005,2026-11-09,1564,191.0,12.43
A005,2026-11-09,1565,186.0,12.36
A005,2026-11-09,1566,186.0,12.59
A005,2026-11-09,1567,190.0,12.22
A005,2026-11-09,1568,188.0,10.64
A005,2026-11-09,1569,191.0,12.78
A005,2026-11-09,1570,186.0,11.4
A005,2026-11-09,1571,189.0,12.08
A005,2026-11-09,1572,189.0,11.99
A005,2026-11-09,1573,190.0,11.89
A005,2026-11-09,1574,187.0,11.18
A005,2026-11-09,1575,185.0,10.67
A005,2026-11-09,1576,189.0,11.21
A005,2026-11-09,1577,189.0,12.29
A005,2026-11-09,1578,190.0,10.91
A005,2026-11-09,1579,187.0,11.23
A005,2026-11-09,1580,190.0,11.99
A005,2026-11-09,1581,189.0,11.1
A005,2026-11-09,1582,190.0,11.37
A005,2026-11-09,1583,187.0,11.72
A005,2026-11-09,1584,184.0,11.82
A005,2026-11-09,1585,187.0,11.0
A005,2026-11-09,1586,187.0,11.69
A005,2026-11-09,1587,188.0,11.82
A005,2026-11-09,1588,184.0,10.79
A005,2026-11-09,1589,186.0,11.66
A005,2026-11-09,1590,188.0,11.07
A005,2026-11-09,1591,186.0,11.55
A005,2026-11-09,1592,185.0,11.88
A005,2026-11-09,1593,190.0,11.31
A005,2026-11-09,1594,183.0,11.93
A005,2026-11-09,1595,188.0,11.83
A005,2026-11-09,1596,187.0,11.87
A005,2026-11-09,1597,185.0,11.54
A005,2026-11-09,1598,185.0,11.92
A005,2026-11-09,1599,185.0,11.46
A005,2026-11-09,1600,185.0,10.2
A005,2026-11-09,1601,183.0,10.69
A005,2026-11-09,1602,183.0,11.01
A005,2026-11-09,1603,183.0,11.05
A005,2026-11-09,1604,183.0,11.28
A005,2026-11-09,1605,183.0,10.55
A005,2026-11-09,1606,179.0,12.2
A005,2026-11-09,1607,183.0,10.9
A005,2026-11-09,1608,181.0,10.92
A005,2026-11-09,1609,179.0,10.48
A005,2026-11-09,1610,181.0,10.25
A005,2026-11-09,1611,181.0,10.74
A005,2026-11-09,1612,184.0,10.79
A005,2026-11-09,1613,180.0,10.69
A005,2026-11-09,1614,182.0,11.7
A005,2026-11-09,1615,184.0,10.59
A005,2026-11-09,1616,179.0,10.58
A005,2026-11-09,1617,180.0,11.08
A005,2026-11-09,1618,184.0,10.45
A005,2026-11-09,1619,180.0,10.84
A005,2026-11-09,1620,180.0,9.71
A005,2026-11-09,1621,178.0,9.67
A005,2026-11-09,1622,180.0,10.47
A005,2026-11-09,1623,179.0,10.22
A005,2026-11-09,1624,175.0,9.83
A005,2026-11-09,1625,178.0,10.35
A005,2026-11-09,1626,176.0,10.37
A005,2026-11-09,1627,178.0,9.78
A005,2026-11-09,1628,176.0,9.85
A005,2026-11-09,1629,178.0,10.25
A005,2026-11-09,1630,177.0,9.47
A005,2026-11-09,1631,174.0,9.68
A005,2026-11-09,1632,175.0,10.33
A005,2026-11-09,1633,177.0,9.96
A005,2026-11-09,1634,178.0,9.65
A005,2026-11-09,1635,174.0,9.35
A005,2026-11-09,1636,173.0,9.25
A005,2026-11-09,1637,179.0,9.74
A005,2026-11-09,1638,175.0,11.0
A005,2026-11-09,1639,175.0,10.08
A005,2026-11-09,1640,173.0,8.91
A005,2026-11-09,1641,175.0,10.09
A005,2026-11-09,1642,177.0,9.18
A005,2026-11-09,1643,174.0,9.59
A005,2026-11-09,1644,176.0,9.21
A005,2026-11-09,1645,173.0,10.74
A005,2026-11-09,1646,171.0,8.81
A005,2026-11-09,1647,171.0,9.64
A005,2026-11-09,1648,170.0,9.01
A005,2026-11-09,1649,173.0,9.83
A005,2026-11-09,1650,175.0,9.53
A005,2026-11-09,1651,172.0,10.07
A005,2026-11-09,1652,171.0,9.72
A005,2026-11-09,1653,170.0,8.84
A005,2026-11-09,1654,172.0,10.97
A005,2026-11-09,1655,169.0,9.52
A005,2026-11-09,1656,169.0,8.83
A005,2026-11-09,1657,172.0,9.25
A005,2026-11-09,1658,170.0,9.48
A005,2026-11-09,1659,170.0,9.43
A005,2026-11-09,1660,170.0,9.34
A005,2026-11-09,1661,171.0,9.6
A005,2026-11-09,1662,170.0,9.51
A005,2026-11-09,1663,168.0,8.45
A005,2026-11-09,1664,168.0,10.2
A005,2026-11-09,1665,169.0,10.09
A005,2026-11-09,1666,170.0,9.37
A005,2026-11-09,1667,169.0,8.89
A005,2026-11-09,1668,168.0,8.87
A005,2026-11-09,1669,169.0,8.62
A005,2026-11-09,1670,168.0,8.68
A005,2026-11-09,1671,167.0,7.46
A005,2026-11-09,1672,170.0,9.67
A005,2026-11-09,1673,167.0,9.44
A005,2026-11-09,1674,168.0,7.71
A005,2026-11-09,1675,164.0,9.23
A005,2026-11-09,1676,167.0,8.67
A005,2026-11-09,1677,165.0,8.54
A005,2026-11-09,1678,165.0,8.94
A005,2026-11-09,1679,172.0,7.58
A005,2026-11-09,1680,168.0,8.61
A005,2026-11-09,1681,170.0,8.65
A005,2026-11-09,1682,169.0,8.64
A005,2026-11-09,1683,169.0,7.76
A005,2026-11-09,1684,166.0,8.83
A005,2026-11-09,1685,170.0,9.19
A005,2026-11-09,1686,168.0,8.79
A005,2026-11-09,1687,167.0,8.4
A005,2026-11-09,1688,167.0,10.14
A005,2026-11-09,1689,166.0,7.97
A005,2026-11-09,1690,167.0,8.98
A005,2026-11-09,1691,166.0,8.66
A005,2026-11-09,1692,167.0,9.72
A005,2026-11-09,1693,170.0,8.74
A005,2026-11-09,1694,164.0,8.86
A005,2026-11-09,1695,169.0,8.8
A005,2026-11-09,1696,166.0,7.87
A005,2026-11-09,1697,169.0,7.98
A005,2026-11-09,1698,166.0,8.34
A005,2026-11-09,1699,167.0,9.08
A005,2026-11-09,1700,166.0,8.65
A005,2026-11-09,1701,163.0,8.38
A005,2026-11-09,1702,170.0,9.34
A005,2026-11-09,1703,165.0,7.33
A005,2026-11-09,1704,167.0,7.75
A005,2026-11-09,1705,165.0,7.03
A005,2026-11-09,1706,164.0,9.26
A005,2026-11-09,1707,166.0,8.49
A005,2026-11-09,1708,166.0,9.14
A005,2026-11-09,1709,165.0,8.5
A005,2026-11-09,1710,167.0,9.19
A005,2026-11-09,1711,164.0,8.51
A005,2026-11-09,1712,167.0,8.85
A005,2026-11-09,1713,167.0,8.77
A005,2026-11-09,1714,162.0,8.83
A005,2026-11-09,1715,166.0,9.66
A005,2026-11-09,1716,168.0,7.69
A005,2026-11-09,1717,165.0,8.64
A005,2026-11-09,1718,169.0,8.82
A005,2026-11-09,1719,169.0,8.74
A005,2026-11-09,1720,166.0,8.5
A005,2026-11-09,1721,168.0,8.43
A005,2026-11-09,1722,170.0,9.69
A005,2026-11-09,1723,167.0,8.75
A005,2026-11-09,1724,168.0,10.28
A005,2026-11-09,1725,171.0,9.16
A005,2026-11-09,1726,167.0,8.69
A005,2026-11-09,1727,170.0,9.22
A005,2026-11-09,1728,167.0,8.98
A005,2026-11-09,1729,169.0,9.74
A005,2026-11-09,1730,170.0,8.26
A005,2026-11-09,1731,165.0,7.91
A005,2026-11-09,1732,169.0,9.23
A005,2026-11-09,1733,171.0,9.55
A005,2026-11-09,1734,171.0,9.25
A005,2026-11-09,1735,169.0,9.51
A005,2026-11-09,1736,168.0,9.45
A005,2026-11-09,1737,172.0,8.28
A005,2026-11-09,1738,170.0,9.36
A005,2026-11-09,1739,172.0,10.02
A005,2026-11-09,1740,172.0,9.36
A005,2026-11-09,1741,171.0,8.5
A005,2026-11-09,1742,174.0,9.12
A005,2026-11-09,1743,171.0,9.69
A005,2026-11-09,1744,175.0,10.47
A005,2026-11-09,1745,175.0,8.25
A005,2026-11-09,1746,175.0,9.67
A005,2026-11-09,1747,173.0,8.93
A005,2026-11-09,1748,178.0,9.83
A005,2026-11-09,1749,174.0,9.92
A005,2026-11-09,1750,174.0,9.46
A005,2026-11-09,1751,174.0,10.01
A005,2026-11-09,1752,172.0,10.36
A005,2026-11-09,1753,177.0,9.61
A005,2026-11-09,1754,174.0,8.94
A005,2026-11-09,1755,177.0,10.64
A005,2026-11-09,1756,178.0,10.32
A005,2026-11-09,1757,177.0,10.2
A005,2026-11-09,1758,174.0,9.48
A005,2026-11-09,1759,175.0,10.53
A005,2026-11-09,1760,171.0,11.2
A005,2026-11-09,1761,176.0,9.94
A005,2026-11-09,1762,178.0,10.11
A005,2026-11-09,1763,177.0,9.45
A005,2026-11-09,1764,176.0,9.7
A005,2026-11-09,1765,177.0,9.52
A005,2026-11-09,1766,180.0,10.28
A005,2026-11-09,1767,178.0,10.04
A005,2026-11-09,1768,182.0,10.51
A005,2026-11-09,1769,177.0,9.79
A005,2026-11-09,1770,179.0,10.26
A005,2026-11-09,1771,178.0,9.83
A005,2026-11-09,1772,183.0,10.55
A005,2026-11-09,1773,180.0,9.5
A005,2026-11-09,1774,184.0,10.61
A005,2026-11-09,1775,179.0,10.39
A005,2026-11-09,1776,183.0,10.7
A005,2026-11-09,1777,181.0,9.64
A005,2026-11-09,1778,183.0,11.06
A005,2026-11-09,1779,179.0,10.53
A005,2026-11-09,1780,182.0,10.87
A005,2026-11-09,1781,179.0,9.66
A005,2026-11-09,1782,182.0,10.07
A005,2026-11-09,1783,179.0,10.62
A005,2026-11-09,1784,182.0,11.72
A005,2026-11-09,1785,185.0,11.24
A005,2026-11-09,1786,184.0,11.04
A005,2026-11-09,1787,181.0,10.44
A005,2026-11-09,1788,179.0,10.37
A005,2026-11-09,1789,184.0,11.23
A005,2026-11-09,1790,187.0,11.52
A005,2026-11-09,1791,182.0,11.26
A005,2026-11-09,1792,188.0,12.19
A005,2026-11-09,1793,184.0,10.79
A005,2026-11-09,1794,181.0,11.34
A005,2026-11-09,1795,182.0,10.25
A005,2026-11-09,1796,187.0,11.42
A005,2026-11-09,1797,185.0,12.21
A005,2026-11-09,1798,188.0,10.73
A005,2026-11-09,1799,183.0,11.89
A005,2026-11-09,1800,186.0,12.28
A005,2026-11-09,1801,186.0,11.03
A005,2026-11-09,1802,186.0,11.75
A005,2026-11-09,1803,186.0,12.45
A005,2026-11-09,1804,186.0,11.67
A005,2026-11-09,1805,187.0,12.03
A005,2026-11-09,1806,188.0,10.52
A005,2026-11-09,1807,188.0,11.96
A005,2026-11-09,1808,190.0,11.94
A005,2026-11-09,1809,185.0,10.86
A005,2026-11-09,1810,184.0,11.1
A005,2026-11-09,1811,190.0,12.06
A005,2026-11-09,1812,186.0,11.54
A005,2026-11-09,1813,187.0,12.41
A005,2026-11-09,1814,187.0,11.95
A005,2026-11-09,1815,187.0,11.81
A005,2026-11-09,1816,185.0,11.7
A005,2026-11-09,1817,187.0,11.99
A005,2026-11-09,1818,190.0,12.31
A005,2026-11-09,1819,189.0,12.17
A005,2026-11-09,1820,190.0,11.61
A005,2026-11-09,1821,188.0,12.62
A005,2026-11-09,1822,191.0,12.29
A005,2026-11-09,1823,188.0,12.14
A005,2026-11-09,1824,185.0,11.97
A005,2026-11-09,1825,190.0,12.23
A005,2026-11-09,1826,191.0,10.84
A005,2026-11-09,1827,188.0,12.09
A005,2026-11-09,1828,192.0,12.94
A005,2026-11-09,1829,188.0,12.1
A005,2026-11-09,1830,191.0,12.02
A005,2026-11-09,1831,193.0,11.62
A005,2026-11-09,1832,190.0,12.28
A005,2026-11-09,1833,189.0,11.87
A005,2026-11-09,1834,189.0,12.78
A005,2026-11-09,1835,193.0,11.48
A005,2026-11-09,1836,190.0,11.73
A005,2026-11-09,1837,194.0,11.64
A005,2026-11-09,1838,190.0,13.1
A005,2026-11-09,1839,188.0,11.89
A005,2026-11-09,1840,189.0,11.67
A005,2026-11-09,1841,190.0,10.74
A005,2026-11-09,1842,186.0,11.45
A005,2026-11-09,1843,189.0,12.31
A005,2026-11-09,1844,189.0,12.3
A005,2026-11-09,1845,190.0,11.59
A005,2026-11-09,1846,193.0,11.61
A005,2026-11-09,1847,190.0,13.08
A005,2026-11-09,1848,186.0,13.57
A005,2026-11-09,1849,188.0,12.64
A005,2026-11-09,1850,190.0,12.87
A005,2026-11-09,1851,189.0,12.99
A005,2026-11-09,1852,192.0,13.24
A005,2026-11-09,1853,191.0,11.72
A005,2026-11-09,1854,191.0,11.36
A005,2026-11-09,1855,188.0,12.97
A005,2026-11-09,1856,191.0,11.28
A005,2026-11-09,1857,187.0,11.23
A005,2026-11-09,1858,190.0,11.22
A005,2026-11-09,1859,188.0,11.73
A005,2026-11-09,1860,185.0,10.6
A005,2026-11-09,1861,189.0,10.91
A005,2026-11-09,1862,191.0,11.38
A005,2026-11-09,1863,187.0,11.02
A005,2026-11-09,1864,191.0,12.35
A005,2026-11-09,1865,184.0,11.69
A005,2026-11-09,1866,185.0,12.01
A005,2026-11-09,1867,187.0,11.93
A005,2026-11-09,1868,186.0,11.5
A005,2026-11-09,1869,186.0,12.19
A005,2026-11-09,1870,187.0,11.84
A005,2026-11-09,1871,186.0,11.35
A005,2026-11-09,1872,186.0,10.51
A005,2026-11-09,1873,187.0,11.8
A005,2026-11-09,1874,185.0,10.71
A005,2026-11-09,1875,186.0,11.66
A005,2026-11-09,1876,184.0,11.45
A005,2026-11-09,1877,183.0,10.56
A005,2026-11-09,1878,187.0,11.5
A005,2026-11-09,1879,189.0,11.43
A005,2026-11-09,1880,187.0,11.4
A005,2026-11-09,1881,185.0,11.34
A005,2026-11-09,1882,183.0,10.83
A005,2026-11-09,1883,184.0,11.54
A005,2026-11-09,1884,186.0,10.74
A005,2026-11-09,1885,179.0,10.48
A005,2026-11-09,1886,183.0,11.49
A005,2026-11-09,1887,185.0,11.62
A005,2026-11-09,1888,181.0,11.38
A005,2026-11-09,1889,184.0,10.86
A005,2026-11-09,1890,183.0,9.79
A005,2026-11-09,1891,180.0,11.8
A005,2026-11-09,1892,182.0,9.7
A005,2026-11-09,1893,181.0,11.19
A005,2026-11-09,1894,183.0,12.07
A005,2026-11-09,1895,183.0,10.86
A005,2026-11-09,1896,182.0,10.91
A005,2026-11-09,1897,181.0,10.92
A005,2026-11-09,1898,181.0,10.77
A005,2026-11-09,1899,178.0,12.03
A005,2026-11-09,1900,180.0,10.07
A005,2026-11-09,1901,178.0,9.96
A005,2026-11-09,1902,182.0,10.31
A005,2026-11-09,1903,181.0,11.51
A005,2026-11-09,1904,181.0,10.08
A005,2026-11-09,1905,182.0,10.64
A005,2026-11-09,1906,178.0,10.99
A005,2026-11-09,1907,177.0,10.78
A005,2026-11-09,1908,177.0,10.88
A005,2026-11-09,1909,175.0,11.08
A005,2026-11-09,1910,175.0,10.38
A005,2026-11-09,1911,179.0,9.88
A005,2026-11-09,1912,174.0,10.2
A005,2026-11-09,1913,175.0,9.87
A005,2026-11-09,1914,176.0,11.55
A005,2026-11-09,1915,176.0,9.68
A005,2026-11-09,1916,178.0,10.25
A005,2026-11-09,1917,176.0,9.02
A005,2026-11-09,1918,174.0,9.96
A005,2026-11-09,1919,177.0,9.67
A005,2026-11-09,1920,177.0,10.21
A005,2026-11-09,1921,172.0,10.19
A005,2026-11-09,1922,175.0,10.58
A005,2026-11-09,1923,173.0,10.5
A005,2026-11-09,1924,173.0,9.62
A005,2026-11-09,1925,178.0,9.06
A005,2026-11-09,1926,174.0,9.09
A005,2026-11-09,1927,173.0,9.73
A005,2026-11-09,1928,173.0,9.61
A005,2026-11-09,1929,175.0,9.64
A005,2026-11-09,1930,171.0,9.12
A005,2026-11-09,1931,171.0,10.27
A005,2026-11-09,1932,174.0,8.49
A005,2026-11-09,1933,169.0,8.99
A005,2026-11-09,1934,174.0,8.66
A005,2026-11-09,1935,168.0,9.15
A005,2026-11-09,1936,171.0,9.99
A005,2026-11-09,1937,168.0,9.04
A005,2026-11-09,1938,169.0,9.24
A005,2026-11-09,1939,173.0,9.55
A005,2026-11-09,1940,173.0,8.92
A005,2026-11-09,1941,173.0,9.32
A005,2026-11-09,1942,167.0,9.22
A005,2026-11-09,1943,168.0,8.36
A005,2026-11-09,1944,170.0,8.73
A005,2026-11-09,1945,171.0,9.19
A005,2026-11-09,1946,168.0,9.72
A005,2026-11-09,1947,168.0,9.7
A005,2026-11-09,1948,167.0,10.16
A005,2026-11-09,1949,172.0,9.17
A005,2026-11-09,1950,168.0,8.61
A005,2026-11-09,1951,169.0,8.79
A005,2026-11-09,1952,169.0,8.74
A005,2026-11-09,1953,171.0,8.54
A005,2026-11-09,1954,166.0,9.0
A005,2026-11-09,1955,170.0,9.0
A005,2026-11-09,1956,165.0,8.02
A005,2026-11-09,1957,170.0,9.36
A005,2026-11-09,1958,164.0,7.59
A005,2026-11-09,1959,167.0,8.54
A005,2026-11-09,1960,171.0,9.35
A005,2026-11-09,1961,169.0,9.01
A005,2026-11-09,1962,168.0,8.41
A005,2026-11-09,1963,165.0,9.79
A005,2026-11-09,1964,166.0,8.33
A005,2026-11-09,1965,170.0,7.39
A005,2026-11-09,1966,168.0,8.85
A005,2026-11-09,1967,169.0,7.5
A005,2026-11-09,1968,167.0,8.06
A005,2026-11-09,1969,166.0,8.92
A005,2026-11-09,1970,168.0,8.26
A005,2026-11-09,1971,167.0,8.88
A005,2026-11-09,1972,166.0,7.83
A005,2026-11-09,1973,164.0,9.03
A005,2026-11-09,1974,168.0,7.5
A005,2026-11-09,1975,167.0,9.3
A005,2026-11-09,1976,165.0,8.22
A005,2026-11-09,1977,169.0,9.42
A005,2026-11-09,1978,167.0,8.0
A005,2026-11-09,1979,167.0,9.65
A005,2026-11-09,1980,168.0,7.93
A005,2026-11-09,1981,168.0,7.43
A005,2026-11-09,1982,167.0,8.53
A005,2026-11-09,1983,166.0,9.25
A005,2026-11-09,1984,170.0,8.98
A005,2026-11-09,1985,165.0,9.21
A005,2026-11-09,1986,168.0,9.01
A005,2026-11-09,1987,166.0,8.03
A005,2026-11-09,1988,168.0,8.99
A005,2026-11-09,1989,169.0,8.6
A005,2026-11-09,1990,166.0,8.12
A005,2026-11-09,1991,168.0,8.67
A005,2026-11-09,1992,167.0,8.54
A005,2026-11-09,1993,166.0,9.43
A005,2026-11-09,1994,170.0,8.28
A005,2026-11-09,1995,169.0,8.27
A005,2026-11-09,1996,166.0,8.2
A005,2026-11-09,1997,170.0,9.77
A005,2026-11-09,1998,166.0,8.26
A005,2026-11-09,1999,167.0,9.44
A005,2026-11-09,2000,167.0,8.06
A005,2026-11-09,2001,169.0,9.01
A005,2026-11-09,2002,167.0,8.88
A005,2026-11-09,2003,170.0,9.48
A005,2026-11-09,2004,169.0,9.41
A005,2026-11-09,2005,168.0,8.83
A005,2026-11-09,2006,172.0,8.48
A005,2026-11-09,2007,167.0,9.8
A005,2026-11-09,2008,166.0,8.46
A005,2026-11-09,2009,171.0,7.51
A005,2026-11-09,2010,165.0,7.78
A005,2026-11-09,2011,172.0,7.95
A005,2026-11-09,2012,170.0,9.3
A005,2026-11-09,2013,167.0,10.3
A005,2026-11-09,2014,168.0,7.77
A005,2026-11-09,2015,167.0,8.56
A005,2026-11-09,2016,171.0,9.11
A005,2026-11-09,2017,168.0,10.01
A005,2026-11-09,2018,171.0,8.64
A005,2026-11-09,2019,170.0,9.5
A005,2026-11-09,2020,170.0,9.02
A005,2026-11-09,2021,172.0,10.77
A005,2026-11-09,2022,173.0,9.32
A005,2026-11-09,2023,174.0,9.48
A005,2026-11-09,2024,170.0,9.35
A005,2026-11-09,2025,172.0,9.08
A005,2026-11-09,2026,171.0,9.93
A005,2026-11-09,2027,173.0,8.7
A005,2026-11-09,2028,171.0,8.23
A005,2026-11-09,2029,172.0,9.38
A005,2026-11-09,2030,172.0,9.99
A005,2026-11-09,2031,174.0,9.19
A005,2026-11-09,2032,174.0,9.68
A005,2026-11-09,2033,175.0,8.88
A005,2026-11-09,2034,174.0,10.28
A005,2026-11-09,2035,173.0,10.07
A005,2026-11-09,2036,175.0,9.73
A005,2026-11-09,2037,173.0,9.86
A005,2026-11-09,2038,176.0,8.96
A005,2026-11-09,2039,175.0,9.02
A005,2026-11-09,2040,176.0,9.8
A005,2026-11-09,2041,176.0,10.17
A005,2026-11-09,2042,179.0,10.19
A005,2026-11-09,2043,176.0,9.63
A005,2026-11-09,2044,176.0,10.29
A005,2026-11-09,2045,174.0,10.69
A005,2026-11-09,2046,177.0,9.78
A005,2026-11-09,2047,175.0,10.01
A005,2026-11-09,2048,172.0,9.69
A005,2026-11-09,2049,175.0,9.73
A005,2026-11-09,2050,175.0,9.9
A005,2026-11-09,2051,173.0,10.82
A005,2026-11-09,2052,175.0,10.34
A005,2026-11-09,2053,175.0,10.27
A005,2026-11-09,2054,175.0,9.5
A005,2026-11-09,2055,177.0,9.22
A005,2026-11-09,2056,172.0,9.99
A005,2026-11-09,2057,179.0,10.49
A005,2026-11-09,2058,175.0,10.77
A005,2026-11-09,2059,176.0,8.25
A005,2026-11-09,2060,175.0,11.18
A005,2026-11-09,2061,171.0,9.96
A005,2026-11-09,2062,172.0,10.24
A005,2026-11-09,2063,173.0,8.64
A005,2026-11-09,2064,176.0,9.53
A005,2026-11-09,2065,171.0,10.15
A005,2026-11-09,2066,172.0,8.94
A005,2026-11-09,2067,174.0,7.9
A005,2026-11-09,2068,175.0,9.82
A005,2026-11-09,2069,175.0,9.57
A005,2026-11-09,2070,172.0,10.45
A005,2026-11-09,2071,170.0,9.48
A005,2026-11-09,2072,175.0,9.51
A005,2026-11-09,2073,176.0,9.96
A005,2026-11-09,2074,173.0,10.14
A005,2026-11-09,2075,171.0,9.08
A005,2026-11-09,2076,172.0,10.06
A005,2026-11-09,2077,174.0,9.16
A005,2026-11-09,2078,172.0,9.46
A005,2026-11-09,2079,175.0,9.83
A005,2026-11-09,2080,174.0,9.92
A005,2026-11-09,2081,173.0,9.58
A005,2026-11-09,2082,168.0,8.72
A005,2026-11-09,2083,171.0,8.22
A005,2026-11-09,2084,171.0,9.21
A005,2026-11-09,2085,170.0,9.88
A005,2026-11-09,2086,172.0,9.54
A005,2026-11-09,2087,172.0,9.39
A005,2026-11-09,2088,168.0,9.22
A005,2026-11-09,2089,173.0,9.38
A005,2026-11-09,2090,171.0,8.57
A005,2026-11-09,2091,171.0,9.61
A005,2026-11-09,2092,172.0,9.62
A005,2026-11-09,2093,169.0,8.87
A005,2026-11-09,2094,173.0,9.31
A005,2026-11-09,2095,170.0,7.99
A005,2026-11-09,2096,173.0,9.09
A005,2026-11-09,2097,168.0,8.87
A005,2026-11-09,2098,172.0,9.67
A005,2026-11-09,2099,167.0,8.77
A005,2026-11-09,2100,174.0,9.37
A005,2026-11-09,2101,167.0,8.58
A005,2026-11-09,2102,170.0,7.41
A005,2026-11-09,2103,167.0,8.61
A005,2026-11-09,2104,169.0,8.82
A005,2026-11-09,2105,167.0,8.76
A005,2026-11-09,2106,165.0,8.73
A005,2026-11-09,2107,161.0,8.28
A005,2026-11-09,2108,172.0,8.35
A005,2026-11-09,2109,167.0,7.83
A005,2026-11-09,2110,160.0,7.26
A005,2026-11-09,2111,166.0,8.35
A005,2026-11-09,2112,167.0,7.93
A005,2026-11-09,2113,164.0,8.98
A005,2026-11-09,2114,164.0,6.98
A005,2026-11-09,2115,165.0,8.41
A005,2026-11-09,2116,167.0,9.47
A005,2026-11-09,2117,164.0,8.04
A005,2026-11-09,2118,167.0,8.1
A005,2026-11-09,2119,166.0,8.3
A005,2026-11-09,2120,163.0,8.3
A005,2026-11-09,2121,160.0,7.7
A005,2026-11-09,2122,162.0,7.29
A005,2026-11-09,2123,163.0,8.24
A005,2026-11-09,2124,162.0,6.65
A005,2026-11-09,2125,163.0,8.24
A005,2026-11-09,2126,163.0,7.46
A005,2026-11-09,2127,162.0,7.64
A005,2026-11-09,2128,160.0,7.27
A005,2026-11-09,2129,161.0,8.39
A005,2026-11-09,2130,164.0,7.62
A005,2026-11-09,2131,156.0,7.22
A005,2026-11-09,2132,160.0,7.15
A005,2026-11-09,2133,162.0,7.21
A005,2026-11-09,2134,156.0,8.68
A005,2026-11-09,2135,160.0,6.39
A005,2026-11-09,2136,160.0,7.78
A005,2026-11-09,2137,154.0,7.41
A005,2026-11-09,2138,158.0,7.93
A005,2026-11-09,2139,156.0,7.32
A005,2026-11-09,2140,156.0,6.89
A005,2026-11-09,2141,155.0,7.43
A005,2026-11-09,2142,157.0,6.9
A005,2026-11-09,2143,154.0,7.15
A005,2026-11-09,2144,153.0,7.49
A005,2026-11-09,2145,153.0,6.63
A005,2026-11-09,2146,152.0,6.25
A005,2026-11-09,2147,151.0,6.06
A005,2026-11-09,2148,151.0,6.65
A005,2026-11-09,2149,152.0,5.79
A005,2026-11-09,2150,152.0,6.04
A005,2026-11-09,2151,153.0,5.6
A005,2026-11-09,2152,151.0,6.42
A005,2026-11-09,2153,149.0,5.6
A005,2026-11-09,2154,148.0,5.21
A005,2026-11-09,2155,150.0,5.25
A005,2026-11-09,2156,149.0,5.51
A005,2026-11-09,2157,148.0,5.5
A005,2026-11-09,2158,148.0,5.87
A005,2026-11-09,2159,148.0,5.55
A005,2026-11-09,2160,148.0,5.8
A005,2026-11-09,2161,146.0,5.78
A005,2026-11-09,2162,144.0,5.89
A005,2026-11-09,2163,144.0,4.23
A005,2026-11-09,2164,147.0,4.63
A005,2026-11-09,2165,144.0,5.57
A005,2026-11-09,2166,142.0,5.29
A005,2026-11-09,2167,146.0,5.69
A005,2026-11-09,2168,141.0,4.1
A005,2026-11-09,2169,143.0,4.68
A005,2026-11-09,2170,143.0,4.71
A005,2026-11-09,2171,142.0,4.92
A005,2026-11-09,2172,137.0,4.77
A005,2026-11-09,2173,142.0,4.96
A005,2026-11-09,2174,143.0,4.54
A005,2026-11-09,2175,142.0,5.37
A005,2026-11-09,2176,135.0,5.49
A005,2026-11-09,2177,143.0,3.73
A005,2026-11-09,2178,136.0,4.36
A005,2026-11-09,2179,136.0,4.74
A005,2026-11-09,2180,139.0,4.55
A005,2026-11-09,2181,138.0,3.88
A005,2026-11-09,2182,137.0,4.21
A005,2026-11-09,2183,135.0,3.04
A005,2026-11-09,2184,139.0,3.91
A005,2026-11-09,2185,135.0,2.97
A005,2026-11-09,2186,132.0,4.09
A005,2026-11-09,2187,137.0,3.04
A005,2026-11-09,2188,135.0,3.74
A005,2026-11-09,2189,136.0,3.77
A005,2026-11-09,2190,134.0,3.55
A005,2026-11-09,2191,138.0,3.06
A005,2026-11-09,2192,132.0,3.25
A005,2026-11-09,2193,132.0,4.01
A005,2026-11-09,2194,133.0,2.98
A005,2026-11-09,2195,130.0,3.18
A005,2026-11-09,2196,132.0,2.77
A005,2026-11-09,2197,124.0,3.65
A005,2026-11-09,2198,130.0,3.02
A005,2026-11-09,2199,129.0,2.45
A005,2026-11-09,2200,129.0,2.84
A005,2026-11-09,2201,127.0,2.63
A005,2026-11-09,2202,130.0,3.55
A005,2026-11-09,2203,126.0,2.62
A005,2026-11-09,2204,127.0,1.75
A005,2026-11-09,2205,127.0,2.82
A005,2026-11-09,2206,127.0,3.53
A005,2026-11-09,2207,129.0,3.11
A005,2026-11-09,2208,126.0,1.67
A005,2026-11-09,2209,127.0,2.1
A005,2026-11-09,2210,125.0,2.18
A005,2026-11-09,2211,123.0,2.13
A005,2026-11-09,2212,123.0,2.31
A005,2026-11-09,2213,123.0,1.81
A005,2026-11-09,2214,124.0,1.45
A005,2026-11-09,2215,123.0,2.57
A005,2026-11-09,2216,121.0,1.33
A005,2026-11-09,2217,121.0,1.52
A005,2026-11-09,2218,118.0,1.32
A005,2026-11-09,2219,121.0,2.37
A005,2026-11-09,2220,121.0,2.06
A005,2026-11-09,2221,124.0,2.53
A005,2026-11-09,2222,122.0,1.53
A005,2026-11-09,2223,117.0,1.25
A005,2026-11-09,2224,119.0,1.73
A005,2026-11-09,2225,119.0,1.89
A005,2026-11-09,2226,118.0,2.13
A005,2026-11-09,2227,118.0,0.99
A005,2026-11-09,2228,117.0,2.29
A005,2026-11-09,2229,121.0,1.46
A005,2026-11-09,2230,116.0,1.61
A005,2026-11-09,2231,117.0,2.7
A005,2026-11-09,2232,111.0,0.69
A005,2026-11-09,2233,117.0,2.19
A005,2026-11-09,2234,118.0,2.19
A005,2026-11-09,2235,113.0,1.51
A005,2026-11-09,2236,114.0,1.73
A005,2026-11-09,2237,115.0,2.73
A005,2026-11-09,2238,114.0,3.18
A005,2026-11-09,2239,115.0,2.64
A005,2026-11-09,2240,113.0,3.13
A005,2026-11-09,2241,117.0,1.59
A005,2026-11-09,2242,111.0,1.05
A005,2026-11-09,2243,118.0,1.97
A005,2026-11-09,2244,115.0,2.48
A005,2026-11-09,2245,114.0,0.89
A005,2026-11-09,2246,109.0,1.44
A005,2026-11-09,2247,113.0,1.51
A005,2026-11-09,2248,112.0,2.21
A005,2026-11-09,2249,106.0,2.14
A005,2026-11-09,2250,108.0,1.53
A005,2026-11-09,2251,111.0,2.11
A005,2026-11-09,2252,109.0,1.31
A005,2026-11-09,2253,108.0,1.74
A005,2026-11-09,2254,111.0,1.24
A005,2026-11-09,2255,107.0,1.91
A005,2026-11-09,2256,108.0,1.52
A005,2026-11-09,2257,107.0,2.41
A005,2026-11-09,2258,109.0,1.98
A005,2026-11-09,2259,104.0,1.86
A005,2026-11-09,2260,107.0,3.06
A005,2026-11-09,2261,104.0,2.23
A005,2026-11-09,2262,106.0,1.78
A005,2026-11-09,2263,108.0,1.65
A005,2026-11-09,2264,108.0,1.29
A005,2026-11-09,2265,105.0,1.96
A005,2026-11-09,2266,107.0,2.18
A005,2026-11-09,2267,105.0,0.85
A005,2026-11-09,2268,108.0,1.18
A005,2026-11-09,2269,105.0,1.69
A005,2026-11-09,2270,99.0,1.34
A005,2026-11-09,2271,106.0,2.03
A005,2026-11-09,2272,103.0,2.11
A005,2026-11-09,2273,104.0,1.93
A005,2026-11-09,2274,105.0,2.33
A005,2026-11-09,2275,101.0,1.65
A005,2026-11-09,2276,104.0,1.97
A005,2026-11-09,2277,104.0,1.4
A005,2026-11-09,2278,104.0,2.17
A005,2026-11-09,2279,101.0,2.05
A005,2026-11-09,2280,104.0,1.28
A005,2026-11-09,2281,100.0,1.91
A005,2026-11-09,2282,101.0,1.98
A005,2026-11-09,2283,101.0,2.17
A005,2026-11-09,2284,102.0,2.19
A005,2026-11-09,2285,101.0,1.57
A005,2026-11-09,2286,104.0,2.46
A005,2026-11-09,2287,101.0,2.31
A005,2026-11-09,2288,101.0,1.57
A005,2026-11-09,2289,101.0,1.31
A005,2026-11-09,2290,102.0,1.61
A005,2026-11-09,2291,100.0,1.12
A005,2026-11-09,2292,96.0,2.12
A005,2026-11-09,2293,102.0,2.71
A005,2026-11-09,2294,99.0,2.85
A005,2026-11-09,2295,100.0,1.35
A005,2026-11-09,2296,98.0,2.47
A005,2026-11-09,2297,95.0,2.05
A005,2026-11-09,2298,94.0,0.56
A005,2026-11-09,2299,96.0,1.8
A005,2026-11-09,2300,99.0,1.73
A005,2026-11-09,2301,100.0,2.73
A005,2026-11-09,2302,98.0,1.48
A005,2026-11-09,2303,95.0,2.34
A005,2026-11-09,2304,95.0,1.94
A005,2026-11-09,2305,99.0,1.13
A005,2026-11-09,2306,94.0,1.67
A005,2026-11-09,2307,100.0,2.92
A005,2026-11-09,2308,100.0,1.9
A005,2026-11-09,2309,100.0,2.54
A005,2026-11-09,2310,96.0,2.51
A005,2026-11-09,2311,95.0,1.73
A005,2026-11-09,2312,96.0,1.23
A005,2026-11-09,2313,97.0,1.31
A005,2026-11-09,2314,93.0,2.87
A005,2026-11-09,2315,92.0,2.09
A005,2026-11-09,2316,94.0,0.96
A005,2026-11-09,2317,92.0,2.5
A005,2026-11-09,2318,96.0,0.93
A005,2026-11-09,2319,92.0,1.5
A005,2026-11-09,2320,93.0,2.05
A005,2026-11-09,2321,95.0,3.51
A005,2026-11-09,2322,95.0,2.49
A005,2026-11-09,2323,93.0,1.71
A005,2026-11-09,2324,93.0,2.02
A005,2026-11-09,2325,90.0,2.55
A005,2026-11-09,2326,94.0,2.85
A005,2026-11-09,2327,94.0,1.85
A005,2026-11-09,2328,88.0,1.87
A005,2026-11-09,2329,95.0,1.5
A005,2026-11-09,2330,89.0,2.4
A005,2026-11-09,2331,92.0,2.62
A005,2026-11-09,2332,91.0,0.84
A005,2026-11-09,2333,90.0,1.76
A005,2026-11-09,2334,90.0,1.27
A005,2026-11-09,2335,88.0,2.09
A005,2026-11-09,2336,91.0,1.26
A005,2026-11-09,2337,89.0,1.21
A005,2026-11-09,2338,87.0,2.67
A005,2026-11-09,2339,88.0,1.9
A005,2026-11-09,2340,87.0,1.96
A005,2026-11-09,2341,89.0,2.26
A005,2026-11-09,2342,91.0,2.58
A005,2026-11-09,2343,89.0,1.75
A005,2026-11-09,2344,92.0,1.76
A005,2026-11-09,2345,90.0,1.76
A005,2026-11-09,2346,89.0,2.65
A005,2026-11-09,2347,90.0,1.96
A005,2026-11-09,2348,93.0,1.83
A005,2026-11-09,2349,87.0,2.23
A005,2026-11-09,2350,93.0,3.1
A005,2026-11-09,2351,92.0,2.04
A005,2026-11-09,2352,90.0,1.84
A005,2026-11-09,2353,92.0,3.17
A005,2026-11-09,2354,,2.8
A005,2026-11-09,2355,91.0,2.71
A005,2026-11-09,2356,89.0,1.7
A005,2026-11-09,2357,92.0,1.64
A005,2026-11-09,2358,89.0,0.9
A005,2026-11-09,2359,90.0,2.58
A005,2026-11-09,2360,91.0,2.05
A005,2026-11-09,2361,92.0,0.92
A005,2026-11-09,2362,88.0,2.72
A005,2026-11-09,2363,91.0,1.8
A005,2026-11-09,2364,88.0,1.87
A005,2026-11-09,2365,86.0,1.09
A005,2026-11-09,2366,88.0,2.3
A005,2026-11-09,2367,92.0,2.3
A005,2026-11-09,2368,90.0,1.97
A005,2026-11-09,2369,89.0,1.75
A005,2026-11-09,2370,90.0,3.58
A005,2026-11-09,2371,90.0,1.28
A005,2026-11-09,2372,91.0,1.57
A005,2026-11-09,2373,87.0,2.42
A005,2026-11-09,2374,90.0,1.39
A005,2026-11-09,2375,90.0,1.35
A005,2026-11-09,2376,87.0,2.68
A005,2026-11-09,2377,87.0,2.36
A005,2026-11-09,2378,89.0,2.29
A005,2026-11-09,2379,90.0,2.11
A005,2026-11-09,2380,90.0,1.58
A005,2026-11-09,2381,89.0,1.85
A005,2026-11-09,2382,89.0,1.95
A005,2026-11-09,2383,89.0,2.51
A005,2026-11-09,2384,91.0,2.26
A005,2026-11-09,2385,92.0,1.44
A005,2026-11-09,2386,86.0,2.47
A005,2026-11-09,2387,91.0,0.99
A005,2026-11-09,2388,90.0,1.81
A005,2026-11-09,2389,91.0,1.31
A005,2026-11-09,2390,92.0,1.49
A005,2026-11-09,2391,88.0,3.16
A005,2026-11-09,2392,92.0,1.12
A005,2026-11-09,2393,87.0,1.51
A005,2026-11-09,2394,90.0,2.31
A005,2026-11-09,2395,89.0,1.72
A005,2026-11-09,2396,90.0,2.09
A005,2026-11-09,2397,88.0,2.86
A005,2026-11-09,2398,91.0,2.39
A005,2026-11-09,2399,93.0,1.72
